cas operacie,cislo,index prvku,dlzka zoznamu,,,sum,pocet
2.54E-05,95,0,1,,,7.00E-02,
2.48E-05,91,2,5,,,2512,
2.47E-05,91,0,5,,,,
2.45E-05,93,3,6,,,,
2.47E-05,94,1,3,,,,
2.76E-05,94,0,3,,,,
2.44E-05,95,0,1,,,,
2.47E-05,94,0,1,,,,
2.55E-05,94,0,2,,,,
2.52E-05,94,6,10,,,,
3.17E-05,92,0,1,,,,
3.14E-05,93,0,2,,,,
2.47E-05,91,0,5,,,,
2.49E-05,94,11,16,,,,
2.45E-05,94,14,16,,,,
2.46E-05,95,7,18,,,,
2.57E-05,93,7,16,,,,
2.48E-05,95,10,21,,,,
2.48E-05,93,8,12,,,,
2.48E-05,93,3,11,,,,
2.58E-05,95,2,19,,,,
2.44E-05,92,4,25,,,,
2.48E-05,93,15,21,,,,
2.49E-05,92,10,23,,,,
2.53E-05,93,7,23,,,,
2.48E-05,92,19,25,,,,
2.46E-05,91,23,32,,,,
2.46E-05,91,14,34,,,,
2.48E-05,94,30,42,,,,
3.43E-05,95,37,49,,,,
2.48E-05,92,11,41,,,,
2.47E-05,94,13,39,,,,
2.46E-05,91,15,47,,,,
2.47E-05,93,21,39,,,,
2.46E-05,95,17,46,,,,
2.44E-05,95,15,47,,,,
2.44E-05,94,5,37,,,,
2.55E-05,94,15,33,,,,
2.49E-05,91,5,32,,,,
3.74E-05,95,2,29,,,,
2.56E-05,91,30,33,,,,
2.58E-05,95,18,26,,,,
2.66E-05,93,0,16,,,,
2.59E-05,92,9,12,,,,
2.47E-05,95,2,9,,,,
2.90E-05,93,5,14,,,,
7.02E-05,93,2,10,,,,
2.49E-05,91,2,7,,,,
2.47E-05,94,4,6,,,,
2.44E-05,93,0,2,,,,
2.46E-05,93,1,3,,,,
2.84E-05,91,0,1,,,,
3.23E-05,91,2,6,,,,
3.21E-05,93,3,6,,,,
3.57E-05,95,5,12,,,,
3.26E-05,91,5,17,,,,
3.57E-05,91,2,21,,,,
2.55E-05,92,18,28,,,,
2.44E-05,95,5,34,,,,
2.51E-05,94,9,28,,,,
3.15E-05,93,17,29,,,,
2.62E-05,93,1,27,,,,
3.09E-05,91,12,29,,,,
2.54E-05,91,11,28,,,,
2.56E-05,91,0,28,,,,
2.55E-05,95,4,30,,,,
2.47E-05,95,20,28,,,,
2.45E-05,94,18,26,,,,
2.86E-05,91,21,23,,,,
2.47E-05,92,18,22,,,,
2.93E-05,93,5,23,,,,
3.40E-05,91,9,26,,,,
2.49E-05,91,24,26,,,,
2.47E-05,91,10,29,,,,
2.57E-05,93,3,32,,,,
7.80E-05,93,9,14,,,,
2.58E-05,95,2,15,,,,
2.56E-05,94,0,11,,,,
2.58E-05,91,9,16,,,,
3.66E-05,92,8,12,,,,
2.90E-05,91,9,11,,,,
3.19E-05,92,2,20,,,,
2.53E-05,91,10,27,,,,
2.53E-05,91,18,35,,,,
3.51E-05,93,8,34,,,,
2.91E-05,94,12,38,,,,
2.75E-05,91,25,32,,,,
3.45E-05,94,9,26,,,,
3.05E-05,95,9,23,,,,
3.42E-05,91,11,20,,,,
4.02E-05,93,1,17,,,,
2.59E-05,91,14,17,,,,
3.70E-05,92,2,15,,,,
4.28E-05,92,1,15,,,,
4.20E-05,95,8,15,,,,
3.31E-05,94,8,13,,,,
2.53E-05,94,10,12,,,,
3.84E-05,92,7,15,,,,
2.55E-05,92,9,20,,,,
2.56E-05,94,11,20,,,,
3.34E-05,95,7,16,,,,
3.69E-05,91,0,1,,,,
2.48E-05,95,8,13,,,,
2.63E-05,95,7,14,,,,
2.59E-05,92,4,15,,,,
2.57E-05,94,6,16,,,,
2.46E-05,91,0,20,,,,
3.13E-05,91,1,17,,,,
2.58E-05,95,5,16,,,,
2.46E-05,91,4,16,,,,
2.46E-05,95,4,11,,,,
2.46E-05,94,0,7,,,,
2.48E-05,92,6,10,,,,
2.47E-05,92,7,12,,,,
4.01E-05,91,0,1,,,,
2.56E-05,93,1,4,,,,
2.45E-05,92,0,3,,,,
2.53E-05,95,0,1,,,,
2.51E-05,92,0,1,,,,
2.49E-05,94,0,5,,,,
2.61E-05,91,22,26,,,,
2.46E-05,94,0,26,,,,
2.45E-05,92,6,27,,,,
2.50E-05,94,18,31,,,,
2.47E-05,92,15,43,,,,
2.48E-05,92,39,44,,,,
2.47E-05,94,3,35,,,,
2.91E-05,95,18,35,,,,
2.46E-05,91,30,36,,,,
2.44E-05,94,2,25,,,,
2.95E-05,91,8,31,,,,
2.49E-05,92,14,39,,,,
2.49E-05,92,30,42,,,,
2.65E-05,92,17,46,,,,
2.47E-05,92,26,43,,,,
2.46E-05,93,0,41,,,,
2.47E-05,94,28,38,,,,
2.71E-05,94,35,39,,,,
2.46E-05,94,4,36,,,,
2.45E-05,95,7,36,,,,
2.48E-05,93,28,35,,,,
2.45E-05,95,12,37,,,,
2.46E-05,92,8,33,,,,
2.50E-05,95,4,31,,,,
2.45E-05,93,19,31,,,,
2.45E-05,92,5,29,,,,
3.61E-05,94,9,19,,,,
3.58E-05,91,14,18,,,,
2.78E-05,92,16,19,,,,
2.47E-05,91,11,21,,,,
2.45E-05,92,18,25,,,,
2.55E-05,94,20,23,,,,
2.87E-05,94,22,31,,,,
2.54E-05,95,4,23,,,,
2.62E-05,92,15,22,,,,
2.71E-05,91,18,24,,,,
2.57E-05,94,14,26,,,,
4.12E-05,94,4,27,,,,
2.56E-05,93,10,22,,,,
2.50E-05,92,1,10,,,,
3.46E-05,91,7,14,,,,
2.45E-05,92,0,2,,,,
2.56E-05,94,0,2,,,,
2.58E-05,94,0,2,,,,
2.44E-05,94,1,5,,,,
2.71E-05,92,2,5,,,,
2.50E-05,95,10,14,,,,
2.51E-05,93,3,12,,,,
2.50E-05,93,2,10,,,,
3.07E-05,94,4,9,,,,
2.57E-05,93,6,8,,,,
2.60E-05,92,4,7,,,,
2.56E-05,93,8,12,,,,
2.57E-05,91,9,16,,,,
2.54E-05,94,1,16,,,,
2.53E-05,94,8,21,,,,
2.79E-05,95,13,20,,,,
2.46E-05,93,0,19,,,,
2.96E-05,95,4,20,,,,
2.84E-05,94,6,32,,,,
3.34E-05,91,2,33,,,,
2.46E-05,95,5,33,,,,
2.48E-05,92,20,34,,,,
2.61E-05,92,0,36,,,,
2.49E-05,94,1,30,,,,
3.24E-05,91,13,33,,,,
2.51E-05,91,0,29,,,,
2.47E-05,91,2,32,,,,
2.49E-05,95,19,35,,,,
2.92E-05,93,18,35,,,,
2.46E-05,93,2,26,,,,
2.46E-05,94,5,27,,,,
2.54E-05,94,15,24,,,,
2.92E-05,94,17,28,,,,
3.08E-05,92,7,23,,,,
2.55E-05,95,5,19,,,,
4.26E-05,93,4,10,,,,
4.96E-05,95,3,13,,,,
4.18E-05,94,1,14,,,,
3.64E-05,94,5,23,,,,
3.47E-05,93,1,6,,,,
2.48E-05,94,1,3,,,,
2.49E-05,95,0,3,,,,
3.17E-05,94,0,1,,,,
2.46E-05,92,0,6,,,,
2.49E-05,91,7,10,,,,
2.45E-05,95,3,6,,,,
2.44E-05,95,2,11,,,,
2.45E-05,95,6,8,,,,
2.57E-05,95,2,6,,,,
2.48E-05,95,0,2,,,,
2.50E-05,94,0,4,,,,
2.46E-05,93,0,6,,,,
2.50E-05,91,0,4,,,,
2.46E-05,91,1,3,,,,
4.53E-05,93,0,2,,,,
2.44E-05,92,0,1,,,,
2.56E-05,91,1,4,,,,
2.95E-05,92,2,4,,,,
2.45E-05,91,1,4,,,,
2.48E-05,91,0,6,,,,
2.47E-05,95,1,5,,,,
4.22E-05,94,0,2,,,,
2.49E-05,91,7,10,,,,
2.50E-05,92,5,10,,,,
2.46E-05,93,6,8,,,,
3.21E-05,95,8,17,,,,
2.67E-05,93,8,17,,,,
2.46E-05,92,13,27,,,,
2.53E-05,95,14,22,,,,
2.45E-05,94,25,29,,,,
2.54E-05,91,14,25,,,,
2.47E-05,95,14,29,,,,
2.51E-05,93,18,31,,,,
2.46E-05,93,27,37,,,,
2.54E-05,95,17,38,,,,
2.55E-05,95,2,34,,,,
2.49E-05,92,17,37,,,,
2.47E-05,91,21,38,,,,
2.46E-05,91,15,44,,,,
2.46E-05,95,24,46,,,,
2.58E-05,92,5,53,,,,
2.48E-05,94,8,39,,,,
2.48E-05,95,9,36,,,,
3.69E-05,93,47,50,,,,
2.60E-05,92,29,55,,,,
2.53E-05,92,46,55,,,,
3.39E-05,93,61,63,,,,
2.55E-05,94,46,65,,,,
2.46E-05,91,29,70,,,,
2.46E-05,94,4,66,,,,
2.46E-05,93,55,62,,,,
2.47E-05,91,23,54,,,,
2.48E-05,95,47,53,,,,
2.87E-05,95,35,61,,,,
2.44E-05,93,44,56,,,,
2.45E-05,92,10,52,,,,
2.60E-05,95,44,52,,,,
2.49E-05,93,47,53,,,,
2.49E-05,91,27,54,,,,
3.83E-05,91,42,67,,,,
4.01E-05,92,64,69,,,,
2.63E-05,92,34,59,,,,
2.44E-05,92,47,51,,,,
2.54E-05,93,3,52,,,,
2.46E-05,94,25,61,,,,
2.67E-05,94,57,63,,,,
2.48E-05,91,67,71,,,,
2.46E-05,91,40,75,,,,
2.49E-05,93,56,68,,,,
2.68E-05,92,13,70,,,,
2.48E-05,93,14,67,,,,
5.31E-05,92,8,78,,,,
2.54E-05,93,84,91,,,,
2.46E-05,93,34,85,,,,
2.48E-05,93,18,86,,,,
2.66E-05,94,1,87,,,,
2.45E-05,91,0,82,,,,
2.44E-05,95,14,83,,,,
2.45E-05,93,30,87,,,,
3.60E-05,94,22,91,,,,
2.46E-05,95,86,94,,,,
2.45E-05,92,10,81,,,,
2.71E-05,93,60,75,,,,
2.45E-05,95,32,73,,,,
2.77E-05,94,21,77,,,,
2.47E-05,94,44,71,,,,
2.46E-05,91,1,72,,,,
3.26E-05,91,58,76,,,,
2.50E-05,93,41,77,,,,
2.62E-05,93,23,80,,,,
2.46E-05,95,16,79,,,,
2.47E-05,93,61,75,,,,
2.90E-05,92,24,82,,,,
2.45E-05,94,52,85,,,,
2.45E-05,92,65,79,,,,
2.47E-05,94,12,83,,,,
3.52E-05,93,18,88,,,,
2.49E-05,95,19,75,,,,
2.47E-05,93,2,83,,,,
0.0001161,91,63,78,,,,
3.08E-05,94,20,74,,,,
2.59E-05,91,32,75,,,,
2.54E-05,94,62,76,,,,
2.44E-05,91,64,75,,,,
2.54E-05,91,35,65,,,,
2.56E-05,95,10,62,,,,
2.58E-05,91,31,58,,,,
2.46E-05,94,16,60,,,,
2.52E-05,93,59,61,,,,
2.48E-05,95,33,66,,,,
2.46E-05,93,47,50,,,,
2.46E-05,95,32,53,,,,
2.44E-05,91,13,52,,,,
2.46E-05,92,37,59,,,,
2.47E-05,94,32,58,,,,
2.47E-05,91,32,52,,,,
2.47E-05,91,47,51,,,,
2.46E-05,93,3,41,,,,
2.61E-05,94,27,29,,,,
2.48E-05,93,35,44,,,,
0.0005006,92,21,52,,,,
2.48E-05,92,21,46,,,,
2.44E-05,93,19,45,,,,
4.58E-05,92,28,42,,,,
4.40E-05,94,15,44,,,,
3.69E-05,94,43,53,,,,
3.67E-05,95,31,59,,,,
3.78E-05,92,30,60,,,,
2.93E-05,93,26,60,,,,
2.53E-05,91,7,60,,,,
3.65E-05,93,7,46,,,,
3.59E-05,92,54,57,,,,
3.69E-05,92,20,57,,,,
2.48E-05,94,36,59,,,,
2.48E-05,92,30,65,,,,
3.34E-05,94,54,62,,,,
2.47E-05,92,64,67,,,,
2.46E-05,93,27,54,,,,
2.47E-05,91,6,59,,,,
2.45E-05,95,56,60,,,,
2.45E-05,91,32,60,,,,
3.13E-05,94,22,58,,,,
2.45E-05,91,23,71,,,,
2.45E-05,92,6,58,,,,
2.47E-05,92,32,56,,,,
2.46E-05,92,34,61,,,,
3.04E-05,94,26,59,,,,
2.47E-05,95,7,58,,,,
4.00E-05,91,10,50,,,,
2.57E-05,94,10,52,,,,
3.88E-05,94,27,52,,,,
2.54E-05,93,47,55,,,,
2.58E-05,94,48,52,,,,
2.47E-05,91,1,45,,,,
2.49E-05,95,23,43,,,,
2.53E-05,95,33,44,,,,
2.48E-05,95,32,44,,,,
2.56E-05,94,31,44,,,,
2.49E-05,95,42,46,,,,
2.55E-05,92,48,63,,,,
3.55E-05,91,12,64,,,,
3.22E-05,91,11,63,,,,
3.07E-05,95,27,63,,,,
3.19E-05,92,24,45,,,,
2.45E-05,95,25,29,,,,
2.45E-05,92,6,41,,,,
2.49E-05,92,30,47,,,,
2.48E-05,92,3,52,,,,
2.54E-05,91,49,58,,,,
2.55E-05,95,25,55,,,,
3.19E-05,94,22,49,,,,
2.76E-05,92,37,49,,,,
4.22E-05,91,3,55,,,,
2.56E-05,94,22,38,,,,
2.57E-05,92,16,36,,,,
3.69E-05,92,8,58,,,,
2.56E-05,93,11,60,,,,
2.60E-05,92,38,53,,,,
2.58E-05,93,6,56,,,,
2.67E-05,92,37,53,,,,
2.48E-05,94,10,49,,,,
3.55E-05,95,15,52,,,,
2.79E-05,95,14,48,,,,
4.03E-05,91,10,48,,,,
2.44E-05,93,22,43,,,,
2.45E-05,92,14,45,,,,
2.47E-05,95,13,47,,,,
2.49E-05,93,30,42,,,,
2.46E-05,93,16,37,,,,
2.46E-05,92,12,28,,,,
2.45E-05,95,30,32,,,,
2.44E-05,92,29,33,,,,
2.46E-05,95,7,43,,,,
2.65E-05,93,19,46,,,,
3.51E-05,94,36,41,,,,
2.46E-05,93,15,38,,,,
2.60E-05,92,15,39,,,,
2.55E-05,93,31,39,,,,
2.58E-05,94,28,35,,,,
2.46E-05,95,41,43,,,,
2.48E-05,95,39,44,,,,
2.47E-05,91,4,34,,,,
2.47E-05,94,12,36,,,,
2.47E-05,95,12,43,,,,
3.17E-05,94,25,34,,,,
2.44E-05,95,5,33,,,,
2.47E-05,93,25,41,,,,
2.45E-05,95,10,41,,,,
2.48E-05,95,27,43,,,,
2.47E-05,95,41,43,,,,
2.69E-05,91,32,41,,,,
2.48E-05,92,7,38,,,,
2.60E-05,91,14,23,,,,
2.97E-05,94,22,26,,,,
0.0001185,95,7,26,,,,
2.57E-05,92,3,22,,,,
2.55E-05,93,13,18,,,,
2.48E-05,94,17,23,,,,
2.61E-05,95,0,23,,,,
2.46E-05,94,7,26,,,,
2.54E-05,95,16,21,,,,
2.55E-05,93,4,13,,,,
2.47E-05,91,1,10,,,,
2.45E-05,95,4,13,,,,
2.45E-05,94,4,14,,,,
2.68E-05,95,3,11,,,,
3.47E-05,95,0,14,,,,
2.44E-05,95,0,1,,,,
2.45E-05,92,0,2,,,,
2.60E-05,92,0,1,,,,
3.00E-05,93,16,19,,,,
2.46E-05,92,0,19,,,,
2.47E-05,92,8,21,,,,
3.03E-05,94,1,14,,,,
2.92E-05,92,1,5,,,,
2.51E-05,94,12,18,,,,
2.45E-05,91,0,17,,,,
2.54E-05,95,0,12,,,,
2.48E-05,95,0,2,,,,
2.62E-05,91,4,12,,,,
2.45E-05,93,0,8,,,,
2.49E-05,92,4,12,,,,
2.48E-05,95,1,8,,,,
2.46E-05,93,7,19,,,,
2.45E-05,91,3,19,,,,
3.74E-05,92,11,18,,,,
3.83E-05,95,19,35,,,,
2.59E-05,93,10,38,,,,
2.56E-05,95,20,42,,,,
2.57E-05,92,31,43,,,,
3.67E-05,93,36,45,,,,
3.72E-05,95,8,42,,,,
2.55E-05,93,9,46,,,,
3.79E-05,91,39,46,,,,
2.56E-05,93,32,45,,,,
2.47E-05,93,20,44,,,,
2.59E-05,94,11,47,,,,
2.46E-05,91,8,42,,,,
2.47E-05,92,10,35,,,,
2.46E-05,92,32,34,,,,
2.49E-05,92,16,35,,,,
2.48E-05,95,11,38,,,,
3.71E-05,94,21,37,,,,
2.54E-05,95,26,28,,,,
2.93E-05,94,22,26,,,,
2.74E-05,94,21,39,,,,
4.52E-05,95,19,41,,,,
2.82E-05,94,23,43,,,,
3.81E-05,91,30,45,,,,
2.58E-05,91,14,31,,,,
2.56E-05,93,27,30,,,,
2.75E-05,92,16,30,,,,
2.54E-05,93,0,50,,,,
2.54E-05,94,45,51,,,,
2.47E-05,93,20,49,,,,
2.47E-05,95,28,63,,,,
8.66E-05,93,13,58,,,,
2.46E-05,93,48,59,,,,
3.07E-05,93,48,60,,,,
4.04E-05,94,14,56,,,,
2.50E-05,94,47,54,,,,
2.44E-05,95,46,54,,,,
2.48E-05,93,13,53,,,,
2.47E-05,93,35,47,,,,
2.47E-05,94,13,43,,,,
2.48E-05,93,36,48,,,,
6.12E-05,94,44,50,,,,
2.45E-05,95,8,53,,,,
2.70E-05,93,29,52,,,,
2.47E-05,93,42,52,,,,
4.00E-05,95,23,49,,,,
2.45E-05,94,7,47,,,,
2.45E-05,92,29,38,,,,
2.51E-05,93,21,36,,,,
2.44E-05,91,6,50,,,,
2.44E-05,95,5,46,,,,
2.64E-05,91,23,50,,,,
2.45E-05,91,6,40,,,,
2.52E-05,91,30,35,,,,
3.32E-05,95,5,39,,,,
3.13E-05,92,11,42,,,,
2.69E-05,92,16,38,,,,
2.73E-05,91,28,37,,,,
2.47E-05,92,27,34,,,,
2.44E-05,92,11,35,,,,
2.45E-05,92,17,36,,,,
2.46E-05,91,15,23,,,,
2.48E-05,95,3,23,,,,
2.45E-05,93,24,29,,,,
2.47E-05,94,24,28,,,,
2.99E-05,95,20,33,,,,
3.00E-05,91,6,28,,,,
2.54E-05,91,13,33,,,,
2.80E-05,95,20,37,,,,
2.50E-05,95,1,48,,,,
2.51E-05,93,22,45,,,,
3.31E-05,93,46,48,,,,
2.70E-05,91,45,48,,,,
2.47E-05,94,13,57,,,,
2.42E-05,92,47,61,,,,
2.55E-05,94,11,59,,,,
2.55E-05,94,14,58,,,,
2.49E-05,93,53,55,,,,
2.45E-05,91,12,53,,,,
2.48E-05,93,10,44,,,,
2.48E-05,94,36,39,,,,
2.52E-05,92,21,38,,,,
2.45E-05,91,18,33,,,,
3.11E-05,92,14,36,,,,
2.46E-05,93,25,36,,,,
2.46E-05,93,12,36,,,,
2.53E-05,94,1,35,,,,
2.46E-05,92,28,33,,,,
2.45E-05,93,1,37,,,,
2.99E-05,95,4,35,,,,
3.09E-05,92,22,37,,,,
2.46E-05,91,10,26,,,,
2.46E-05,95,18,23,,,,
2.51E-05,94,11,23,,,,
2.48E-05,92,3,29,,,,
2.50E-05,93,2,6,,,,
2.47E-05,92,3,5,,,,
2.55E-05,92,1,5,,,,
2.47E-05,93,1,4,,,,
2.45E-05,95,3,15,,,,
2.45E-05,94,7,21,,,,
2.46E-05,91,6,17,,,,
2.50E-05,95,3,17,,,,
2.46E-05,91,4,17,,,,
3.15E-05,92,11,16,,,,
2.58E-05,91,9,17,,,,
2.63E-05,93,6,15,,,,
2.57E-05,91,6,13,,,,
2.45E-05,95,3,18,,,,
2.44E-05,91,3,18,,,,
2.46E-05,92,13,21,,,,
2.51E-05,93,10,29,,,,
2.47E-05,92,15,32,,,,
2.45E-05,93,9,20,,,,
2.48E-05,92,15,25,,,,
2.46E-05,92,21,24,,,,
2.72E-05,94,25,36,,,,
2.51E-05,93,5,35,,,,
2.48E-05,95,0,38,,,,
2.47E-05,93,7,36,,,,
2.72E-05,95,22,44,,,,
2.57E-05,95,18,52,,,,
0.0001468,93,47,49,,,,
2.53E-05,95,26,55,,,,
3.00E-05,92,24,54,,,,
2.51E-05,91,43,54,,,,
2.46E-05,95,43,54,,,,
2.49E-05,92,36,50,,,,
2.48E-05,93,38,60,,,,
2.58E-05,93,5,67,,,,
2.45E-05,94,29,71,,,,
2.46E-05,93,27,74,,,,
2.49E-05,93,50,72,,,,
3.06E-05,93,62,72,,,,
2.46E-05,94,18,84,,,,
2.56E-05,94,12,81,,,,
2.45E-05,93,25,84,,,,
2.47E-05,91,4,90,,,,
2.47E-05,95,84,98,,,,
2.49E-05,94,72,99,,,,
2.48E-05,95,96,100,,,,
2.47E-05,94,65,99,,,,
2.47E-05,91,67,97,,,,
2.48E-05,91,69,97,,,,
2.95E-05,95,9,88,,,,
2.45E-05,95,71,87,,,,
2.50E-05,91,10,84,,,,
2.46E-05,93,37,87,,,,
3.01E-05,91,60,86,,,,
2.46E-05,93,6,86,,,,
2.50E-05,91,29,85,,,,
2.94E-05,92,86,88,,,,
2.45E-05,93,31,89,,,,
2.64E-05,91,26,95,,,,
2.93E-05,92,49,108,,,,
2.46E-05,91,95,110,,,,
2.90E-05,94,0,100,,,,
2.47E-05,93,16,97,,,,
2.48E-05,91,89,97,,,,
3.46E-05,94,14,98,,,,
3.12E-05,92,48,100,,,,
2.58E-05,93,29,102,,,,
2.55E-05,93,26,117,,,,
2.55E-05,92,63,119,,,,
2.50E-05,94,78,120,,,,
2.55E-05,92,54,120,,,,
2.55E-05,95,109,117,,,,
2.59E-05,91,10,112,,,,
2.54E-05,92,27,110,,,,
2.62E-05,93,6,114,,,,
2.52E-05,93,44,112,,,,
3.48E-05,95,89,112,,,,
9.50E-05,92,87,113,,,,
4.21E-05,92,65,113,,,,
3.25E-05,94,11,111,,,,
2.63E-05,95,108,112,,,,
2.50E-05,92,61,99,,,,
2.46E-05,93,26,98,,,,
2.43E-05,93,92,101,,,,
2.47E-05,92,76,101,,,,
2.46E-05,95,5,106,,,,
2.48E-05,94,19,111,,,,
2.47E-05,92,91,115,,,,
2.47E-05,93,39,118,,,,
2.45E-05,94,13,121,,,,
2.48E-05,91,112,123,,,,
2.46E-05,95,99,124,,,,
2.47E-05,94,53,125,,,,
4.14E-05,95,75,118,,,,
2.56E-05,94,87,120,,,,
2.49E-05,94,61,116,,,,
3.06E-05,91,27,124,,,,
2.48E-05,94,8,120,,,,
2.48E-05,92,53,119,,,,
2.52E-05,92,40,124,,,,
2.48E-05,94,61,127,,,,
2.46E-05,95,109,130,,,,
2.46E-05,93,72,133,,,,
2.46E-05,93,119,136,,,,
2.45E-05,92,17,137,,,,
2.47E-05,94,133,135,,,,
2.48E-05,95,71,130,,,,
2.78E-05,91,38,132,,,,
2.46E-05,95,121,130,,,,
2.49E-05,91,0,131,,,,
2.45E-05,94,101,128,,,,
2.48E-05,91,95,125,,,,
2.53E-05,94,81,134,,,,
2.48E-05,93,91,126,,,,
2.68E-05,93,54,120,,,,
2.48E-05,94,97,132,,,,
2.48E-05,94,50,135,,,,
4.08E-05,93,89,138,,,,
2.47E-05,95,20,143,,,,
2.61E-05,92,44,133,,,,
2.45E-05,93,3,131,,,,
2.45E-05,94,73,131,,,,
2.48E-05,91,103,131,,,,
2.52E-05,91,11,130,,,,
2.47E-05,93,53,125,,,,
2.47E-05,94,26,121,,,,
3.30E-05,93,53,130,,,,
2.62E-05,91,12,136,,,,
2.47E-05,92,126,148,,,,
2.49E-05,94,92,139,,,,
2.88E-05,95,85,142,,,,
2.46E-05,92,25,152,,,,
2.46E-05,95,53,151,,,,
2.46E-05,92,146,155,,,,
2.57E-05,91,64,152,,,,
2.47E-05,91,20,161,,,,
2.49E-05,94,151,161,,,,
2.47E-05,94,119,161,,,,
2.44E-05,95,121,161,,,,
2.45E-05,91,114,174,,,,
2.58E-05,94,15,175,,,,
2.58E-05,94,122,177,,,,
2.57E-05,95,70,177,,,,
2.46E-05,95,128,182,,,,
2.48E-05,94,135,185,,,,
2.76E-05,92,122,187,,,,
3.13E-05,92,137,192,,,,
2.46E-05,93,55,186,,,,
2.46E-05,94,103,187,,,,
2.89E-05,92,35,190,,,,
2.47E-05,92,172,187,,,,
2.52E-05,92,142,182,,,,
2.62E-05,95,69,182,,,,
2.57E-05,91,114,183,,,,
2.56E-05,93,76,182,,,,
2.49E-05,95,145,185,,,,
2.78E-05,91,154,184,,,,
2.59E-05,92,116,185,,,,
2.45E-05,92,50,176,,,,
2.47E-05,94,77,192,,,,
2.49E-05,92,10,186,,,,
2.45E-05,92,101,190,,,,
3.40E-05,93,126,193,,,,
2.48E-05,91,177,191,,,,
2.46E-05,94,81,195,,,,
2.49E-05,92,187,198,,,,
2.50E-05,91,87,199,,,,
2.44E-05,91,170,201,,,,
2.48E-05,94,102,209,,,,
2.45E-05,93,160,218,,,,
2.55E-05,93,198,217,,,,
2.48E-05,91,185,216,,,,
2.47E-05,91,36,216,,,,
3.39E-05,94,98,214,,,,
2.47E-05,91,28,217,,,,
2.47E-05,91,84,224,,,,
2.46E-05,95,16,240,,,,
2.50E-05,92,120,238,,,,
2.66E-05,95,67,233,,,,
2.66E-05,92,14,233,,,,
3.55E-05,92,153,228,,,,
2.44E-05,91,199,235,,,,
2.47E-05,94,147,230,,,,
2.48E-05,92,110,228,,,,
2.47E-05,91,148,226,,,,
2.90E-05,91,140,220,,,,
2.46E-05,95,173,221,,,,
2.46E-05,95,225,229,,,,
2.45E-05,92,149,229,,,,
2.52E-05,95,173,233,,,,
2.46E-05,91,17,233,,,,
2.45E-05,93,39,238,,,,
2.47E-05,94,64,240,,,,
2.46E-05,93,200,240,,,,
2.47E-05,95,217,238,,,,
2.48E-05,94,124,238,,,,
2.46E-05,94,138,230,,,,
2.47E-05,93,124,231,,,,
2.57E-05,94,205,235,,,,
2.94E-05,93,55,242,,,,
2.47E-05,93,22,247,,,,
2.43E-05,95,104,248,,,,
2.46E-05,92,152,248,,,,
2.49E-05,91,139,246,,,,
2.47E-05,91,21,252,,,,
2.83E-05,91,236,246,,,,
3.84E-05,93,206,237,,,,
2.63E-05,95,182,232,,,,
2.57E-05,94,197,229,,,,
2.47E-05,92,195,238,,,,
2.45E-05,94,211,235,,,,
2.45E-05,92,99,230,,,,
2.48E-05,93,214,232,,,,
2.46E-05,93,43,228,,,,
2.47E-05,91,218,236,,,,
2.90E-05,95,221,233,,,,
4.73E-05,92,105,233,,,,
2.58E-05,94,85,237,,,,
2.53E-05,91,139,241,,,,
2.55E-05,93,47,228,,,,
2.48E-05,91,175,226,,,,
2.46E-05,91,135,213,,,,
2.53E-05,95,204,239,,,,
2.46E-05,91,150,239,,,,
2.46E-05,95,90,239,,,,
2.55E-05,91,40,233,,,,
2.44E-05,92,73,240,,,,
0.0003381,93,221,241,,,,
0.0001174,93,216,239,,,,
2.47E-05,91,91,239,,,,
2.48E-05,94,201,234,,,,
2.58E-05,95,53,232,,,,
2.97E-05,92,116,236,,,,
2.48E-05,93,85,230,,,,
2.49E-05,92,155,221,,,,
2.51E-05,93,104,211,,,,
2.49E-05,91,175,212,,,,
2.63E-05,91,101,202,,,,
2.47E-05,94,27,202,,,,
2.47E-05,93,179,197,,,,
2.46E-05,91,93,204,,,,
2.51E-05,95,27,209,,,,
2.66E-05,93,108,200,,,,
2.48E-05,91,183,203,,,,
2.47E-05,91,180,201,,,,
5.59E-05,95,165,206,,,,
2.47E-05,95,123,203,,,,
2.45E-05,91,124,188,,,,
2.59E-05,93,64,187,,,,
2.50E-05,94,2,188,,,,
2.45E-05,91,99,194,,,,
3.22E-05,93,116,203,,,,
2.46E-05,91,24,197,,,,
2.46E-05,95,124,198,,,,
2.88E-05,94,185,197,,,,
2.44E-05,95,173,195,,,,
2.46E-05,94,8,199,,,,
3.18E-05,93,79,202,,,,
2.95E-05,94,154,204,,,,
2.47E-05,93,197,203,,,,
4.74E-05,91,58,209,,,,
4.51E-05,95,197,209,,,,
4.20E-05,92,159,205,,,,
2.45E-05,92,144,228,,,,
2.53E-05,93,153,216,,,,
2.47E-05,93,79,227,,,,
2.87E-05,95,206,225,,,,
2.48E-05,95,169,226,,,,
2.57E-05,93,115,230,,,,
2.45E-05,91,51,219,,,,
2.98E-05,91,79,216,,,,
3.13E-05,94,95,218,,,,
2.49E-05,91,150,217,,,,
2.57E-05,92,18,217,,,,
2.93E-05,91,42,217,,,,
2.48E-05,93,61,216,,,,
2.47E-05,93,203,217,,,,
2.46E-05,92,54,227,,,,
2.45E-05,91,2,214,,,,
2.46E-05,93,71,206,,,,
2.46E-05,94,183,207,,,,
2.47E-05,94,28,203,,,,
6.43E-05,91,26,207,,,,
2.51E-05,94,43,208,,,,
2.46E-05,94,179,204,,,,
2.94E-05,92,62,204,,,,
2.46E-05,93,164,195,,,,
2.45E-05,93,118,192,,,,
2.47E-05,92,179,196,,,,
2.49E-05,91,168,192,,,,
2.45E-05,91,60,179,,,,
2.51E-05,92,163,178,,,,
2.47E-05,93,3,181,,,,
2.55E-05,95,56,171,,,,
2.50E-05,94,93,173,,,,
2.47E-05,93,171,173,,,,
2.44E-05,95,1,170,,,,
2.47E-05,94,137,167,,,,
2.48E-05,93,78,170,,,,
6.24E-05,95,22,170,,,,
2.52E-05,93,95,173,,,,
2.66E-05,91,23,179,,,,
2.55E-05,91,83,177,,,,
2.47E-05,92,94,172,,,,
2.49E-05,91,43,173,,,,
2.61E-05,92,64,170,,,,
3.08E-05,92,146,163,,,,
3.46E-05,92,26,157,,,,
2.54E-05,95,68,155,,,,
2.93E-05,93,25,166,,,,
2.46E-05,91,120,169,,,,
2.74E-05,91,91,167,,,,
2.48E-05,91,53,160,,,,
2.48E-05,94,4,156,,,,
2.48E-05,94,1,162,,,,
2.44E-05,93,146,162,,,,
2.48E-05,91,131,152,,,,
2.74E-05,92,32,167,,,,
2.60E-05,95,71,167,,,,
2.98E-05,93,41,160,,,,
2.45E-05,91,152,161,,,,
2.47E-05,92,20,161,,,,
2.47E-05,92,80,162,,,,
3.05E-05,94,46,167,,,,
2.74E-05,91,102,169,,,,
2.51E-05,91,148,167,,,,
2.45E-05,93,18,168,,,,
2.68E-05,92,159,161,,,,
2.50E-05,93,122,161,,,,
2.46E-05,92,34,158,,,,
3.59E-05,93,90,167,,,,
3.26E-05,93,161,164,,,,
2.50E-05,91,161,164,,,,
2.50E-05,94,127,163,,,,
2.56E-05,94,27,172,,,,
3.21E-05,94,58,171,,,,
2.47E-05,91,84,169,,,,
2.48E-05,94,114,168,,,,
2.50E-05,93,123,170,,,,
2.45E-05,93,159,170,,,,
2.47E-05,91,161,169,,,,
2.48E-05,93,55,168,,,,
2.47E-05,91,13,170,,,,
3.01E-05,91,22,161,,,,
2.47E-05,93,76,161,,,,
2.45E-05,93,91,160,,,,
2.69E-05,93,156,163,,,,
3.13E-05,95,59,164,,,,
2.56E-05,92,148,164,,,,
2.55E-05,91,137,172,,,,
2.49E-05,91,7,172,,,,
2.46E-05,93,123,172,,,,
3.04E-05,91,154,175,,,,
2.62E-05,93,184,187,,,,
2.49E-05,93,26,193,,,,
2.45E-05,91,51,187,,,,
2.45E-05,92,171,182,,,,
2.44E-05,91,55,186,,,,
2.48E-05,93,76,188,,,,
2.90E-05,95,36,187,,,,
2.48E-05,95,66,184,,,,
5.87E-05,91,134,184,,,,
2.48E-05,91,58,188,,,,
2.49E-05,91,135,205,,,,
2.47E-05,95,13,218,,,,
2.51E-05,94,130,212,,,,
2.63E-05,91,125,216,,,,
2.47E-05,94,124,211,,,,
5.70E-05,95,182,213,,,,
2.98E-05,93,125,219,,,,
2.56E-05,95,32,219,,,,
2.45E-05,93,42,217,,,,
3.08E-05,91,102,218,,,,
2.54E-05,95,136,218,,,,
2.47E-05,94,70,221,,,,
2.48E-05,91,184,222,,,,
2.50E-05,93,148,228,,,,
2.48E-05,92,107,229,,,,
3.02E-05,94,145,227,,,,
2.46E-05,94,93,229,,,,
3.41E-05,92,80,226,,,,
3.22E-05,93,58,224,,,,
2.69E-05,95,1,215,,,,
2.49E-05,93,129,217,,,,
2.49E-05,94,195,217,,,,
2.47E-05,91,141,217,,,,
2.55E-05,95,55,213,,,,
2.46E-05,93,176,212,,,,
2.47E-05,92,17,212,,,,
2.47E-05,92,8,208,,,,
2.48E-05,95,192,202,,,,
2.46E-05,91,154,209,,,,
2.55E-05,92,105,195,,,,
2.47E-05,91,159,194,,,,
2.45E-05,92,72,196,,,,
2.46E-05,95,28,195,,,,
2.48E-05,92,89,194,,,,
2.62E-05,91,71,187,,,,
2.46E-05,94,77,181,,,,
2.50E-05,91,139,172,,,,
2.71E-05,93,100,161,,,,
2.47E-05,94,135,165,,,,
2.48E-05,91,93,162,,,,
2.47E-05,95,126,164,,,,
2.73E-05,95,86,166,,,,
2.89E-05,93,131,165,,,,
2.48E-05,95,103,163,,,,
2.50E-05,95,61,168,,,,
2.62E-05,93,51,158,,,,
2.56E-05,94,80,142,,,,
2.46E-05,93,130,145,,,,
2.46E-05,94,130,145,,,,
2.45E-05,93,81,144,,,,
2.47E-05,93,14,143,,,,
2.47E-05,93,33,148,,,,
2.45E-05,91,50,143,,,,
2.50E-05,91,60,140,,,,
3.17E-05,95,73,143,,,,
2.46E-05,95,90,135,,,,
2.43E-05,93,73,132,,,,
2.46E-05,91,83,130,,,,
2.50E-05,93,39,119,,,,
2.47E-05,95,35,119,,,,
2.44E-05,91,103,118,,,,
2.71E-05,92,56,124,,,,
2.98E-05,95,69,129,,,,
2.46E-05,93,89,126,,,,
2.48E-05,91,10,131,,,,
2.46E-05,92,65,131,,,,
2.48E-05,93,70,124,,,,
3.62E-05,93,113,124,,,,
2.50E-05,91,107,125,,,,
2.73E-05,94,108,117,,,,
3.02E-05,92,104,113,,,,
3.18E-05,94,8,108,,,,
2.45E-05,92,54,109,,,,
2.47E-05,95,49,111,,,,
2.54E-05,95,19,116,,,,
2.55E-05,93,45,114,,,,
2.54E-05,95,95,116,,,,
2.57E-05,93,109,113,,,,
2.76E-05,92,80,119,,,,
2.50E-05,93,26,119,,,,
5.35E-05,93,115,123,,,,
2.55E-05,94,64,121,,,,
3.16E-05,92,105,120,,,,
2.46E-05,92,39,114,,,,
2.46E-05,93,38,119,,,,
2.46E-05,95,86,117,,,,
2.48E-05,95,87,119,,,,
2.77E-05,91,39,112,,,,
6.06E-05,93,27,119,,,,
2.48E-05,92,112,118,,,,
3.34E-05,91,107,118,,,,
2.47E-05,93,36,120,,,,
2.45E-05,92,55,121,,,,
2.46E-05,94,7,118,,,,
2.55E-05,93,75,117,,,,
2.54E-05,93,78,117,,,,
2.54E-05,92,8,121,,,,
2.98E-05,93,66,127,,,,
2.50E-05,92,64,131,,,,
2.48E-05,95,88,132,,,,
2.48E-05,94,17,137,,,,
2.45E-05,94,104,141,,,,
2.47E-05,95,95,142,,,,
2.47E-05,95,66,141,,,,
2.47E-05,95,15,150,,,,
4.22E-05,93,151,163,,,,
2.59E-05,91,73,171,,,,
2.46E-05,95,111,170,,,,
6.19E-05,95,135,172,,,,
2.65E-05,91,89,179,,,,
2.48E-05,92,156,177,,,,
2.46E-05,92,42,180,,,,
2.46E-05,93,146,179,,,,
2.47E-05,92,69,173,,,,
2.49E-05,95,118,174,,,,
2.53E-05,92,107,167,,,,
2.47E-05,94,106,173,,,,
2.58E-05,91,6,176,,,,
2.49E-05,94,18,167,,,,
3.92E-05,94,155,164,,,,
2.47E-05,92,31,171,,,,
2.49E-05,93,42,173,,,,
2.50E-05,95,49,171,,,,
2.47E-05,91,23,165,,,,
2.45E-05,94,120,165,,,,
2.50E-05,94,144,161,,,,
2.95E-05,93,138,162,,,,
2.46E-05,95,131,167,,,,
2.47E-05,94,128,167,,,,
2.47E-05,93,64,171,,,,
2.82E-05,94,31,175,,,,
2.46E-05,92,127,176,,,,
2.45E-05,94,95,183,,,,
3.08E-05,95,118,201,,,,
3.83E-05,91,63,203,,,,
2.55E-05,91,114,204,,,,
2.55E-05,94,144,210,,,,
2.46E-05,92,53,214,,,,
2.47E-05,95,132,214,,,,
2.48E-05,92,91,216,,,,
2.75E-05,92,55,211,,,,
2.76E-05,91,113,226,,,,
2.47E-05,91,161,224,,,,
2.49E-05,93,36,221,,,,
2.47E-05,94,88,226,,,,
4.01E-05,92,114,224,,,,
2.45E-05,91,175,219,,,,
2.79E-05,95,72,223,,,,
2.51E-05,93,28,221,,,,
2.44E-05,94,117,227,,,,
2.49E-05,94,47,221,,,,
2.48E-05,92,93,217,,,,
2.48E-05,94,54,219,,,,
2.49E-05,94,204,207,,,,
2.47E-05,93,155,213,,,,
2.49E-05,91,163,216,,,,
2.49E-05,93,174,217,,,,
5.31E-05,95,192,220,,,,
2.57E-05,95,68,216,,,,
2.95E-05,91,7,212,,,,
2.53E-05,94,34,210,,,,
2.56E-05,93,5,208,,,,
2.52E-05,91,158,207,,,,
2.55E-05,91,83,208,,,,
2.67E-05,95,151,221,,,,
2.47E-05,91,54,216,,,,
2.58E-05,91,145,215,,,,
2.93E-05,92,55,219,,,,
2.48E-05,93,0,219,,,,
2.46E-05,91,184,218,,,,
2.46E-05,95,132,218,,,,
2.47E-05,94,28,209,,,,
2.45E-05,95,177,208,,,,
2.49E-05,94,95,207,,,,
2.47E-05,94,215,226,,,,
2.71E-05,92,208,232,,,,
2.65E-05,94,161,234,,,,
2.49E-05,93,46,231,,,,
2.62E-05,94,64,230,,,,
2.46E-05,93,222,228,,,,
3.31E-05,93,38,227,,,,
2.47E-05,93,93,235,,,,
2.48E-05,91,27,234,,,,
2.59E-05,94,115,237,,,,
2.49E-05,93,122,228,,,,
2.46E-05,92,65,226,,,,
2.71E-05,91,104,226,,,,
2.50E-05,91,152,229,,,,
2.45E-05,91,213,232,,,,
2.46E-05,92,184,226,,,,
2.46E-05,95,60,222,,,,
2.71E-05,93,70,222,,,,
2.60E-05,95,117,227,,,,
2.46E-05,95,200,230,,,,
2.46E-05,94,142,232,,,,
2.45E-05,91,24,248,,,,
2.49E-05,93,133,253,,,,
2.48E-05,95,41,255,,,,
2.72E-05,91,207,254,,,,
2.46E-05,92,176,253,,,,
2.51E-05,93,217,249,,,,
3.00E-05,92,16,252,,,,
2.47E-05,92,8,252,,,,
2.46E-05,91,226,252,,,,
2.47E-05,95,98,252,,,,
2.48E-05,94,219,254,,,,
2.50E-05,95,44,252,,,,
2.94E-05,93,181,252,,,,
2.81E-05,93,216,252,,,,
2.46E-05,95,140,254,,,,
3.09E-05,95,92,255,,,,
2.48E-05,93,83,256,,,,
2.50E-05,94,68,252,,,,
2.46E-05,92,104,254,,,,
2.45E-05,94,78,258,,,,
2.51E-05,95,145,261,,,,
3.11E-05,94,27,266,,,,
2.55E-05,95,202,262,,,,
2.47E-05,92,9,267,,,,
2.64E-05,93,93,265,,,,
2.55E-05,93,28,263,,,,
2.50E-05,95,176,262,,,,
2.46E-05,95,83,261,,,,
2.46E-05,95,174,260,,,,
2.54E-05,91,169,260,,,,
2.71E-05,92,235,255,,,,
2.45E-05,93,138,255,,,,
2.46E-05,93,76,249,,,,
2.45E-05,93,219,255,,,,
2.45E-05,95,12,253,,,,
2.47E-05,93,141,254,,,,
2.50E-05,94,199,254,,,,
2.46E-05,93,202,253,,,,
2.48E-05,95,50,255,,,,
2.93E-05,94,68,259,,,,
2.48E-05,94,91,258,,,,
2.47E-05,92,123,262,,,,
2.45E-05,95,148,263,,,,
2.54E-05,95,185,267,,,,
2.46E-05,91,219,255,,,,
2.47E-05,92,21,255,,,,
2.52E-05,95,166,248,,,,
2.67E-05,92,86,264,,,,
2.90E-05,92,114,264,,,,
2.46E-05,92,0,266,,,,
2.48E-05,94,3,266,,,,
2.45E-05,95,238,266,,,,
2.46E-05,91,90,274,,,,
2.46E-05,93,92,267,,,,
2.65E-05,91,221,270,,,,
2.61E-05,95,49,266,,,,
2.60E-05,92,0,267,,,,
2.46E-05,94,70,281,,,,
2.48E-05,93,126,275,,,,
2.48E-05,93,122,274,,,,
2.46E-05,95,28,271,,,,
2.55E-05,94,106,284,,,,
2.46E-05,92,211,298,,,,
2.45E-05,94,266,303,,,,
2.48E-05,91,153,303,,,,
2.44E-05,93,33,303,,,,
2.52E-05,92,49,304,,,,
2.46E-05,92,71,304,,,,
2.44E-05,95,225,305,,,,
2.46E-05,93,95,325,,,,
2.45E-05,92,165,324,,,,
2.99E-05,94,244,332,,,,
2.53E-05,91,123,335,,,,
2.54E-05,91,150,333,,,,
2.61E-05,94,174,336,,,,
2.68E-05,95,89,344,,,,
3.09E-05,92,42,345,,,,
2.46E-05,92,28,341,,,,
2.46E-05,91,330,343,,,,
2.46E-05,91,57,336,,,,
2.45E-05,93,26,332,,,,
2.46E-05,91,14,337,,,,
2.54E-05,91,281,337,,,,
2.55E-05,95,73,340,,,,
2.49E-05,95,128,332,,,,
2.84E-05,91,290,334,,,,
2.49E-05,92,125,336,,,,
2.45E-05,92,221,334,,,,
2.81E-05,94,216,336,,,,
2.46E-05,92,282,332,,,,
2.46E-05,91,90,330,,,,
2.46E-05,92,102,328,,,,
2.51E-05,92,63,324,,,,
2.45E-05,94,110,326,,,,
2.55E-05,91,217,320,,,,
2.80E-05,95,303,332,,,,
3.09E-05,93,32,331,,,,
2.88E-05,92,18,330,,,,
3.16E-05,94,298,334,,,,
3.20E-05,93,134,335,,,,
3.15E-05,95,66,334,,,,
2.53E-05,95,319,326,,,,
2.68E-05,93,322,324,,,,
2.56E-05,93,93,319,,,,
3.08E-05,93,269,317,,,,
2.47E-05,95,142,312,,,,
2.46E-05,91,50,323,,,,
4.80E-05,91,134,314,,,,
2.58E-05,93,150,316,,,,
2.57E-05,94,205,312,,,,
2.57E-05,91,84,312,,,,
2.49E-05,94,218,314,,,,
2.67E-05,95,116,316,,,,
3.00E-05,94,158,317,,,,
3.36E-05,95,185,324,,,,
2.86E-05,94,242,323,,,,
2.47E-05,94,126,322,,,,
2.46E-05,91,182,324,,,,
2.51E-05,91,269,321,,,,
2.47E-05,95,224,328,,,,
3.13E-05,91,218,327,,,,
2.90E-05,93,301,333,,,,
2.48E-05,91,209,331,,,,
2.46E-05,91,223,331,,,,
2.47E-05,95,191,333,,,,
2.49E-05,95,122,337,,,,
2.56E-05,92,6,324,,,,
2.61E-05,93,283,325,,,,
2.51E-05,95,3,319,,,,
2.48E-05,92,241,317,,,,
2.43E-05,95,172,312,,,,
2.47E-05,92,108,298,,,,
2.65E-05,92,299,304,,,,
2.48E-05,92,53,311,,,,
2.55E-05,92,68,315,,,,
3.60E-05,93,33,314,,,,
2.47E-05,93,242,310,,,,
2.46E-05,92,165,312,,,,
2.46E-05,92,125,320,,,,
2.46E-05,94,110,312,,,,
2.49E-05,95,130,312,,,,
2.47E-05,94,104,312,,,,
3.49E-05,95,287,299,,,,
2.52E-05,93,186,299,,,,
3.15E-05,95,240,296,,,,
2.48E-05,94,164,295,,,,
2.58E-05,91,255,290,,,,
2.49E-05,95,76,294,,,,
2.50E-05,92,231,289,,,,
2.47E-05,92,18,289,,,,
2.46E-05,94,19,291,,,,
2.46E-05,94,174,290,,,,
2.46E-05,92,275,292,,,,
2.44E-05,93,163,287,,,,
2.69E-05,92,165,289,,,,
2.48E-05,92,233,296,,,,
3.15E-05,95,219,307,,,,
2.50E-05,94,238,305,,,,
2.57E-05,94,153,301,,,,
2.54E-05,94,285,301,,,,
2.51E-05,91,190,309,,,,
2.54E-05,95,231,289,,,,
2.47E-05,91,147,297,,,,
2.46E-05,94,131,306,,,,
2.49E-05,93,300,305,,,,
2.48E-05,95,217,297,,,,
2.48E-05,92,16,300,,,,
2.45E-05,94,38,299,,,,
2.47E-05,94,228,302,,,,
2.92E-05,95,291,302,,,,
2.45E-05,94,50,302,,,,
2.87E-05,93,66,305,,,,
2.46E-05,91,39,303,,,,
2.48E-05,91,29,303,,,,
2.48E-05,94,276,301,,,,
2.79E-05,93,90,305,,,,
2.47E-05,91,199,302,,,,
2.74E-05,91,304,309,,,,
2.53E-05,91,147,318,,,,
2.55E-05,95,145,321,,,,
3.63E-05,95,138,317,,,,
2.54E-05,91,166,316,,,,
2.46E-05,95,231,324,,,,
2.48E-05,95,223,318,,,,
2.49E-05,94,258,322,,,,
3.76E-05,93,164,324,,,,
2.56E-05,91,110,324,,,,
5.17E-05,92,128,321,,,,
2.59E-05,94,297,327,,,,
2.51E-05,91,269,341,,,,
2.46E-05,92,204,336,,,,
2.51E-05,91,96,337,,,,
2.48E-05,92,142,332,,,,
2.46E-05,91,11,321,,,,
2.46E-05,95,113,322,,,,
2.49E-05,91,69,319,,,,
2.46E-05,94,112,319,,,,
3.00E-05,95,104,321,,,,
2.51E-05,94,242,319,,,,
2.45E-05,92,271,320,,,,
2.95E-05,91,261,321,,,,
2.62E-05,92,305,328,,,,
2.88E-05,92,42,323,,,,
2.48E-05,95,266,322,,,,
2.90E-05,93,91,317,,,,
2.58E-05,94,92,319,,,,
2.46E-05,91,154,305,,,,
2.49E-05,93,291,298,,,,
2.48E-05,94,48,300,,,,
2.73E-05,95,17,302,,,,
2.70E-05,95,187,300,,,,
4.98E-05,93,111,301,,,,
2.46E-05,92,24,307,,,,
3.05E-05,91,3,308,,,,
2.52E-05,93,186,308,,,,
2.46E-05,91,29,302,,,,
2.46E-05,93,87,293,,,,
2.50E-05,94,214,295,,,,
3.37E-05,93,52,298,,,,
2.47E-05,91,127,295,,,,
2.72E-05,93,21,289,,,,
2.52E-05,91,258,285,,,,
2.47E-05,92,41,297,,,,
2.46E-05,93,56,295,,,,
2.47E-05,94,155,290,,,,
2.47E-05,92,286,293,,,,
3.26E-05,92,47,289,,,,
2.46E-05,94,52,285,,,,
3.86E-05,93,174,287,,,,
3.17E-05,95,204,287,,,,
2.55E-05,93,50,285,,,,
2.56E-05,92,201,283,,,,
2.49E-05,94,269,284,,,,
2.69E-05,95,276,279,,,,
2.80E-05,92,187,278,,,,
5.03E-05,94,146,278,,,,
2.59E-05,94,147,281,,,,
2.73E-05,92,116,288,,,,
2.65E-05,94,283,296,,,,
2.48E-05,93,147,284,,,,
2.47E-05,91,221,290,,,,
2.46E-05,92,141,289,,,,
3.11E-05,95,107,289,,,,
2.59E-05,91,42,289,,,,
2.44E-05,93,199,278,,,,
3.24E-05,91,194,277,,,,
2.45E-05,95,104,278,,,,
2.49E-05,91,174,277,,,,
2.46E-05,91,145,275,,,,
3.66E-05,94,67,266,,,,
4.25E-05,91,209,259,,,,
2.87E-05,93,207,251,,,,
2.48E-05,92,145,251,,,,
2.80E-05,94,135,257,,,,
2.47E-05,92,21,248,,,,
2.49E-05,93,119,256,,,,
2.47E-05,93,208,264,,,,
2.47E-05,95,4,260,,,,
2.48E-05,94,189,258,,,,
2.48E-05,92,231,264,,,,
3.06E-05,95,136,272,,,,
3.08E-05,95,218,277,,,,
2.49E-05,91,70,277,,,,
2.47E-05,94,70,269,,,,
4.27E-05,92,93,278,,,,
2.55E-05,92,49,285,,,,
2.59E-05,95,224,290,,,,
2.58E-05,91,175,302,,,,
2.49E-05,93,124,301,,,,
2.47E-05,92,282,295,,,,
2.43E-05,93,216,295,,,,
2.47E-05,94,193,285,,,,
2.48E-05,93,242,275,,,,
2.47E-05,91,239,268,,,,
2.48E-05,94,191,263,,,,
2.45E-05,91,59,267,,,,
2.45E-05,93,187,268,,,,
2.57E-05,93,244,272,,,,
2.50E-05,91,73,259,,,,
2.47E-05,92,60,255,,,,
2.60E-05,92,39,258,,,,
2.56E-05,91,156,264,,,,
2.46E-05,94,133,268,,,,
2.46E-05,92,227,268,,,,
2.73E-05,95,251,271,,,,
2.53E-05,95,41,271,,,,
2.45E-05,92,37,266,,,,
2.51E-05,95,79,249,,,,
2.49E-05,93,18,250,,,,
2.44E-05,92,5,248,,,,
2.46E-05,92,155,248,,,,
2.46E-05,92,192,250,,,,
2.70E-05,94,19,252,,,,
2.47E-05,95,152,240,,,,
2.49E-05,91,180,231,,,,
2.45E-05,93,32,228,,,,
3.01E-05,95,13,226,,,,
2.52E-05,92,223,226,,,,
2.46E-05,95,80,220,,,,
2.47E-05,95,62,215,,,,
6.54E-05,93,188,213,,,,
2.48E-05,93,160,216,,,,
2.70E-05,92,38,217,,,,
2.46E-05,94,106,213,,,,
2.47E-05,94,75,210,,,,
2.52E-05,94,5,202,,,,
2.51E-05,92,4,198,,,,
2.49E-05,92,54,196,,,,
2.49E-05,91,166,209,,,,
2.46E-05,91,206,211,,,,
2.48E-05,94,35,199,,,,
2.65E-05,94,125,191,,,,
2.53E-05,91,107,194,,,,
2.56E-05,94,159,187,,,,
2.49E-05,94,56,187,,,,
2.47E-05,92,99,187,,,,
2.46E-05,92,49,194,,,,
2.43E-05,92,71,181,,,,
2.48E-05,93,3,182,,,,
3.06E-05,91,150,184,,,,
2.49E-05,93,162,183,,,,
4.22E-05,94,91,184,,,,
2.49E-05,93,136,189,,,,
2.46E-05,92,37,190,,,,
2.46E-05,94,63,191,,,,
2.45E-05,91,95,189,,,,
2.70E-05,93,93,192,,,,
2.85E-05,91,165,185,,,,
2.45E-05,93,54,193,,,,
2.78E-05,94,14,188,,,,
2.44E-05,95,118,178,,,,
2.44E-05,94,99,192,,,,
2.46E-05,91,169,191,,,,
2.46E-05,92,29,190,,,,
2.48E-05,93,4,215,,,,
2.69E-05,92,172,216,,,,
2.47E-05,93,57,215,,,,
3.84E-05,95,58,215,,,,
2.74E-05,92,91,215,,,,
2.64E-05,94,177,219,,,,
2.64E-05,95,57,216,,,,
2.45E-05,93,66,212,,,,
2.54E-05,94,195,217,,,,
2.49E-05,91,116,212,,,,
2.45E-05,94,94,209,,,,
2.90E-05,92,18,212,,,,
2.48E-05,91,152,220,,,,
2.48E-05,92,66,220,,,,
2.48E-05,92,89,224,,,,
3.17E-05,93,150,223,,,,
2.49E-05,91,68,225,,,,
2.56E-05,94,180,236,,,,
2.48E-05,95,185,222,,,,
2.46E-05,92,135,222,,,,
4.00E-05,94,14,215,,,,
3.18E-05,95,61,224,,,,
2.50E-05,93,100,224,,,,
3.42E-05,92,8,219,,,,
2.48E-05,91,173,224,,,,
2.44E-05,94,5,224,,,,
2.45E-05,93,35,219,,,,
2.91E-05,94,155,226,,,,
4.39E-05,95,59,230,,,,
8.80E-05,93,164,229,,,,
3.12E-05,93,136,227,,,,
3.30E-05,94,10,227,,,,
4.11E-05,95,193,231,,,,
2.56E-05,95,105,231,,,,
2.59E-05,94,210,233,,,,
3.05E-05,95,147,236,,,,
2.61E-05,94,77,236,,,,
2.54E-05,93,82,229,,,,
2.47E-05,91,86,228,,,,
3.18E-05,93,94,219,,,,
2.49E-05,93,65,230,,,,
5.95E-05,91,5,226,,,,
2.87E-05,95,179,224,,,,
3.68E-05,92,168,229,,,,
2.47E-05,94,96,223,,,,
2.48E-05,91,124,217,,,,
2.45E-05,94,190,214,,,,
2.48E-05,92,173,214,,,,
2.46E-05,91,199,207,,,,
2.79E-05,94,2,203,,,,
2.48E-05,94,152,202,,,,
2.46E-05,94,189,191,,,,
2.50E-05,92,32,194,,,,
5.56E-05,94,68,195,,,,
2.48E-05,94,60,189,,,,
2.46E-05,95,177,179,,,,
2.46E-05,93,43,184,,,,
2.53E-05,95,51,180,,,,
2.62E-05,93,61,169,,,,
2.49E-05,91,109,171,,,,
2.48E-05,95,103,170,,,,
2.89E-05,93,153,171,,,,
2.48E-05,91,129,169,,,,
2.61E-05,91,146,179,,,,
2.46E-05,91,76,177,,,,
2.50E-05,91,88,184,,,,
2.80E-05,95,15,189,,,,
2.44E-05,93,162,192,,,,
2.46E-05,92,56,190,,,,
2.46E-05,93,61,189,,,,
2.59E-05,91,177,191,,,,
2.47E-05,95,126,192,,,,
2.49E-05,92,154,185,,,,
2.47E-05,91,176,186,,,,
2.46E-05,94,139,187,,,,
2.45E-05,95,114,191,,,,
2.61E-05,92,164,186,,,,
4.03E-05,94,68,182,,,,
2.56E-05,92,168,179,,,,
4.88E-05,92,114,188,,,,
2.54E-05,95,8,187,,,,
2.46E-05,91,78,189,,,,
2.47E-05,92,75,189,,,,
2.46E-05,91,137,190,,,,
2.47E-05,91,19,187,,,,
2.76E-05,93,100,191,,,,
2.53E-05,95,189,195,,,,
2.67E-05,91,88,200,,,,
2.46E-05,93,109,202,,,,
2.50E-05,93,130,194,,,,
2.46E-05,93,72,195,,,,
2.47E-05,94,94,195,,,,
3.09E-05,93,108,194,,,,
2.47E-05,95,9,195,,,,
2.50E-05,94,27,190,,,,
2.45E-05,91,161,197,,,,
2.46E-05,94,72,199,,,,
2.46E-05,93,173,202,,,,
2.52E-05,93,48,199,,,,
2.54E-05,95,80,200,,,,
2.85E-05,94,143,196,,,,
2.46E-05,93,10,192,,,,
2.80E-05,93,39,193,,,,
2.50E-05,95,98,189,,,,
2.48E-05,94,149,188,,,,
6.44E-05,94,146,189,,,,
2.48E-05,93,20,186,,,,
2.47E-05,93,142,175,,,,
2.43E-05,95,34,171,,,,
2.46E-05,95,4,170,,,,
2.46E-05,94,161,171,,,,
4.27E-05,93,10,168,,,,
2.45E-05,94,131,167,,,,
2.58E-05,93,76,164,,,,
2.46E-05,92,69,163,,,,
2.59E-05,95,55,161,,,,
2.45E-05,91,137,164,,,,
2.44E-05,92,93,167,,,,
2.48E-05,93,56,166,,,,
2.47E-05,91,7,177,,,,
2.47E-05,92,89,184,,,,
2.43E-05,95,122,185,,,,
2.54E-05,94,74,156,,,,
2.48E-05,95,69,157,,,,
2.53E-05,94,88,158,,,,
3.30E-05,93,38,160,,,,
3.05E-05,95,120,151,,,,
3.29E-05,91,5,151,,,,
2.51E-05,93,143,153,,,,
2.44E-05,92,39,150,,,,
2.54E-05,92,64,149,,,,
2.50E-05,94,92,145,,,,
2.48E-05,93,3,146,,,,
2.47E-05,94,12,149,,,,
2.45E-05,92,40,155,,,,
3.02E-05,93,140,155,,,,
2.60E-05,95,27,154,,,,
6.35E-05,92,81,150,,,,
2.46E-05,95,47,136,,,,
2.48E-05,94,3,128,,,,
2.46E-05,91,24,124,,,,
2.47E-05,91,1,124,,,,
3.74E-05,92,32,127,,,,
2.49E-05,95,7,131,,,,
2.69E-05,95,56,135,,,,
2.58E-05,95,134,144,,,,
2.48E-05,94,18,143,,,,
3.06E-05,93,50,144,,,,
2.51E-05,91,100,145,,,,
2.45E-05,95,123,142,,,,
2.46E-05,91,107,129,,,,
2.47E-05,94,47,130,,,,
2.49E-05,93,69,126,,,,
2.46E-05,91,49,125,,,,
2.48E-05,92,115,118,,,,
2.45E-05,92,14,115,,,,
2.83E-05,94,76,109,,,,
2.70E-05,95,57,109,,,,
2.57E-05,91,79,117,,,,
2.45E-05,92,111,117,,,,
2.47E-05,92,1,121,,,,
3.52E-05,94,35,124,,,,
2.48E-05,92,30,122,,,,
2.69E-05,95,94,117,,,,
2.46E-05,94,98,114,,,,
2.48E-05,91,82,109,,,,
2.60E-05,91,75,111,,,,
2.43E-05,94,54,92,,,,
2.55E-05,91,43,105,,,,
2.58E-05,94,82,105,,,,
3.00E-05,93,92,119,,,,
2.50E-05,94,71,112,,,,
2.46E-05,93,37,113,,,,
2.51E-05,92,92,115,,,,
2.49E-05,91,76,118,,,,
3.21E-05,95,44,119,,,,
2.44E-05,93,21,117,,,,
2.52E-05,95,114,119,,,,
2.47E-05,91,81,124,,,,
2.47E-05,91,113,122,,,,
2.49E-05,95,54,120,,,,
4.17E-05,91,1,121,,,,
2.50E-05,94,40,111,,,,
2.45E-05,92,0,100,,,,
2.55E-05,95,49,102,,,,
3.02E-05,92,34,113,,,,
2.46E-05,94,52,114,,,,
2.44E-05,93,93,117,,,,
2.48E-05,94,97,112,,,,
3.57E-05,91,82,120,,,,
2.47E-05,93,92,118,,,,
4.71E-05,92,97,122,,,,
2.46E-05,94,35,127,,,,
2.57E-05,94,23,125,,,,
2.47E-05,94,101,125,,,,
2.48E-05,93,74,122,,,,
2.48E-05,95,57,118,,,,
2.45E-05,94,123,128,,,,
2.48E-05,93,18,126,,,,
2.53E-05,92,22,130,,,,
2.55E-05,94,73,137,,,,
2.56E-05,94,51,139,,,,
3.76E-05,95,125,136,,,,
2.99E-05,91,69,136,,,,
2.48E-05,95,78,137,,,,
2.48E-05,91,83,138,,,,
2.60E-05,93,85,127,,,,
2.46E-05,94,46,124,,,,
2.57E-05,95,62,115,,,,
2.57E-05,91,81,114,,,,
2.58E-05,95,75,109,,,,
2.57E-05,91,80,109,,,,
2.45E-05,91,101,113,,,,
2.56E-05,93,18,112,,,,
2.46E-05,92,42,102,,,,
2.56E-05,91,7,99,,,,
2.46E-05,94,20,89,,,,
2.47E-05,93,15,88,,,,
2.48E-05,95,24,92,,,,
2.46E-05,95,94,97,,,,
2.46E-05,95,76,98,,,,
2.46E-05,93,3,98,,,,
2.46E-05,92,65,96,,,,
2.47E-05,93,27,94,,,,
2.61E-05,91,11,101,,,,
2.46E-05,92,92,110,,,,
2.48E-05,93,104,111,,,,
2.61E-05,94,103,108,,,,
2.47E-05,91,100,110,,,,
2.47E-05,93,32,104,,,,
2.48E-05,93,76,105,,,,
2.52E-05,92,77,108,,,,
2.46E-05,93,7,106,,,,
2.46E-05,94,90,116,,,,
2.63E-05,93,99,110,,,,
2.47E-05,91,77,127,,,,
5.73E-05,93,26,116,,,,
2.46E-05,93,9,109,,,,
2.48E-05,93,0,112,,,,
2.63E-05,91,39,110,,,,
2.51E-05,92,9,104,,,,
2.49E-05,93,64,104,,,,
2.52E-05,95,39,101,,,,
2.46E-05,92,81,109,,,,
2.45E-05,95,78,105,,,,
2.47E-05,91,19,105,,,,
2.63E-05,91,37,104,,,,
2.75E-05,93,101,113,,,,
2.47E-05,91,107,117,,,,
2.53E-05,95,52,135,,,,
2.46E-05,91,11,140,,,,
2.45E-05,95,66,137,,,,
3.40E-05,92,64,136,,,,
3.15E-05,93,23,129,,,,
2.64E-05,94,31,118,,,,
2.44E-05,92,56,111,,,,
2.49E-05,92,25,103,,,,
2.52E-05,94,55,102,,,,
2.55E-05,95,22,92,,,,
2.58E-05,94,25,92,,,,
2.58E-05,94,62,92,,,,
2.54E-05,91,72,85,,,,
2.47E-05,95,77,87,,,,
2.45E-05,92,45,87,,,,
2.52E-05,95,34,82,,,,
2.44E-05,95,67,82,,,,
2.48E-05,95,2,86,,,,
2.45E-05,92,64,91,,,,
2.58E-05,95,11,86,,,,
2.56E-05,95,46,94,,,,
2.56E-05,92,30,96,,,,
2.52E-05,91,83,97,,,,
2.47E-05,92,52,93,,,,
2.45E-05,95,69,93,,,,
2.47E-05,95,72,80,,,,
2.47E-05,95,25,79,,,,
2.45E-05,91,26,76,,,,
2.48E-05,94,37,75,,,,
2.49E-05,94,19,83,,,,
2.48E-05,92,72,81,,,,
5.53E-05,93,58,71,,,,
2.58E-05,95,1,54,,,,
2.47E-05,92,27,49,,,,
2.46E-05,92,29,47,,,,
2.88E-05,93,9,47,,,,
2.47E-05,92,11,44,,,,
2.47E-05,91,31,41,,,,
2.49E-05,91,17,40,,,,
2.45E-05,92,15,46,,,,
2.54E-05,95,18,48,,,,
2.46E-05,93,31,43,,,,
2.51E-05,93,10,46,,,,
2.48E-05,91,5,41,,,,
2.45E-05,95,8,20,,,,
2.47E-05,94,2,18,,,,
2.46E-05,93,17,22,,,,
6.11E-05,94,1,15,,,,
3.63E-05,94,6,9,,,,
2.55E-05,91,0,2,,,,
2.46E-05,93,0,3,,,,
2.46E-05,92,0,1,,,,
2.47E-05,93,0,3,,,,
2.53E-05,95,0,2,,,,
2.46E-05,95,0,2,,,,
2.46E-05,93,1,7,,,,
2.58E-05,93,0,2,,,,
2.75E-05,92,1,4,,,,
2.46E-05,95,10,13,,,,
2.47E-05,91,9,13,,,,
2.45E-05,93,7,9,,,,
2.60E-05,92,0,1,,,,
2.51E-05,92,0,5,,,,
2.48E-05,92,10,12,,,,
2.42E-05,92,5,7,,,,
2.53E-05,95,0,7,,,,
3.14E-05,92,0,11,,,,
2.48E-05,92,4,8,,,,
2.46E-05,94,1,14,,,,
2.48E-05,95,11,14,,,,
2.48E-05,92,5,12,,,,
2.47E-05,95,2,10,,,,
2.43E-05,93,0,9,,,,
2.48E-05,93,4,7,,,,
2.46E-05,95,4,8,,,,
5.38E-05,93,5,11,,,,
2.47E-05,91,5,12,,,,
2.58E-05,92,7,10,,,,
2.44E-05,91,11,22,,,,
5.39E-05,95,22,26,,,,
2.44E-05,92,13,19,,,,
2.47E-05,91,0,13,,,,
2.68E-05,94,1,4,,,,
2.45E-05,93,8,10,,,,
2.54E-05,92,9,11,,,,
3.45E-05,95,6,9,,,,
2.53E-05,92,0,9,,,,
2.56E-05,92,2,4,,,,
2.46E-05,95,2,15,,,,
2.63E-05,95,5,19,,,,
2.44E-05,93,8,19,,,,
2.49E-05,91,5,17,,,,
2.45E-05,95,13,19,,,,
2.48E-05,92,13,26,,,,
2.54E-05,92,15,20,,,,
2.48E-05,92,17,24,,,,
2.46E-05,92,8,25,,,,
2.45E-05,95,2,24,,,,
2.48E-05,93,16,25,,,,
2.54E-05,92,9,30,,,,
2.45E-05,92,27,32,,,,
2.47E-05,95,24,43,,,,
7.09E-05,95,47,51,,,,
2.95E-05,94,25,50,,,,
3.62E-05,93,11,45,,,,
3.26E-05,93,24,52,,,,
2.44E-05,94,30,53,,,,
2.47E-05,92,24,50,,,,
2.49E-05,95,4,44,,,,
2.52E-05,95,16,38,,,,
2.87E-05,95,42,44,,,,
2.46E-05,94,13,40,,,,
2.47E-05,93,24,38,,,,
2.50E-05,94,12,38,,,,
2.47E-05,91,47,54,,,,
2.48E-05,94,24,57,,,,
2.48E-05,93,49,57,,,,
2.49E-05,94,25,54,,,,
2.48E-05,94,9,54,,,,
2.46E-05,95,40,65,,,,
2.46E-05,92,27,60,,,,
2.45E-05,91,28,59,,,,
2.49E-05,95,0,56,,,,
2.47E-05,94,28,55,,,,
3.46E-05,92,32,68,,,,
2.45E-05,91,0,70,,,,
2.43E-05,93,20,69,,,,
2.43E-05,94,30,71,,,,
2.45E-05,92,11,63,,,,
2.47E-05,94,5,63,,,,
2.45E-05,94,36,64,,,,
2.45E-05,93,34,63,,,,
3.05E-05,95,39,71,,,,
2.48E-05,95,38,73,,,,
2.46E-05,93,69,78,,,,
2.49E-05,91,29,79,,,,
2.45E-05,93,59,73,,,,
2.46E-05,91,58,65,,,,
2.48E-05,93,40,63,,,,
2.58E-05,94,5,60,,,,
2.46E-05,92,18,64,,,,
2.48E-05,95,3,46,,,,
2.46E-05,94,20,42,,,,
2.44E-05,91,42,46,,,,
2.54E-05,95,14,39,,,,
2.51E-05,92,32,34,,,,
2.46E-05,94,18,34,,,,
2.46E-05,95,19,35,,,,
2.56E-05,94,31,34,,,,
5.61E-05,91,32,37,,,,
4.19E-05,91,14,24,,,,
3.54E-05,93,21,24,,,,
6.50E-05,95,8,21,,,,
2.45E-05,94,8,21,,,,
2.48E-05,92,20,23,,,,
3.13E-05,94,23,33,,,,
2.56E-05,95,13,33,,,,
2.53E-05,92,22,29,,,,
2.49E-05,95,12,31,,,,
2.50E-05,93,22,33,,,,
2.57E-05,95,6,37,,,,
2.47E-05,95,27,40,,,,
3.01E-05,94,22,33,,,,
2.46E-05,94,21,43,,,,
3.77E-05,91,34,39,,,,
2.45E-05,91,30,35,,,,
2.46E-05,93,18,30,,,,
2.45E-05,94,5,28,,,,
2.45E-05,93,22,25,,,,
2.90E-05,94,19,28,,,,
2.49E-05,92,16,29,,,,
2.65E-05,92,9,26,,,,
2.46E-05,91,14,28,,,,
2.48E-05,93,4,27,,,,
2.48E-05,91,35,38,,,,
2.45E-05,94,28,39,,,,
2.67E-05,92,25,30,,,,
2.99E-05,92,26,30,,,,
5.31E-05,94,3,26,,,,
2.63E-05,94,15,25,,,,
2.59E-05,92,29,31,,,,
2.42E-05,92,2,30,,,,
2.45E-05,91,2,25,,,,
2.46E-05,93,20,25,,,,
2.45E-05,95,14,19,,,,
2.56E-05,91,14,17,,,,
2.51E-05,91,13,17,,,,
2.47E-05,95,1,15,,,,
2.65E-05,91,2,19,,,,
2.47E-05,94,16,23,,,,
2.44E-05,91,15,29,,,,
2.45E-05,94,14,33,,,,
3.06E-05,94,31,36,,,,
2.58E-05,95,20,22,,,,
4.56E-05,94,2,10,,,,
2.45E-05,93,11,23,,,,
2.48E-05,94,18,23,,,,
2.47E-05,92,10,38,,,,
3.08E-05,92,5,37,,,,
2.52E-05,95,7,37,,,,
2.52E-05,91,29,46,,,,
2.46E-05,92,23,41,,,,
2.47E-05,91,31,35,,,,
2.57E-05,91,20,33,,,,
2.48E-05,93,30,34,,,,
2.45E-05,93,27,33,,,,
2.44E-05,94,28,33,,,,
2.46E-05,91,23,25,,,,
2.48E-05,93,1,26,,,,
3.04E-05,95,19,27,,,,
2.47E-05,92,9,27,,,,
2.92E-05,93,15,22,,,,
2.49E-05,93,9,22,,,,
2.48E-05,93,15,26,,,,
2.56E-05,94,12,30,,,,
2.44E-05,95,16,31,,,,
2.47E-05,93,0,34,,,,
2.55E-05,92,6,29,,,,
2.56E-05,93,30,38,,,,
2.53E-05,94,18,37,,,,
2.49E-05,94,3,34,,,,
2.50E-05,92,2,37,,,,
2.47E-05,94,9,42,,,,
2.47E-05,95,2,31,,,,
2.53E-05,92,16,31,,,,
2.58E-05,95,3,31,,,,
2.47E-05,94,16,27,,,,
2.47E-05,92,16,18,,,,
8.23E-05,93,11,14,,,,
2.46E-05,92,0,12,,,,
3.04E-05,91,3,13,,,,
2.49E-05,93,10,15,,,,
2.44E-05,95,13,16,,,,
2.46E-05,91,9,17,,,,
2.48E-05,92,8,11,,,,
2.46E-05,93,5,12,,,,
2.46E-05,94,1,11,,,,
2.66E-05,95,13,24,,,,
2.45E-05,91,10,22,,,,
2.46E-05,92,18,20,,,,
2.45E-05,94,4,23,,,,
3.69E-05,93,1,20,,,,
2.56E-05,92,0,16,,,,
2.46E-05,92,16,20,,,,
2.93E-05,95,4,16,,,,
2.62E-05,94,6,18,,,,
3.58E-05,91,40,42,,,,
2.46E-05,93,29,45,,,,
2.48E-05,91,17,42,,,,
2.49E-05,93,13,49,,,,
2.60E-05,91,15,48,,,,
2.45E-05,93,23,34,,,,
2.90E-05,94,32,39,,,,
2.55E-05,94,10,29,,,,
2.57E-05,94,8,42,,,,
2.47E-05,94,38,45,,,,
2.59E-05,95,16,45,,,,
2.45E-05,93,35,48,,,,
2.48E-05,92,28,41,,,,
2.42E-05,94,30,39,,,,
2.48E-05,91,10,35,,,,
3.06E-05,92,5,30,,,,
2.47E-05,92,18,29,,,,
2.46E-05,95,0,28,,,,
2.58E-05,91,26,31,,,,
2.47E-05,95,40,46,,,,
2.45E-05,92,42,46,,,,
2.91E-05,93,23,45,,,,
2.48E-05,93,7,40,,,,
3.63E-05,91,6,35,,,,
2.47E-05,93,12,35,,,,
2.45E-05,94,3,41,,,,
2.47E-05,94,25,39,,,,
2.61E-05,95,16,34,,,,
2.67E-05,94,1,35,,,,
4.24E-05,95,15,36,,,,
3.71E-05,94,6,35,,,,
3.48E-05,91,19,37,,,,
2.54E-05,94,6,22,,,,
2.46E-05,92,1,19,,,,
2.48E-05,95,5,22,,,,
3.24E-05,92,16,23,,,,
2.53E-05,91,14,18,,,,
2.49E-05,92,13,19,,,,
3.25E-05,91,6,19,,,,
0.0001334,93,16,20,,,,
3.36E-05,91,4,21,,,,
2.72E-05,94,1,15,,,,
3.63E-05,94,4,13,,,,
3.67E-05,94,0,13,,,,
3.05E-05,93,2,11,,,,
6.87E-05,95,0,11,,,,
3.95E-05,93,0,12,,,,
3.97E-05,92,13,23,,,,
4.26E-05,92,4,22,,,,
2.84E-05,94,11,20,,,,
9.85E-05,92,12,17,,,,
2.82E-05,94,8,18,,,,
3.87E-05,92,0,15,,,,
2.45E-05,95,1,19,,,,
2.54E-05,94,21,25,,,,
2.47E-05,93,1,12,,,,
2.82E-05,91,7,23,,,,
2.61E-05,93,10,22,,,,
2.46E-05,95,10,26,,,,
2.44E-05,95,0,24,,,,
2.46E-05,93,2,6,,,,
3.95E-05,91,3,5,,,,
2.54E-05,95,2,6,,,,
2.58E-05,95,1,3,,,,
2.60E-05,94,6,10,,,,
2.54E-05,95,3,6,,,,
9.66E-05,95,1,7,,,,
2.48E-05,91,12,21,,,,
3.14E-05,94,0,26,,,,
2.46E-05,93,15,35,,,,
2.61E-05,91,21,36,,,,
2.46E-05,93,11,40,,,,
9.86E-05,91,13,37,,,,
2.73E-05,92,28,38,,,,
2.82E-05,94,7,34,,,,
2.58E-05,92,42,46,,,,
2.48E-05,95,16,42,,,,
2.47E-05,92,10,43,,,,
2.47E-05,91,2,41,,,,
3.84E-05,94,16,47,,,,
3.91E-05,92,1,38,,,,
2.59E-05,95,35,41,,,,
2.58E-05,92,1,42,,,,
2.47E-05,93,29,44,,,,
2.46E-05,94,14,36,,,,
2.53E-05,92,14,39,,,,
2.45E-05,94,18,41,,,,
2.47E-05,94,4,42,,,,
2.46E-05,92,17,36,,,,
2.46E-05,92,33,47,,,,
2.47E-05,94,37,47,,,,
3.89E-05,94,2,53,,,,
3.70E-05,91,33,61,,,,
3.65E-05,93,22,63,,,,
2.67E-05,92,25,53,,,,
2.58E-05,93,46,51,,,,
2.57E-05,94,45,51,,,,
2.58E-05,95,13,43,,,,
3.46E-05,93,3,44,,,,
2.44E-05,94,12,37,,,,
2.58E-05,91,26,35,,,,
2.55E-05,93,8,36,,,,
3.77E-05,93,21,31,,,,
2.81E-05,94,16,39,,,,
3.92E-05,95,26,39,,,,
3.67E-05,94,4,41,,,,
2.48E-05,92,3,37,,,,
2.98E-05,94,18,38,,,,
2.44E-05,91,25,39,,,,
2.51E-05,91,14,35,,,,
2.73E-05,95,19,36,,,,
2.67E-05,95,12,16,,,,
2.45E-05,93,1,12,,,,
2.46E-05,95,1,13,,,,
2.46E-05,91,2,14,,,,
2.45E-05,94,0,3,,,,
3.28E-05,94,2,4,,,,
4.19E-05,92,2,4,,,,
9.57E-05,95,3,10,,,,
9.96E-05,92,2,10,,,,
2.55E-05,95,7,10,,,,
2.58E-05,91,6,10,,,,
2.47E-05,93,0,10,,,,
2.55E-05,94,7,11,,,,
2.45E-05,92,8,10,,,,
2.47E-05,95,0,1,,,,
2.47E-05,92,1,6,,,,
4.02E-05,91,2,10,,,,
2.57E-05,95,10,15,,,,
2.45E-05,91,11,18,,,,
2.47E-05,92,17,22,,,,
2.88E-05,91,9,23,,,,
3.75E-05,94,4,24,,,,
2.99E-05,93,21,24,,,,
3.24E-05,93,5,23,,,,
2.48E-05,93,4,19,,,,
2.45E-05,94,12,19,,,,
3.01E-05,93,16,27,,,,
2.68E-05,95,3,21,,,,
2.47E-05,95,15,19,,,,
2.45E-05,94,7,9,,,,
2.49E-05,93,3,15,,,,
2.61E-05,95,5,16,,,,
2.46E-05,95,9,30,,,,
2.47E-05,94,1,34,,,,
9.74E-05,92,25,36,,,,
3.70E-05,95,22,40,,,,
2.73E-05,95,40,49,,,,
2.50E-05,91,28,42,,,,
2.95E-05,95,13,40,,,,
2.61E-05,91,31,41,,,,
3.55E-05,92,25,43,,,,
2.56E-05,92,38,44,,,,
2.56E-05,95,2,41,,,,
5.47E-05,91,21,40,,,,
2.60E-05,91,8,34,,,,
2.47E-05,91,1,34,,,,
2.58E-05,94,34,39,,,,
2.90E-05,92,16,43,,,,
2.59E-05,94,6,43,,,,
2.56E-05,93,13,39,,,,
3.08E-05,95,34,36,,,,
2.52E-05,91,26,38,,,,
2.50E-05,91,3,36,,,,
2.46E-05,92,4,10,,,,
2.45E-05,94,9,16,,,,
2.44E-05,94,2,7,,,,
4.00E-05,95,2,16,,,,
2.44E-05,92,9,23,,,,
2.46E-05,94,1,14,,,,
2.47E-05,93,8,22,,,,
2.46E-05,95,23,43,,,,
2.45E-05,95,31,44,,,,
2.45E-05,92,11,34,,,,
2.67E-05,94,5,41,,,,
2.46E-05,91,10,42,,,,
2.47E-05,93,12,40,,,,
4.23E-05,94,22,44,,,,
2.55E-05,95,28,32,,,,
3.13E-05,94,9,31,,,,
2.47E-05,92,12,31,,,,
2.46E-05,94,2,27,,,,
2.88E-05,91,2,27,,,,
2.50E-05,92,12,36,,,,
2.46E-05,94,3,38,,,,
2.69E-05,94,38,42,,,,
2.55E-05,95,34,51,,,,
2.46E-05,93,17,55,,,,
3.22E-05,93,26,54,,,,
2.46E-05,95,39,51,,,,
2.47E-05,94,57,59,,,,
2.47E-05,94,57,68,,,,
2.93E-05,92,48,67,,,,
2.49E-05,93,7,67,,,,
2.45E-05,93,2,65,,,,
2.47E-05,92,34,58,,,,
2.47E-05,93,19,47,,,,
6.49E-05,94,29,45,,,,
2.43E-05,91,22,49,,,,
2.49E-05,95,21,53,,,,
2.49E-05,94,3,53,,,,
2.63E-05,94,50,54,,,,
2.61E-05,93,9,51,,,,
2.45E-05,92,40,49,,,,
2.45E-05,93,34,46,,,,
2.49E-05,94,35,39,,,,
2.46E-05,95,32,34,,,,
2.48E-05,95,18,32,,,,
2.63E-05,92,10,31,,,,
2.57E-05,95,20,22,,,,
2.52E-05,93,8,19,,,,
2.45E-05,93,9,15,,,,
2.46E-05,93,4,11,,,,
2.84E-05,94,8,14,,,,
2.47E-05,92,4,13,,,,
2.47E-05,92,5,8,,,,
2.48E-05,95,0,2,,,,
2.56E-05,92,6,9,,,,
2.54E-05,91,1,7,,,,
3.67E-05,92,0,1,,,,
2.58E-05,92,0,1,,,,
2.56E-05,92,1,3,,,,
2.54E-05,91,0,1,,,,
2.48E-05,94,2,8,,,,
2.45E-05,91,1,3,,,,
2.47E-05,94,0,1,,,,
2.47E-05,95,0,2,,,,
2.47E-05,91,1,3,,,,
2.45E-05,92,0,3,,,,
2.48E-05,95,6,12,,,,
2.46E-05,93,4,13,,,,
2.48E-05,91,7,10,,,,
2.44E-05,93,6,10,,,,
2.45E-05,91,4,7,,,,
2.47E-05,92,0,1,,,,
2.61E-05,93,2,8,,,,
2.47E-05,94,12,14,,,,
2.51E-05,91,5,13,,,,
2.52E-05,95,10,12,,,,
2.47E-05,93,10,12,,,,
2.47E-05,91,2,10,,,,
2.44E-05,95,9,11,,,,
4.04E-05,92,12,19,,,,
2.46E-05,93,9,19,,,,
2.47E-05,94,2,27,,,,
2.58E-05,93,12,19,,,,
2.46E-05,91,4,22,,,,
2.46E-05,94,7,22,,,,
2.47E-05,92,18,21,,,,
2.47E-05,92,5,12,,,,
2.45E-05,94,14,17,,,,
2.46E-05,92,5,16,,,,
2.45E-05,95,16,18,,,,
2.87E-05,93,13,25,,,,
2.48E-05,95,10,25,,,,
2.48E-05,95,9,20,,,,
2.46E-05,93,4,18,,,,
2.47E-05,92,8,27,,,,
2.49E-05,95,17,50,,,,
2.44E-05,94,39,49,,,,
2.48E-05,93,36,46,,,,
2.47E-05,93,2,43,,,,
2.52E-05,91,13,34,,,,
2.60E-05,91,3,33,,,,
2.47E-05,95,23,35,,,,
2.46E-05,95,1,10,,,,
2.48E-05,92,1,11,,,,
2.45E-05,93,2,4,,,,
2.78E-05,93,0,7,,,,
2.53E-05,95,7,10,,,,
2.47E-05,95,3,10,,,,
2.47E-05,95,9,11,,,,
2.48E-05,92,0,9,,,,
2.47E-05,94,7,9,,,,
2.49E-05,94,6,10,,,,
2.47E-05,91,0,2,,,,
2.69E-05,91,7,9,,,,
2.45E-05,94,2,6,,,,
2.99E-05,93,1,4,,,,
2.56E-05,93,3,10,,,,
2.55E-05,95,6,12,,,,
4.60E-05,92,8,11,,,,
2.55E-05,93,6,15,,,,
2.64E-05,94,6,13,,,,
2.46E-05,94,2,6,,,,
2.46E-05,94,1,3,,,,
2.44E-05,94,1,5,,,,
2.63E-05,94,4,7,,,,
2.94E-05,92,7,12,,,,
2.56E-05,95,0,5,,,,
2.56E-05,95,0,2,,,,
2.44E-05,91,7,9,,,,
2.57E-05,91,1,11,,,,
2.45E-05,91,0,22,,,,
2.59E-05,92,18,29,,,,
2.46E-05,95,19,22,,,,
2.50E-05,91,15,21,,,,
2.43E-05,94,7,28,,,,
2.52E-05,95,45,47,,,,
2.67E-05,91,2,46,,,,
2.94E-05,91,5,40,,,,
2.46E-05,93,8,36,,,,
2.55E-05,92,13,23,,,,
2.50E-05,91,22,27,,,,
2.45E-05,93,19,23,,,,
2.47E-05,94,13,22,,,,
2.48E-05,92,13,23,,,,
2.62E-05,93,12,14,,,,
2.49E-05,95,1,11,,,,
2.47E-05,92,0,12,,,,
2.50E-05,94,1,10,,,,
2.54E-05,91,0,10,,,,
2.45E-05,92,9,11,,,,
2.55E-05,94,2,5,,,,
2.54E-05,93,8,15,,,,
2.71E-05,94,2,13,,,,
2.46E-05,92,11,14,,,,
2.49E-05,94,12,14,,,,
2.47E-05,93,1,10,,,,
2.44E-05,94,3,6,,,,
2.44E-05,92,3,8,,,,
2.50E-05,91,0,2,,,,
2.64E-05,94,0,1,,,,
2.55E-05,92,0,1,,,,
2.55E-05,91,0,2,,,,
2.56E-05,93,0,4,,,,
2.50E-05,92,8,14,,,,
2.46E-05,93,9,15,,,,
2.47E-05,93,1,16,,,,
2.46E-05,95,1,13,,,,
2.47E-05,93,6,16,,,,
2.45E-05,94,2,12,,,,
2.48E-05,92,13,15,,,,
3.73E-05,94,9,25,,,,
2.46E-05,94,3,26,,,,
3.30E-05,93,13,24,,,,
2.47E-05,94,19,24,,,,
2.88E-05,92,19,21,,,,
2.46E-05,92,8,39,,,,
2.96E-05,95,36,41,,,,
2.48E-05,92,21,43,,,,
2.60E-05,93,42,46,,,,
2.57E-05,94,41,45,,,,
2.55E-05,91,14,44,,,,
2.89E-05,95,6,49,,,,
2.46E-05,93,47,50,,,,
3.19E-05,94,28,52,,,,
3.76E-05,95,17,44,,,,
6.64E-05,95,1,43,,,,
2.47E-05,94,13,42,,,,
2.46E-05,94,13,41,,,,
3.03E-05,93,14,44,,,,
2.47E-05,94,4,49,,,,
2.62E-05,94,36,51,,,,
2.47E-05,95,27,51,,,,
3.04E-05,95,30,58,,,,
2.45E-05,92,53,57,,,,
2.48E-05,95,2,60,,,,
2.46E-05,95,32,66,,,,
2.47E-05,91,44,62,,,,
2.48E-05,94,29,55,,,,
2.63E-05,91,46,57,,,,
4.22E-05,92,16,57,,,,
2.56E-05,91,48,57,,,,
2.55E-05,91,38,55,,,,
2.61E-05,95,2,54,,,,
2.57E-05,95,36,51,,,,
2.99E-05,92,47,50,,,,
2.54E-05,93,6,51,,,,
2.54E-05,92,9,50,,,,
2.50E-05,94,2,54,,,,
2.46E-05,93,47,55,,,,
2.46E-05,93,31,47,,,,
2.47E-05,93,1,42,,,,
2.58E-05,93,11,29,,,,
2.46E-05,94,10,31,,,,
2.57E-05,91,15,34,,,,
2.56E-05,94,1,36,,,,
3.31E-05,95,9,33,,,,
2.45E-05,93,29,36,,,,
2.45E-05,93,26,36,,,,
2.47E-05,91,16,32,,,,
2.74E-05,94,22,25,,,,
2.45E-05,94,0,22,,,,
2.70E-05,92,13,23,,,,
2.68E-05,95,22,26,,,,
2.47E-05,91,11,19,,,,
2.47E-05,92,7,13,,,,
2.47E-05,93,6,15,,,,
2.46E-05,93,1,5,,,,
2.46E-05,91,4,6,,,,
2.47E-05,92,0,4,,,,
9.60E-05,94,1,4,,,,
3.99E-05,94,15,18,,,,
3.00E-05,92,9,27,,,,
2.62E-05,93,19,24,,,,
2.48E-05,92,1,27,,,,
2.45E-05,95,15,29,,,,
3.20E-05,93,4,27,,,,
2.48E-05,94,16,28,,,,
2.48E-05,95,2,29,,,,
3.93E-05,91,4,38,,,,
2.46E-05,91,17,37,,,,
2.47E-05,91,4,41,,,,
2.50E-05,93,11,37,,,,
2.45E-05,94,6,39,,,,
2.44E-05,95,16,34,,,,
2.48E-05,92,7,42,,,,
2.49E-05,94,40,53,,,,
2.43E-05,91,36,52,,,,
2.47E-05,93,31,40,,,,
2.67E-05,94,24,40,,,,
2.46E-05,95,26,40,,,,
2.47E-05,93,11,40,,,,
2.46E-05,94,3,39,,,,
2.51E-05,93,10,58,,,,
2.46E-05,94,28,57,,,,
2.48E-05,93,26,45,,,,
2.51E-05,94,4,43,,,,
2.48E-05,94,39,46,,,,
2.48E-05,92,37,56,,,,
2.47E-05,95,34,61,,,,
2.49E-05,95,24,65,,,,
4.53E-05,93,57,65,,,,
3.05E-05,93,54,65,,,,
2.46E-05,92,41,60,,,,
2.46E-05,94,28,65,,,,
2.43E-05,93,67,69,,,,
2.56E-05,94,0,66,,,,
2.46E-05,91,5,65,,,,
2.48E-05,95,37,80,,,,
2.47E-05,95,5,80,,,,
3.24E-05,95,45,77,,,,
0.0001561,91,49,84,,,,
5.36E-05,95,66,84,,,,
3.49E-05,91,21,80,,,,
2.46E-05,93,49,87,,,,
3.04E-05,94,25,89,,,,
3.00E-05,91,65,95,,,,
2.44E-05,92,11,96,,,,
2.46E-05,92,53,98,,,,
2.94E-05,94,48,96,,,,
2.45E-05,92,49,93,,,,
2.46E-05,92,25,96,,,,
2.51E-05,94,14,93,,,,
2.56E-05,91,67,98,,,,
2.54E-05,91,66,90,,,,
2.48E-05,93,50,90,,,,
2.47E-05,93,51,95,,,,
2.48E-05,93,12,115,,,,
2.46E-05,91,106,115,,,,
2.48E-05,92,30,116,,,,
2.47E-05,92,91,114,,,,
2.45E-05,92,71,123,,,,
3.35E-05,92,112,122,,,,
2.52E-05,95,28,121,,,,
2.48E-05,93,39,116,,,,
2.46E-05,94,46,115,,,,
2.47E-05,94,65,110,,,,
2.51E-05,93,50,112,,,,
2.47E-05,95,76,121,,,,
2.47E-05,91,58,119,,,,
3.04E-05,92,16,105,,,,
2.56E-05,95,96,107,,,,
2.60E-05,93,109,111,,,,
2.98E-05,94,51,102,,,,
3.03E-05,92,74,107,,,,
2.52E-05,95,93,104,,,,
2.56E-05,93,45,105,,,,
3.71E-05,92,11,107,,,,
2.56E-05,94,48,103,,,,
3.00E-05,93,102,105,,,,
2.47E-05,91,25,107,,,,
2.47E-05,95,28,131,,,,
2.48E-05,91,38,124,,,,
2.84E-05,94,39,118,,,,
2.47E-05,95,47,116,,,,
2.56E-05,94,64,119,,,,
2.45E-05,91,34,106,,,,
2.47E-05,95,24,102,,,,
2.48E-05,95,96,103,,,,
4.07E-05,94,37,105,,,,
3.15E-05,91,21,111,,,,
2.47E-05,95,61,114,,,,
2.46E-05,95,10,114,,,,
2.48E-05,95,78,110,,,,
2.47E-05,95,77,113,,,,
2.74E-05,91,98,117,,,,
2.48E-05,95,60,121,,,,
2.59E-05,94,120,135,,,,
2.54E-05,91,5,135,,,,
2.47E-05,91,117,121,,,,
2.63E-05,92,94,132,,,,
2.64E-05,91,29,133,,,,
2.45E-05,94,44,134,,,,
2.43E-05,91,41,137,,,,
2.47E-05,91,83,137,,,,
2.46E-05,93,74,143,,,,
2.49E-05,94,35,140,,,,
2.48E-05,92,23,136,,,,
2.49E-05,91,93,140,,,,
2.49E-05,94,111,147,,,,
2.48E-05,94,138,147,,,,
2.47E-05,94,34,160,,,,
2.54E-05,93,118,167,,,,
2.57E-05,92,46,166,,,,
2.78E-05,93,141,168,,,,
2.56E-05,95,60,164,,,,
2.56E-05,95,41,159,,,,
2.50E-05,95,77,157,,,,
2.81E-05,94,76,156,,,,
2.45E-05,92,2,151,,,,
2.63E-05,93,71,159,,,,
2.47E-05,92,39,156,,,,
2.47E-05,94,0,153,,,,
2.46E-05,94,10,152,,,,
2.54E-05,92,98,149,,,,
2.55E-05,92,60,140,,,,
3.36E-05,94,119,137,,,,
2.45E-05,92,38,140,,,,
2.91E-05,91,96,141,,,,
2.48E-05,91,32,127,,,,
2.54E-05,91,106,127,,,,
3.17E-05,95,120,129,,,,
2.45E-05,92,84,130,,,,
2.47E-05,92,70,136,,,,
2.50E-05,91,69,138,,,,
2.48E-05,93,132,136,,,,
2.62E-05,95,48,128,,,,
2.50E-05,95,51,123,,,,
2.57E-05,95,52,124,,,,
2.47E-05,92,113,127,,,,
2.46E-05,94,33,121,,,,
2.48E-05,91,28,116,,,,
2.45E-05,95,59,139,,,,
2.46E-05,95,84,138,,,,
2.48E-05,93,98,146,,,,
2.48E-05,91,20,144,,,,
2.46E-05,95,73,143,,,,
2.95E-05,94,13,141,,,,
2.48E-05,91,91,145,,,,
2.46E-05,95,104,145,,,,
2.47E-05,94,79,144,,,,
2.52E-05,91,116,144,,,,
2.55E-05,95,49,137,,,,
2.52E-05,92,34,135,,,,
2.55E-05,92,14,142,,,,
2.49E-05,91,131,149,,,,
2.46E-05,93,103,146,,,,
3.25E-05,95,65,140,,,,
2.56E-05,93,34,141,,,,
2.46E-05,94,39,123,,,,
2.48E-05,93,83,122,,,,
2.46E-05,94,79,123,,,,
2.52E-05,91,2,113,,,,
2.47E-05,91,106,113,,,,
2.49E-05,91,95,108,,,,
2.45E-05,92,12,111,,,,
2.47E-05,95,79,112,,,,
2.47E-05,95,21,133,,,,
2.80E-05,92,19,137,,,,
2.93E-05,91,108,138,,,,
2.46E-05,92,0,145,,,,
2.50E-05,91,144,147,,,,
2.46E-05,95,141,148,,,,
3.51E-05,91,59,152,,,,
2.49E-05,92,93,163,,,,
2.45E-05,91,76,163,,,,
2.88E-05,94,57,163,,,,
4.25E-05,93,95,163,,,,
2.94E-05,94,77,163,,,,
2.52E-05,94,69,163,,,,
3.10E-05,92,150,163,,,,
3.06E-05,91,108,163,,,,
3.06E-05,93,71,163,,,,
2.87E-05,91,94,163,,,,
3.34E-05,91,76,163,,,,
3.03E-05,92,56,163,,,,
2.59E-05,94,118,163,,,,
2.97E-05,94,31,163,,,,
2.90E-05,95,61,163,,,,
6.36E-05,92,156,163,,,,
2.96E-05,93,101,163,,,,
