cas operacie,cislo na indexe,index prvku,dlzka zoznamu,,,sum,pocet
2.46E-05,43,1,8,,,6.85E-02,
2.46E-05,14,3,8,,,2490,
2.42E-05,27,1,7,,,,
2.46E-05,42,1,3,,,,
2.57E-05,32,1,3,,,,
2.46E-05,45,0,3,,,,
2.43E-05,37,1,3,,,,
3.83E-05,8,0,2,,,,
2.52E-05,8,0,2,,,,
2.54E-05,32,0,2,,,,
2.45E-05,30,0,3,,,,
2.45E-05,33,4,8,,,,
2.46E-05,37,0,9,,,,
2.46E-05,18,2,9,,,,
2.47E-05,26,1,8,,,,
2.46E-05,14,0,9,,,,
2.72E-05,44,2,17,,,,
2.99E-05,40,11,15,,,,
2.44E-05,4,0,7,,,,
2.44E-05,19,8,19,,,,
2.45E-05,36,6,11,,,,
2.47E-05,11,4,12,,,,
2.45E-05,6,2,11,,,,
2.44E-05,7,6,11,,,,
3.15E-05,31,18,20,,,,
2.44E-05,17,24,26,,,,
2.54E-05,92,3,20,,,,
2.57E-05,92,13,26,,,,
2.47E-05,93,22,28,,,,
2.44E-05,31,13,44,,,,
3.28E-05,7,8,47,,,,
2.48E-05,31,0,47,,,,
2.54E-05,22,2,44,,,,
3.30E-05,20,35,44,,,,
3.04E-05,12,22,43,,,,
2.44E-05,15,36,46,,,,
2.44E-05,95,35,43,,,,
2.45E-05,7,3,38,,,,
2.85E-05,9,22,36,,,,
2.57E-05,41,20,33,,,,
2.47E-05,9,7,12,,,,
2.45E-05,17,2,11,,,,
8.66E-05,20,2,4,,,,
2.55E-05,27,0,2,,,,
3.83E-05,6,1,3,,,,
2.56E-05,12,7,10,,,,
4.13E-05,16,0,10,,,,
4.20E-05,21,23,30,,,,
2.46E-05,37,25,35,,,,
2.48E-05,95,5,37,,,,
2.45E-05,31,9,34,,,,
2.51E-05,16,30,32,,,,
2.44E-05,41,8,27,,,,
2.57E-05,18,17,25,,,,
2.45E-05,2,4,21,,,,
2.51E-05,26,17,22,,,,
2.46E-05,16,9,28,,,,
2.44E-05,33,0,19,,,,
2.64E-05,7,11,21,,,,
2.43E-05,12,11,15,,,,
3.08E-05,14,15,26,,,,
3.55E-05,40,18,29,,,,
2.54E-05,17,24,29,,,,
2.47E-05,9,13,27,,,,
2.55E-05,45,21,31,,,,
2.54E-05,39,20,31,,,,
2.53E-05,34,24,29,,,,
2.51E-05,24,26,30,,,,
3.39E-05,91,16,22,,,,
3.70E-05,1,4,14,,,,
3.37E-05,24,0,17,,,,
2.51E-05,18,5,12,,,,
2.51E-05,45,4,11,,,,
3.95E-05,24,4,11,,,,
2.52E-05,12,0,17,,,,
2.51E-05,42,3,26,,,,
2.53E-05,41,24,31,,,,
2.51E-05,43,16,32,,,,
2.52E-05,8,11,39,,,,
5.55E-05,22,24,31,,,,
3.71E-05,23,3,17,,,,
3.99E-05,23,5,18,,,,
3.95E-05,10,2,5,,,,
2.72E-05,32,0,4,,,,
4.27E-05,21,8,12,,,,
2.54E-05,5,5,10,,,,
2.61E-05,38,3,10,,,,
2.66E-05,30,7,11,,,,
2.43E-05,24,5,11,,,,
2.49E-05,22,6,8,,,,
2.99E-05,15,0,11,,,,
2.54E-05,39,9,16,,,,
2.55E-05,6,2,16,,,,
2.45E-05,27,5,18,,,,
2.47E-05,7,0,2,,,,
2.46E-05,1,2,8,,,,
2.43E-05,27,0,5,,,,
3.71E-05,41,2,6,,,,
2.48E-05,15,7,13,,,,
2.47E-05,34,6,12,,,,
2.44E-05,25,10,17,,,,
2.45E-05,18,2,8,,,,
2.45E-05,35,1,5,,,,
2.56E-05,45,0,2,,,,
2.47E-05,35,1,5,,,,
2.49E-05,38,0,13,,,,
2.44E-05,4,11,14,,,,
2.46E-05,35,18,24,,,,
2.43E-05,12,11,25,,,,
2.45E-05,33,17,24,,,,
2.47E-05,33,9,28,,,,
2.45E-05,37,7,24,,,,
2.44E-05,26,6,25,,,,
2.45E-05,36,7,29,,,,
2.43E-05,25,42,44,,,,
2.45E-05,41,39,45,,,,
2.45E-05,7,22,40,,,,
2.46E-05,26,21,42,,,,
2.47E-05,23,2,34,,,,
2.46E-05,45,14,31,,,,
2.47E-05,7,17,29,,,,
2.48E-05,32,23,34,,,,
2.42E-05,35,10,33,,,,
2.45E-05,32,28,39,,,,
3.60E-05,95,10,38,,,,
2.47E-05,44,29,42,,,,
2.45E-05,20,19,44,,,,
2.56E-05,91,18,46,,,,
2.45E-05,26,11,47,,,,
2.47E-05,9,36,43,,,,
2.57E-05,24,2,38,,,,
2.48E-05,94,23,38,,,,
2.50E-05,15,28,32,,,,
2.57E-05,10,30,37,,,,
2.49E-05,16,1,36,,,,
2.45E-05,31,23,35,,,,
2.47E-05,26,31,33,,,,
2.49E-05,10,31,34,,,,
2.46E-05,45,9,34,,,,
2.48E-05,29,24,34,,,,
2.42E-05,32,25,28,,,,
2.48E-05,34,3,19,,,,
3.95E-05,37,6,20,,,,
2.45E-05,91,18,25,,,,
2.45E-05,93,19,26,,,,
4.43E-05,45,14,21,,,,
2.49E-05,94,23,27,,,,
2.56E-05,5,19,21,,,,
2.57E-05,29,6,23,,,,
2.58E-05,11,22,26,,,,
2.54E-05,39,6,23,,,,
2.78E-05,8,0,21,,,,
2.52E-05,39,5,19,,,,
3.56E-05,93,12,19,,,,
2.44E-05,36,3,9,,,,
2.61E-05,29,4,9,,,,
3.09E-05,91,6,10,,,,
2.47E-05,9,1,3,,,,
2.46E-05,37,0,1,,,,
2.47E-05,38,1,4,,,,
3.93E-05,5,2,5,,,,
2.68E-05,22,2,11,,,,
2.47E-05,10,2,8,,,,
3.07E-05,6,3,6,,,,
3.54E-05,37,0,1,,,,
2.54E-05,39,0,17,,,,
2.52E-05,3,0,17,,,,
2.47E-05,19,1,22,,,,
2.44E-05,23,5,22,,,,
2.46E-05,20,4,24,,,,
2.44E-05,10,4,21,,,,
2.47E-05,18,14,22,,,,
2.95E-05,39,13,19,,,,
6.54E-05,25,6,18,,,,
2.53E-05,36,17,20,,,,
2.56E-05,3,0,17,,,,
2.47E-05,1,7,25,,,,
2.45E-05,43,27,34,,,,
2.45E-05,5,29,33,,,,
2.46E-05,3,15,27,,,,
2.73E-05,36,13,31,,,,
2.46E-05,94,11,31,,,,
2.44E-05,93,12,27,,,,
2.44E-05,35,22,27,,,,
2.47E-05,12,5,26,,,,
2.57E-05,3,20,24,,,,
5.00E-05,39,7,25,,,,
3.47E-05,31,20,29,,,,
2.47E-05,23,15,24,,,,
3.65E-05,35,15,24,,,,
3.61E-05,27,9,13,,,,
2.52E-05,40,3,13,,,,
2.56E-05,7,2,13,,,,
3.73E-05,39,8,12,,,,
3.34E-05,3,2,12,,,,
3.58E-05,13,4,10,,,,
7.76E-05,32,5,17,,,,
3.57E-05,27,6,18,,,,
3.52E-05,3,7,15,,,,
3.44E-05,43,3,15,,,,
3.52E-05,32,4,12,,,,
3.99E-05,39,5,7,,,,
2.44E-05,17,3,5,,,,
2.42E-05,23,2,4,,,,
2.63E-05,21,1,3,,,,
2.49E-05,21,2,6,,,,
2.54E-05,92,1,6,,,,
2.43E-05,3,7,9,,,,
2.45E-05,14,1,4,,,,
2.59E-05,14,1,3,,,,
2.49E-05,11,0,4,,,,
2.55E-05,91,2,5,,,,
3.75E-05,25,1,6,,,,
2.55E-05,41,0,2,,,,
2.47E-05,16,2,10,,,,
2.45E-05,39,2,9,,,,
2.49E-05,3,0,13,,,,
2.47E-05,18,7,16,,,,
2.43E-05,41,4,20,,,,
2.43E-05,45,8,24,,,,
2.48E-05,95,12,24,,,,
2.51E-05,4,22,25,,,,
2.45E-05,37,23,25,,,,
2.46E-05,42,23,38,,,,
2.76E-05,93,25,36,,,,
3.02E-05,2,28,34,,,,
3.17E-05,93,23,37,,,,
2.53E-05,10,27,36,,,,
3.53E-05,42,27,38,,,,
2.44E-05,44,18,42,,,,
2.60E-05,95,28,53,,,,
2.53E-05,15,24,53,,,,
2.59E-05,92,0,49,,,,
3.18E-05,3,39,45,,,,
2.58E-05,1,46,51,,,,
2.52E-05,31,5,55,,,,
2.58E-05,17,3,58,,,,
2.57E-05,18,42,63,,,,
2.44E-05,13,37,68,,,,
2.46E-05,42,40,67,,,,
2.45E-05,23,43,66,,,,
2.49E-05,25,11,63,,,,
2.93E-05,32,18,54,,,,
2.45E-05,11,5,58,,,,
2.46E-05,28,13,55,,,,
2.55E-05,18,44,56,,,,
6.90E-05,38,37,49,,,,
2.46E-05,42,42,52,,,,
2.46E-05,95,47,55,,,,
2.45E-05,12,10,56,,,,
2.45E-05,15,35,61,,,,
2.44E-05,39,44,52,,,,
2.45E-05,13,49,56,,,,
2.48E-05,9,8,61,,,,
2.43E-05,38,14,52,,,,
2.46E-05,9,8,52,,,,
2.46E-05,26,46,65,,,,
2.56E-05,30,35,80,,,,
2.47E-05,5,32,82,,,,
2.47E-05,35,82,89,,,,
3.69E-05,37,48,88,,,,
0.0002039,93,74,83,,,,
3.03E-05,26,4,76,,,,
2.45E-05,18,5,90,,,,
4.03E-05,94,70,91,,,,
2.98E-05,16,72,93,,,,
2.61E-05,39,82,84,,,,
2.47E-05,21,22,83,,,,
2.53E-05,93,22,80,,,,
2.45E-05,44,15,82,,,,
5.26E-05,5,9,72,,,,
2.97E-05,23,37,74,,,,
2.51E-05,28,14,75,,,,
2.50E-05,14,65,73,,,,
2.46E-05,91,56,77,,,,
2.45E-05,29,45,71,,,,
2.44E-05,29,41,71,,,,
2.44E-05,11,35,68,,,,
2.44E-05,1,48,77,,,,
2.43E-05,32,1,86,,,,
2.46E-05,24,24,83,,,,
2.44E-05,38,66,79,,,,
2.49E-05,42,79,86,,,,
2.62E-05,42,72,75,,,,
2.45E-05,25,61,75,,,,
3.21E-05,42,61,75,,,,
2.53E-05,6,66,89,,,,
2.49E-05,33,68,97,,,,
2.57E-05,1,72,76,,,,
2.42E-05,18,68,83,,,,
2.54E-05,6,60,95,,,,
2.53E-05,29,86,95,,,,
2.52E-05,8,8,96,,,,
2.51E-05,33,53,91,,,,
2.61E-05,94,34,94,,,,
2.68E-05,24,10,93,,,,
2.45E-05,45,68,80,,,,
2.45E-05,18,54,78,,,,
2.45E-05,34,44,76,,,,
2.76E-05,18,52,72,,,,
4.52E-05,34,60,67,,,,
2.44E-05,42,13,59,,,,
2.55E-05,94,56,61,,,,
3.99E-05,17,50,59,,,,
2.45E-05,13,50,58,,,,
3.12E-05,21,34,58,,,,
2.43E-05,15,0,61,,,,
2.43E-05,26,46,54,,,,
2.43E-05,95,15,53,,,,
2.47E-05,94,15,49,,,,
2.46E-05,8,6,58,,,,
2.45E-05,22,43,59,,,,
2.47E-05,92,37,59,,,,
2.47E-05,20,53,55,,,,
2.46E-05,7,21,56,,,,
2.44E-05,92,28,47,,,,
2.46E-05,22,2,54,,,,
2.46E-05,10,24,35,,,,
2.44E-05,30,8,52,,,,
2.51E-05,11,44,46,,,,
2.46E-05,14,13,46,,,,
2.50E-05,93,19,46,,,,
2.43E-05,35,20,51,,,,
2.84E-05,45,12,44,,,,
4.20E-05,45,14,44,,,,
4.39E-05,92,27,51,,,,
3.65E-05,4,36,49,,,,
3.68E-05,13,45,53,,,,
3.54E-05,3,21,53,,,,
3.47E-05,37,36,58,,,,
3.38E-05,92,19,56,,,,
2.47E-05,44,48,62,,,,
2.45E-05,14,43,57,,,,
2.46E-05,92,54,58,,,,
2.46E-05,93,28,60,,,,
2.46E-05,25,53,61,,,,
2.54E-05,28,12,63,,,,
2.61E-05,41,5,65,,,,
2.44E-05,1,20,59,,,,
2.45E-05,7,7,56,,,,
2.46E-05,22,11,58,,,,
2.49E-05,36,3,50,,,,
5.29E-05,15,41,53,,,,
2.82E-05,32,39,56,,,,
9.24E-05,25,39,44,,,,
2.56E-05,25,10,46,,,,
2.45E-05,43,2,45,,,,
3.55E-05,38,9,51,,,,
2.81E-05,40,2,57,,,,
2.58E-05,44,41,61,,,,
2.47E-05,25,29,44,,,,
2.48E-05,12,41,44,,,,
2.44E-05,21,4,40,,,,
2.62E-05,2,16,30,,,,
2.45E-05,25,15,37,,,,
2.47E-05,6,1,48,,,,
2.45E-05,19,7,50,,,,
2.45E-05,12,5,49,,,,
2.94E-05,19,13,56,,,,
2.54E-05,14,13,57,,,,
2.52E-05,37,13,57,,,,
2.61E-05,27,5,61,,,,
2.54E-05,92,23,57,,,,
2.54E-05,19,8,36,,,,
4.50E-05,23,6,42,,,,
3.80E-05,19,31,42,,,,
2.56E-05,41,38,56,,,,
2.43E-05,45,41,51,,,,
3.60E-05,26,38,51,,,,
2.47E-05,4,20,49,,,,
2.47E-05,25,42,45,,,,
2.47E-05,19,14,47,,,,
2.46E-05,35,26,44,,,,
2.44E-05,34,18,45,,,,
2.56E-05,43,36,45,,,,
2.44E-05,6,20,41,,,,
2.45E-05,26,25,39,,,,
2.45E-05,41,10,27,,,,
2.46E-05,2,20,31,,,,
2.45E-05,18,30,40,,,,
2.47E-05,1,46,49,,,,
2.56E-05,41,23,41,,,,
2.45E-05,41,4,34,,,,
2.54E-05,42,2,40,,,,
2.55E-05,13,34,39,,,,
2.47E-05,8,3,43,,,,
2.68E-05,10,41,43,,,,
2.46E-05,37,15,40,,,,
3.58E-05,29,20,35,,,,
2.46E-05,26,41,45,,,,
2.45E-05,32,8,43,,,,
2.66E-05,19,20,44,,,,
2.45E-05,33,29,46,,,,
2.51E-05,27,7,41,,,,
2.45E-05,6,2,38,,,,
2.53E-05,4,15,28,,,,
3.28E-05,33,13,27,,,,
2.52E-05,22,6,16,,,,
2.46E-05,22,14,23,,,,
2.47E-05,7,19,23,,,,
2.45E-05,4,2,20,,,,
2.45E-05,94,16,21,,,,
2.46E-05,43,0,37,,,,
2.45E-05,36,1,33,,,,
2.45E-05,31,22,33,,,,
2.55E-05,44,18,25,,,,
2.46E-05,34,15,18,,,,
2.45E-05,7,2,17,,,,
2.45E-05,39,1,24,,,,
2.59E-05,37,3,15,,,,
3.59E-05,31,1,17,,,,
2.58E-05,25,7,9,,,,
2.45E-05,15,6,16,,,,
2.52E-05,45,4,13,,,,
2.44E-05,35,10,14,,,,
2.48E-05,45,10,13,,,,
2.46E-05,45,6,9,,,,
2.45E-05,18,4,6,,,,
2.44E-05,92,0,2,,,,
2.45E-05,24,0,2,,,,
9.79E-05,17,0,20,,,,
2.46E-05,2,12,21,,,,
3.62E-05,17,3,20,,,,
2.45E-05,6,2,9,,,,
2.54E-05,15,4,6,,,,
2.46E-05,24,2,7,,,,
2.44E-05,36,1,15,,,,
2.70E-05,25,0,13,,,,
2.46E-05,43,10,12,,,,
4.35E-05,24,5,15,,,,
2.51E-05,43,13,15,,,,
2.49E-05,33,3,15,,,,
2.46E-05,32,2,16,,,,
2.46E-05,1,11,15,,,,
4.04E-05,13,8,17,,,,
2.46E-05,36,0,2,,,,
2.45E-05,35,0,4,,,,
2.46E-05,31,4,11,,,,
2.47E-05,35,5,8,,,,
2.49E-05,2,5,8,,,,
2.48E-05,7,5,11,,,,
2.47E-05,10,11,13,,,,
2.44E-05,30,9,13,,,,
2.46E-05,20,14,19,,,,
2.45E-05,1,7,19,,,,
2.65E-05,3,7,13,,,,
2.52E-05,3,13,31,,,,
2.75E-05,25,25,32,,,,
2.54E-05,38,20,45,,,,
2.56E-05,45,36,45,,,,
2.45E-05,45,16,44,,,,
2.46E-05,40,26,47,,,,
4.28E-05,36,18,37,,,,
2.42E-05,21,0,23,,,,
3.50E-05,33,16,28,,,,
2.54E-05,4,2,24,,,,
5.29E-05,95,10,42,,,,
2.50E-05,8,5,41,,,,
4.38E-05,11,28,48,,,,
2.56E-05,6,41,46,,,,
2.52E-05,30,15,39,,,,
2.53E-05,19,10,30,,,,
2.54E-05,44,2,30,,,,
2.52E-05,8,4,28,,,,
4.22E-05,44,1,31,,,,
2.52E-05,11,9,29,,,,
4.80E-05,25,8,30,,,,
2.45E-05,33,26,49,,,,
2.49E-05,15,13,56,,,,
2.47E-05,25,14,58,,,,
9.85E-05,95,13,62,,,,
2.55E-05,36,34,58,,,,
3.07E-05,36,38,53,,,,
2.45E-05,34,10,52,,,,
2.45E-05,43,7,48,,,,
2.47E-05,93,41,49,,,,
3.12E-05,93,36,43,,,,
2.48E-05,14,3,42,,,,
3.02E-05,9,28,48,,,,
2.48E-05,42,30,46,,,,
2.54E-05,43,4,50,,,,
2.42E-05,16,24,47,,,,
2.45E-05,26,0,47,,,,
2.62E-05,38,8,48,,,,
2.48E-05,14,7,52,,,,
2.45E-05,6,1,53,,,,
2.46E-05,16,12,55,,,,
2.44E-05,15,31,45,,,,
2.46E-05,95,23,46,,,,
2.45E-05,16,42,44,,,,
2.46E-05,42,4,37,,,,
2.68E-05,27,12,39,,,,
2.52E-05,15,31,39,,,,
2.52E-05,24,36,39,,,,
2.50E-05,2,28,39,,,,
2.45E-05,37,12,34,,,,
2.44E-05,1,10,25,,,,
2.45E-05,22,24,27,,,,
2.82E-05,18,19,25,,,,
2.48E-05,91,16,27,,,,
2.44E-05,39,1,27,,,,
2.55E-05,21,7,27,,,,
2.48E-05,15,22,29,,,,
2.60E-05,30,1,41,,,,
3.13E-05,7,6,42,,,,
2.55E-05,13,2,43,,,,
2.52E-05,36,25,49,,,,
2.54E-05,12,42,51,,,,
3.53E-05,28,37,47,,,,
2.49E-05,45,20,49,,,,
2.46E-05,22,10,56,,,,
2.44E-05,13,14,59,,,,
2.45E-05,10,12,57,,,,
2.47E-05,22,1,54,,,,
2.43E-05,11,17,54,,,,
2.43E-05,42,35,40,,,,
4.59E-05,15,8,41,,,,
2.49E-05,24,17,37,,,,
3.82E-05,29,24,36,,,,
2.47E-05,13,29,32,,,,
2.58E-05,24,10,34,,,,
2.47E-05,93,17,40,,,,
2.44E-05,15,11,25,,,,
0.000105,8,18,22,,,,
2.47E-05,13,3,23,,,,
2.44E-05,18,20,24,,,,
2.50E-05,38,22,26,,,,
2.46E-05,14,12,19,,,,
2.76E-05,45,0,3,,,,
2.46E-05,10,0,1,,,,
2.43E-05,35,2,5,,,,
2.97E-05,93,4,7,,,,
2.45E-05,1,4,14,,,,
2.91E-05,22,13,21,,,,
2.52E-05,93,5,20,,,,
2.55E-05,35,8,20,,,,
2.57E-05,30,10,20,,,,
2.44E-05,18,1,17,,,,
2.61E-05,20,6,16,,,,
2.45E-05,20,9,17,,,,
2.44E-05,22,13,17,,,,
2.53E-05,18,0,17,,,,
3.77E-05,18,14,19,,,,
2.53E-05,24,5,18,,,,
2.46E-05,4,0,18,,,,
2.45E-05,14,4,18,,,,
2.45E-05,8,14,18,,,,
2.47E-05,36,22,26,,,,
2.68E-05,42,1,30,,,,
2.46E-05,33,5,20,,,,
2.44E-05,28,8,16,,,,
2.44E-05,34,1,17,,,,
3.00E-05,29,2,23,,,,
3.34E-05,29,2,25,,,,
2.51E-05,8,2,30,,,,
2.47E-05,23,2,45,,,,
2.44E-05,36,35,44,,,,
2.45E-05,18,18,32,,,,
2.43E-05,45,16,40,,,,
2.46E-05,27,29,38,,,,
2.47E-05,24,23,35,,,,
2.47E-05,17,4,37,,,,
2.45E-05,23,10,37,,,,
2.54E-05,9,28,45,,,,
2.55E-05,44,17,45,,,,
2.56E-05,26,43,49,,,,
2.52E-05,93,11,49,,,,
2.52E-05,12,23,50,,,,
2.79E-05,33,40,54,,,,
2.45E-05,8,26,50,,,,
2.48E-05,18,52,54,,,,
2.54E-05,45,20,54,,,,
2.45E-05,21,13,59,,,,
2.47E-05,13,18,57,,,,
2.98E-05,34,8,56,,,,
2.62E-05,31,35,74,,,,
2.46E-05,7,74,77,,,,
2.46E-05,40,54,78,,,,
2.46E-05,39,49,78,,,,
2.46E-05,29,40,77,,,,
2.48E-05,44,54,72,,,,
2.43E-05,30,61,72,,,,
2.44E-05,42,72,74,,,,
2.63E-05,45,73,83,,,,
3.51E-05,10,21,82,,,,
2.54E-05,39,55,81,,,,
2.57E-05,9,7,81,,,,
2.47E-05,43,31,96,,,,
2.43E-05,30,59,95,,,,
2.44E-05,41,89,95,,,,
2.46E-05,27,29,94,,,,
2.55E-05,4,22,96,,,,
2.46E-05,12,26,100,,,,
2.47E-05,35,68,97,,,,
2.46E-05,43,81,95,,,,
2.49E-05,42,77,88,,,,
2.44E-05,31,36,87,,,,
2.46E-05,44,45,87,,,,
2.46E-05,34,81,91,,,,
2.44E-05,95,70,89,,,,
2.45E-05,13,9,92,,,,
2.54E-05,93,39,106,,,,
2.93E-05,21,3,110,,,,
2.46E-05,30,53,108,,,,
2.48E-05,32,75,102,,,,
2.50E-05,37,84,108,,,,
2.46E-05,33,90,99,,,,
2.44E-05,43,10,96,,,,
2.46E-05,32,92,97,,,,
5.33E-05,23,29,91,,,,
2.44E-05,16,92,94,,,,
2.45E-05,31,72,103,,,,
2.56E-05,42,35,102,,,,
2.57E-05,2,62,105,,,,
2.47E-05,5,4,121,,,,
2.46E-05,5,4,121,,,,
2.76E-05,36,110,117,,,,
2.44E-05,8,41,116,,,,
2.49E-05,17,7,119,,,,
2.48E-05,36,29,121,,,,
2.53E-05,9,59,111,,,,
2.51E-05,17,4,109,,,,
2.50E-05,17,4,109,,,,
2.45E-05,15,38,106,,,,
2.56E-05,7,21,110,,,,
2.43E-05,35,10,98,,,,
2.47E-05,95,104,114,,,,
3.03E-05,2,57,118,,,,
2.55E-05,30,80,118,,,,
2.44E-05,16,97,119,,,,
2.60E-05,24,37,126,,,,
3.04E-05,39,71,126,,,,
2.48E-05,12,16,125,,,,
2.62E-05,9,99,127,,,,
2.47E-05,43,66,136,,,,
6.01E-05,37,46,131,,,,
2.56E-05,15,45,131,,,,
2.56E-05,17,13,131,,,,
2.55E-05,30,84,136,,,,
2.53E-05,95,127,133,,,,
2.45E-05,12,35,135,,,,
2.48E-05,1,47,135,,,,
2.73E-05,26,54,125,,,,
2.46E-05,34,67,124,,,,
2.48E-05,37,9,125,,,,
2.46E-05,93,59,129,,,,
2.44E-05,36,27,131,,,,
2.46E-05,3,9,134,,,,
2.45E-05,42,128,133,,,,
2.44E-05,20,16,133,,,,
3.11E-05,13,46,133,,,,
3.01E-05,94,71,125,,,,
2.44E-05,36,79,135,,,,
2.46E-05,33,3,137,,,,
2.44E-05,16,109,126,,,,
2.45E-05,25,75,124,,,,
2.47E-05,41,16,125,,,,
2.47E-05,9,118,126,,,,
2.43E-05,2,116,131,,,,
2.44E-05,28,73,133,,,,
2.51E-05,42,84,147,,,,
2.99E-05,17,20,149,,,,
2.47E-05,5,63,148,,,,
2.48E-05,38,100,140,,,,
2.50E-05,11,120,152,,,,
2.45E-05,11,119,151,,,,
2.49E-05,10,92,153,,,,
2.44E-05,14,46,151,,,,
2.45E-05,8,3,156,,,,
9.26E-05,40,128,153,,,,
2.44E-05,15,68,159,,,,
3.79E-05,40,52,161,,,,
2.52E-05,40,54,156,,,,
2.57E-05,94,144,156,,,,
2.52E-05,28,98,158,,,,
2.99E-05,6,5,159,,,,
2.44E-05,28,97,158,,,,
2.45E-05,23,70,161,,,,
4.63E-05,36,96,162,,,,
2.55E-05,38,147,162,,,,
2.50E-05,12,65,160,,,,
2.61E-05,4,105,172,,,,
2.44E-05,12,109,171,,,,
2.49E-05,92,75,172,,,,
4.75E-05,32,16,171,,,,
2.56E-05,36,125,176,,,,
2.53E-05,4,116,177,,,,
2.53E-05,44,97,175,,,,
2.53E-05,94,29,189,,,,
2.61E-05,34,113,191,,,,
2.52E-05,42,27,188,,,,
2.44E-05,17,8,188,,,,
2.47E-05,2,1,186,,,,
2.45E-05,2,63,190,,,,
2.63E-05,8,106,186,,,,
2.55E-05,43,9,181,,,,
3.10E-05,17,6,182,,,,
2.43E-05,40,36,176,,,,
2.44E-05,8,126,189,,,,
2.45E-05,94,154,188,,,,
2.49E-05,24,113,188,,,,
2.73E-05,91,87,190,,,,
2.54E-05,24,68,191,,,,
2.56E-05,39,53,195,,,,
2.50E-05,35,41,197,,,,
2.60E-05,91,95,196,,,,
2.72E-05,14,101,195,,,,
2.44E-05,33,98,205,,,,
2.44E-05,33,101,208,,,,
2.45E-05,27,68,201,,,,
2.47E-05,92,71,214,,,,
2.61E-05,31,75,223,,,,
5.59E-05,92,73,221,,,,
2.55E-05,36,50,229,,,,
2.56E-05,93,206,228,,,,
2.46E-05,39,3,229,,,,
2.44E-05,94,101,239,,,,
2.46E-05,2,238,240,,,,
3.57E-05,24,74,236,,,,
2.49E-05,44,36,230,,,,
2.45E-05,18,143,228,,,,
2.43E-05,91,24,228,,,,
2.45E-05,17,167,228,,,,
2.50E-05,23,198,229,,,,
2.44E-05,9,211,226,,,,
2.47E-05,30,171,227,,,,
2.47E-05,94,160,226,,,,
2.46E-05,6,31,225,,,,
2.59E-05,8,169,226,,,,
2.45E-05,91,154,228,,,,
3.33E-05,92,104,229,,,,
2.47E-05,6,127,226,,,,
2.42E-05,2,175,226,,,,
2.47E-05,1,206,227,,,,
3.80E-05,45,176,222,,,,
2.43E-05,42,160,219,,,,
2.64E-05,92,100,224,,,,
2.57E-05,92,108,223,,,,
2.57E-05,5,193,226,,,,
2.47E-05,18,13,233,,,,
3.11E-05,4,113,238,,,,
2.46E-05,2,172,240,,,,
2.47E-05,27,65,240,,,,
2.47E-05,24,130,240,,,,
2.46E-05,95,86,237,,,,
2.47E-05,9,137,233,,,,
2.42E-05,14,129,239,,,,
2.44E-05,91,24,234,,,,
2.94E-05,28,111,236,,,,
4.41E-05,7,63,232,,,,
3.57E-05,16,207,233,,,,
2.48E-05,37,86,241,,,,
2.42E-05,25,98,239,,,,
2.99E-05,9,225,247,,,,
2.45E-05,92,172,247,,,,
2.46E-05,6,208,251,,,,
2.47E-05,94,218,248,,,,
2.46E-05,4,201,246,,,,
2.44E-05,6,209,244,,,,
2.45E-05,10,127,250,,,,
2.61E-05,5,30,244,,,,
2.45E-05,13,152,244,,,,
2.72E-05,25,165,231,,,,
2.46E-05,13,62,232,,,,
2.51E-05,30,165,229,,,,
2.54E-05,92,162,226,,,,
2.53E-05,44,185,230,,,,
2.55E-05,23,145,226,,,,
2.60E-05,3,19,227,,,,
2.55E-05,8,103,227,,,,
2.48E-05,16,187,240,,,,
2.43E-05,3,230,238,,,,
2.46E-05,22,139,230,,,,
2.45E-05,41,179,228,,,,
2.51E-05,22,193,235,,,,
2.52E-05,33,158,247,,,,
2.44E-05,36,125,242,,,,
2.57E-05,8,203,238,,,,
2.56E-05,32,39,231,,,,
2.48E-05,13,179,228,,,,
2.44E-05,38,147,226,,,,
2.46E-05,26,47,224,,,,
2.46E-05,15,171,221,,,,
2.58E-05,3,24,223,,,,
2.46E-05,27,68,224,,,,
2.44E-05,45,231,239,,,,
2.66E-05,39,8,232,,,,
2.58E-05,22,77,231,,,,
4.01E-05,1,193,232,,,,
2.51E-05,17,182,233,,,,
2.54E-05,37,69,237,,,,
2.44E-05,34,91,232,,,,
2.44E-05,17,184,235,,,,
2.69E-05,7,125,238,,,,
2.44E-05,5,109,238,,,,
2.46E-05,1,200,238,,,,
2.42E-05,93,227,240,,,,
2.48E-05,2,77,236,,,,
4.07E-05,8,33,212,,,,
2.44E-05,93,192,210,,,,
3.71E-05,3,142,206,,,,
2.44E-05,92,120,197,,,,
2.43E-05,21,171,208,,,,
2.89E-05,27,85,211,,,,
2.47E-05,12,95,205,,,,
2.45E-05,8,7,201,,,,
2.48E-05,5,15,203,,,,
2.48E-05,31,53,203,,,,
2.49E-05,21,107,202,,,,
2.46E-05,95,15,199,,,,
2.48E-05,16,197,204,,,,
2.45E-05,91,173,205,,,,
2.48E-05,8,67,195,,,,
2.44E-05,34,62,186,,,,
3.56E-05,3,103,186,,,,
2.44E-05,37,46,189,,,,
2.47E-05,18,144,188,,,,
2.46E-05,22,49,187,,,,
2.45E-05,20,6,187,,,,
2.45E-05,3,47,195,,,,
2.46E-05,16,148,191,,,,
2.51E-05,14,112,191,,,,
2.44E-05,2,148,194,,,,
2.46E-05,11,3,199,,,,
2.46E-05,10,141,198,,,,
2.45E-05,9,130,198,,,,
2.47E-05,33,109,205,,,,
2.49E-05,19,30,198,,,,
2.45E-05,45,125,205,,,,
2.44E-05,20,131,205,,,,
4.83E-05,3,181,209,,,,
2.49E-05,29,145,227,,,,
2.48E-05,38,176,215,,,,
2.52E-05,92,162,223,,,,
3.01E-05,9,90,222,,,,
2.53E-05,20,191,229,,,,
2.43E-05,95,47,229,,,,
2.46E-05,44,179,222,,,,
2.45E-05,4,31,223,,,,
2.54E-05,93,131,213,,,,
4.17E-05,12,100,213,,,,
2.43E-05,29,66,215,,,,
2.44E-05,42,213,219,,,,
2.46E-05,42,220,227,,,,
2.46E-05,25,118,211,,,,
2.45E-05,39,10,210,,,,
2.72E-05,14,149,202,,,,
3.95E-05,40,49,207,,,,
2.51E-05,91,27,205,,,,
2.42E-05,91,69,204,,,,
2.42E-05,5,157,195,,,,
2.46E-05,35,78,197,,,,
2.46E-05,41,165,189,,,,
2.44E-05,14,8,173,,,,
2.57E-05,8,1,172,,,,
2.46E-05,37,14,180,,,,
2.44E-05,25,49,175,,,,
2.46E-05,15,72,169,,,,
2.49E-05,37,12,177,,,,
2.79E-05,37,10,175,,,,
2.46E-05,23,102,178,,,,
2.45E-05,29,19,176,,,,
2.46E-05,13,39,168,,,,
2.46E-05,91,107,158,,,,
2.44E-05,92,138,157,,,,
3.32E-05,45,65,154,,,,
2.57E-05,38,11,157,,,,
2.42E-05,10,45,156,,,,
2.45E-05,30,36,151,,,,
2.47E-05,20,10,153,,,,
2.43E-05,24,158,161,,,,
2.54E-05,2,99,177,,,,
2.44E-05,13,159,170,,,,
2.46E-05,40,142,166,,,,
2.83E-05,18,114,168,,,,
2.44E-05,95,57,160,,,,
2.45E-05,38,59,159,,,,
3.22E-05,91,140,166,,,,
2.57E-05,16,106,166,,,,
2.62E-05,32,126,162,,,,
2.44E-05,30,46,163,,,,
2.47E-05,5,141,166,,,,
2.46E-05,26,87,169,,,,
2.62E-05,29,34,168,,,,
2.46E-05,9,110,161,,,,
2.46E-05,42,33,161,,,,
2.44E-05,22,88,170,,,,
2.91E-05,31,141,169,,,,
2.46E-05,27,102,172,,,,
2.45E-05,8,112,172,,,,
2.72E-05,19,39,162,,,,
2.49E-05,27,96,162,,,,
2.58E-05,19,84,166,,,,
3.69E-05,28,142,168,,,,
2.54E-05,4,155,169,,,,
3.38E-05,8,103,176,,,,
2.52E-05,34,35,178,,,,
2.50E-05,30,166,170,,,,
2.41E-05,14,75,170,,,,
2.47E-05,25,133,189,,,,
2.47E-05,34,195,197,,,,
2.52E-05,27,143,196,,,,
2.47E-05,36,65,195,,,,
2.45E-05,93,148,193,,,,
2.43E-05,14,37,191,,,,
2.47E-05,14,60,187,,,,
2.44E-05,28,39,187,,,,
2.46E-05,40,91,187,,,,
2.45E-05,12,61,187,,,,
2.46E-05,17,96,192,,,,
2.44E-05,91,55,188,,,,
3.60E-05,13,23,185,,,,
4.11E-05,14,100,187,,,,
2.72E-05,16,0,191,,,,
2.46E-05,7,37,191,,,,
2.45E-05,34,167,197,,,,
2.45E-05,15,104,211,,,,
2.82E-05,40,76,213,,,,
2.47E-05,14,156,217,,,,
2.47E-05,13,21,218,,,,
2.45E-05,39,175,211,,,,
2.45E-05,36,130,213,,,,
2.43E-05,29,139,209,,,,
2.42E-05,18,197,208,,,,
2.46E-05,13,84,212,,,,
2.56E-05,15,100,218,,,,
2.46E-05,35,154,219,,,,
2.46E-05,13,19,218,,,,
2.48E-05,18,100,234,,,,
2.44E-05,17,189,235,,,,
2.45E-05,17,104,229,,,,
2.45E-05,95,145,227,,,,
2.47E-05,22,126,228,,,,
2.53E-05,14,63,226,,,,
3.32E-05,94,146,217,,,,
0.0001118,10,182,214,,,,
2.46E-05,93,103,217,,,,
2.46E-05,92,111,218,,,,
3.05E-05,30,159,218,,,,
2.46E-05,20,8,211,,,,
2.45E-05,25,0,220,,,,
2.49E-05,91,116,223,,,,
2.58E-05,39,133,212,,,,
2.86E-05,12,75,212,,,,
2.53E-05,20,11,213,,,,
2.53E-05,12,89,216,,,,
2.47E-05,26,41,212,,,,
2.43E-05,3,201,210,,,,
2.48E-05,22,86,209,,,,
2.48E-05,92,7,205,,,,
2.44E-05,14,147,203,,,,
2.45E-05,23,77,201,,,,
2.48E-05,95,197,212,,,,
2.56E-05,14,104,200,,,,
2.54E-05,27,13,203,,,,
2.99E-05,44,89,184,,,,
2.46E-05,29,124,185,,,,
2.41E-05,23,158,177,,,,
2.45E-05,13,88,171,,,,
2.47E-05,37,136,173,,,,
2.48E-05,21,150,165,,,,
2.43E-05,93,19,171,,,,
2.48E-05,13,81,164,,,,
2.46E-05,35,126,168,,,,
2.43E-05,94,156,169,,,,
2.43E-05,7,29,168,,,,
3.03E-05,29,45,160,,,,
2.47E-05,30,99,160,,,,
2.49E-05,41,147,156,,,,
2.50E-05,30,30,137,,,,
2.45E-05,35,130,139,,,,
2.59E-05,25,1,143,,,,
4.39E-05,23,118,146,,,,
3.91E-05,38,131,145,,,,
2.46E-05,7,146,149,,,,
2.43E-05,35,24,146,,,,
3.56E-05,41,85,146,,,,
2.53E-05,43,105,144,,,,
2.57E-05,29,39,141,,,,
3.12E-05,25,74,140,,,,
2.48E-05,3,123,141,,,,
2.46E-05,92,50,147,,,,
2.47E-05,36,88,137,,,,
2.45E-05,12,90,137,,,,
2.44E-05,93,26,129,,,,
2.48E-05,91,14,130,,,,
2.46E-05,36,96,129,,,,
2.45E-05,10,48,119,,,,
2.51E-05,24,38,131,,,,
2.45E-05,7,9,131,,,,
2.45E-05,4,79,130,,,,
2.45E-05,19,85,127,,,,
2.46E-05,36,102,128,,,,
2.62E-05,17,114,124,,,,
2.52E-05,13,74,128,,,,
2.46E-05,19,87,127,,,,
2.44E-05,6,50,126,,,,
2.44E-05,10,71,117,,,,
2.46E-05,95,49,110,,,,
2.45E-05,92,56,109,,,,
2.55E-05,26,34,116,,,,
2.69E-05,40,95,114,,,,
2.56E-05,15,54,114,,,,
2.61E-05,93,114,120,,,,
2.55E-05,95,42,115,,,,
2.44E-05,3,33,123,,,,
3.07E-05,37,7,121,,,,
2.57E-05,28,84,121,,,,
2.53E-05,18,82,121,,,,
2.52E-05,43,99,123,,,,
2.54E-05,42,101,119,,,,
2.51E-05,42,101,119,,,,
2.46E-05,14,86,115,,,,
2.50E-05,95,58,117,,,,
2.60E-05,9,28,113,,,,
2.97E-05,93,98,119,,,,
2.47E-05,3,32,112,,,,
2.50E-05,42,82,112,,,,
6.01E-05,39,98,118,,,,
2.90E-05,32,80,120,,,,
2.47E-05,28,73,119,,,,
2.43E-05,21,34,117,,,,
3.79E-05,39,90,119,,,,
2.46E-05,32,37,130,,,,
2.46E-05,11,66,136,,,,
2.47E-05,39,32,142,,,,
2.44E-05,7,31,153,,,,
2.44E-05,31,131,148,,,,
2.43E-05,92,76,149,,,,
2.45E-05,15,107,153,,,,
3.34E-05,13,81,165,,,,
2.46E-05,17,38,168,,,,
2.46E-05,10,6,170,,,,
2.46E-05,95,44,178,,,,
2.51E-05,36,53,171,,,,
2.60E-05,42,93,174,,,,
2.73E-05,94,155,165,,,,
3.63E-05,10,14,165,,,,
2.44E-05,93,136,161,,,,
2.45E-05,14,114,169,,,,
2.46E-05,36,29,169,,,,
2.58E-05,7,59,173,,,,
2.98E-05,15,152,167,,,,
3.08E-05,6,157,180,,,,
2.51E-05,35,30,180,,,,
2.45E-05,44,184,187,,,,
2.60E-05,24,77,201,,,,
4.09E-05,5,175,200,,,,
2.66E-05,40,86,200,,,,
2.56E-05,43,32,205,,,,
4.82E-05,24,5,214,,,,
2.47E-05,26,199,223,,,,
2.45E-05,13,161,218,,,,
2.46E-05,13,57,212,,,,
2.44E-05,37,89,215,,,,
2.47E-05,34,179,223,,,,
3.63E-05,26,193,223,,,,
2.48E-05,8,158,225,,,,
2.46E-05,22,40,215,,,,
2.48E-05,94,86,223,,,,
3.58E-05,38,44,224,,,,
2.75E-05,22,40,223,,,,
2.50E-05,12,98,212,,,,
2.55E-05,10,30,215,,,,
2.50E-05,43,206,212,,,,
2.43E-05,3,213,225,,,,
2.47E-05,8,211,227,,,,
2.49E-05,4,157,214,,,,
2.45E-05,1,34,219,,,,
3.38E-05,5,203,218,,,,
2.50E-05,95,179,216,,,,
2.43E-05,20,145,217,,,,
2.48E-05,29,122,220,,,,
2.45E-05,1,39,220,,,,
0.0002874,30,140,237,,,,
2.44E-05,38,201,231,,,,
2.44E-05,24,97,231,,,,
2.48E-05,43,26,238,,,,
2.45E-05,25,10,234,,,,
2.54E-05,91,20,236,,,,
2.55E-05,19,132,239,,,,
2.55E-05,38,50,238,,,,
3.08E-05,34,4,224,,,,
2.45E-05,8,11,225,,,,
2.46E-05,28,112,231,,,,
2.48E-05,8,9,226,,,,
2.47E-05,4,21,221,,,,
0.0001017,91,65,224,,,,
3.19E-05,95,138,227,,,,
2.54E-05,29,113,230,,,,
2.46E-05,38,6,231,,,,
2.45E-05,26,48,239,,,,
2.48E-05,5,232,241,,,,
2.45E-05,33,228,253,,,,
2.44E-05,38,237,254,,,,
2.46E-05,36,39,253,,,,
2.47E-05,44,87,252,,,,
2.42E-05,44,85,251,,,,
2.45E-05,17,21,255,,,,
2.47E-05,5,56,253,,,,
2.41E-05,33,193,257,,,,
2.52E-05,34,40,266,,,,
2.44E-05,6,191,261,,,,
2.47E-05,12,174,263,,,,
2.52E-05,21,173,266,,,,
2.53E-05,8,129,259,,,,
2.45E-05,13,183,260,,,,
2.46E-05,31,131,263,,,,
2.50E-05,25,227,261,,,,
2.99E-05,15,41,249,,,,
2.44E-05,33,233,254,,,,
2.46E-05,43,31,251,,,,
2.59E-05,29,67,266,,,,
2.48E-05,21,163,265,,,,
2.56E-05,5,66,266,,,,
2.45E-05,93,218,263,,,,
2.45E-05,10,72,253,,,,
2.49E-05,3,133,252,,,,
2.46E-05,37,237,252,,,,
2.48E-05,92,82,263,,,,
0.0002497,35,77,276,,,,
2.72E-05,12,176,269,,,,
2.54E-05,33,141,273,,,,
2.51E-05,26,7,268,,,,
2.47E-05,92,125,266,,,,
2.46E-05,4,22,271,,,,
2.47E-05,37,170,269,,,,
4.84E-05,6,155,271,,,,
2.47E-05,4,51,266,,,,
2.52E-05,13,205,265,,,,
2.60E-05,23,23,267,,,,
2.50E-05,95,49,267,,,,
2.43E-05,91,254,280,,,,
2.46E-05,20,191,277,,,,
2.47E-05,16,12,272,,,,
2.46E-05,36,174,269,,,,
2.46E-05,36,225,276,,,,
2.44E-05,22,238,276,,,,
2.56E-05,21,276,294,,,,
2.47E-05,19,19,294,,,,
2.44E-05,38,78,292,,,,
2.45E-05,28,253,295,,,,
2.47E-05,27,103,295,,,,
2.51E-05,17,208,296,,,,
2.46E-05,44,168,303,,,,
2.44E-05,24,129,309,,,,
3.09E-05,44,56,313,,,,
2.47E-05,6,195,316,,,,
2.47E-05,39,24,321,,,,
2.44E-05,33,12,325,,,,
2.76E-05,25,221,324,,,,
2.61E-05,34,9,321,,,,
3.47E-05,29,198,336,,,,
2.44E-05,24,320,335,,,,
2.64E-05,8,34,337,,,,
2.45E-05,93,284,335,,,,
2.49E-05,93,294,349,,,,
2.45E-05,35,182,340,,,,
2.46E-05,12,10,343,,,,
2.43E-05,95,57,348,,,,
2.49E-05,36,277,350,,,,
2.45E-05,27,197,348,,,,
3.49E-05,25,141,349,,,,
3.03E-05,15,97,344,,,,
2.45E-05,24,332,345,,,,
2.45E-05,25,138,338,,,,
2.42E-05,4,59,328,,,,
2.47E-05,2,314,334,,,,
3.63E-05,41,171,339,,,,
2.43E-05,32,148,330,,,,
2.59E-05,32,105,331,,,,
2.50E-05,27,168,331,,,,
2.57E-05,13,96,335,,,,
2.49E-05,30,275,332,,,,
2.44E-05,6,256,324,,,,
2.59E-05,45,64,325,,,,
3.02E-05,21,330,332,,,,
2.96E-05,32,5,335,,,,
2.47E-05,42,98,331,,,,
2.47E-05,14,322,335,,,,
2.55E-05,95,63,326,,,,
2.59E-05,15,140,317,,,,
2.53E-05,22,110,324,,,,
2.52E-05,95,114,315,,,,
2.45E-05,27,210,311,,,,
2.45E-05,91,163,319,,,,
2.57E-05,26,124,317,,,,
2.53E-05,17,166,313,,,,
2.52E-05,35,59,311,,,,
2.46E-05,93,262,314,,,,
2.45E-05,10,246,311,,,,
2.46E-05,7,27,312,,,,
2.45E-05,92,51,308,,,,
2.45E-05,9,148,304,,,,
2.44E-05,18,281,308,,,,
2.47E-05,94,200,310,,,,
2.48E-05,12,212,306,,,,
3.12E-05,32,155,308,,,,
2.47E-05,95,184,312,,,,
2.57E-05,32,264,322,,,,
2.54E-05,31,127,323,,,,
4.65E-05,41,224,327,,,,
2.44E-05,93,117,317,,,,
2.45E-05,12,279,318,,,,
2.62E-05,42,104,328,,,,
2.97E-05,94,211,331,,,,
2.53E-05,38,253,327,,,,
2.46E-05,94,139,335,,,,
2.57E-05,35,173,331,,,,
2.57E-05,38,148,323,,,,
2.87E-05,19,242,321,,,,
2.48E-05,8,161,308,,,,
3.06E-05,24,26,315,,,,
2.44E-05,33,311,317,,,,
2.44E-05,33,120,303,,,,
2.45E-05,8,162,301,,,,
2.55E-05,31,95,313,,,,
2.46E-05,26,151,310,,,,
2.49E-05,12,256,311,,,,
2.44E-05,42,6,313,,,,
2.45E-05,32,146,313,,,,
2.49E-05,31,99,306,,,,
2.78E-05,91,273,298,,,,
2.59E-05,43,124,290,,,,
2.50E-05,34,207,287,,,,
2.47E-05,3,89,292,,,,
2.44E-05,29,67,290,,,,
2.73E-05,11,90,291,,,,
2.47E-05,92,209,291,,,,
2.58E-05,34,146,289,,,,
2.45E-05,38,253,296,,,,
2.62E-05,32,120,308,,,,
3.95E-05,33,199,308,,,,
2.61E-05,22,45,310,,,,
2.53E-05,18,143,299,,,,
2.47E-05,20,34,313,,,,
3.00E-05,16,192,309,,,,
2.45E-05,94,170,310,,,,
3.04E-05,40,66,305,,,,
2.45E-05,43,171,289,,,,
2.45E-05,37,43,290,,,,
2.47E-05,6,207,297,,,,
2.49E-05,9,112,300,,,,
2.58E-05,3,15,299,,,,
2.48E-05,22,285,301,,,,
2.68E-05,14,112,301,,,,
2.57E-05,45,39,302,,,,
2.47E-05,28,284,309,,,,
2.45E-05,45,5,307,,,,
2.61E-05,30,134,313,,,,
2.94E-05,32,119,315,,,,
2.51E-05,45,7,315,,,,
2.55E-05,34,225,316,,,,
2.45E-05,91,219,324,,,,
2.54E-05,9,139,322,,,,
2.48E-05,37,151,324,,,,
2.45E-05,32,125,317,,,,
3.98E-05,5,140,321,,,,
2.45E-05,5,194,330,,,,
2.51E-05,19,144,331,,,,
3.17E-05,91,71,336,,,,
2.46E-05,34,74,334,,,,
2.46E-05,6,77,323,,,,
2.44E-05,40,155,322,,,,
2.45E-05,11,28,315,,,,
2.45E-05,45,208,318,,,,
2.41E-05,45,207,317,,,,
2.45E-05,37,244,316,,,,
2.46E-05,24,306,320,,,,
2.45E-05,40,138,322,,,,
3.04E-05,18,33,310,,,,
2.45E-05,94,174,313,,,,
2.51E-05,19,139,319,,,,
2.47E-05,43,50,316,,,,
2.44E-05,21,311,316,,,,
2.49E-05,19,88,322,,,,
3.22E-05,24,195,321,,,,
2.46E-05,20,5,321,,,,
2.47E-05,95,148,327,,,,
2.49E-05,30,267,320,,,,
2.60E-05,37,307,319,,,,
3.64E-05,21,18,321,,,,
2.45E-05,23,159,308,,,,
2.47E-05,5,64,304,,,,
2.45E-05,43,55,305,,,,
2.44E-05,92,106,302,,,,
2.46E-05,13,181,301,,,,
2.46E-05,92,282,302,,,,
2.46E-05,12,74,303,,,,
2.44E-05,92,159,302,,,,
2.52E-05,18,88,294,,,,
2.45E-05,24,264,288,,,,
2.48E-05,35,171,295,,,,
2.44E-05,14,282,289,,,,
3.00E-05,31,113,290,,,,
3.05E-05,5,53,295,,,,
2.46E-05,8,56,286,,,,
2.54E-05,1,35,284,,,,
2.50E-05,20,224,284,,,,
2.55E-05,45,163,284,,,,
2.54E-05,20,177,285,,,,
2.54E-05,95,203,285,,,,
2.51E-05,4,268,285,,,,
2.53E-05,44,36,286,,,,
2.50E-05,14,124,283,,,,
2.52E-05,20,67,275,,,,
2.58E-05,32,154,278,,,,
2.45E-05,6,150,290,,,,
2.49E-05,21,194,293,,,,
2.53E-05,1,286,294,,,,
2.49E-05,21,206,294,,,,
2.46E-05,3,3,293,,,,
2.44E-05,24,63,290,,,,
2.46E-05,6,132,281,,,,
2.46E-05,45,149,279,,,,
2.45E-05,28,120,280,,,,
3.28E-05,42,232,274,,,,
2.45E-05,95,202,275,,,,
2.48E-05,91,2,274,,,,
2.45E-05,20,119,274,,,,
2.45E-05,7,146,272,,,,
2.54E-05,19,4,259,,,,
2.98E-05,8,154,252,,,,
2.66E-05,6,111,248,,,,
3.29E-05,95,154,251,,,,
2.50E-05,1,138,256,,,,
2.45E-05,92,146,252,,,,
2.55E-05,1,237,257,,,,
2.99E-05,9,147,245,,,,
2.47E-05,16,38,246,,,,
2.50E-05,44,23,246,,,,
2.44E-05,34,212,248,,,,
2.46E-05,18,64,246,,,,
3.05E-05,94,142,251,,,,
2.57E-05,19,244,260,,,,
3.04E-05,10,143,262,,,,
2.47E-05,36,133,258,,,,
2.46E-05,17,225,264,,,,
2.63E-05,95,88,275,,,,
2.54E-05,15,108,303,,,,
2.43E-05,11,258,304,,,,
2.43E-05,20,19,296,,,,
2.44E-05,17,246,292,,,,
2.47E-05,93,30,275,,,,
2.54E-05,10,195,273,,,,
2.46E-05,36,73,265,,,,
2.44E-05,18,29,266,,,,
2.57E-05,30,40,266,,,,
2.47E-05,5,231,267,,,,
2.60E-05,91,58,266,,,,
3.68E-05,45,55,266,,,,
2.60E-05,1,210,272,,,,
2.53E-05,92,93,272,,,,
2.51E-05,17,27,272,,,,
2.54E-05,11,263,271,,,,
2.52E-05,33,236,257,,,,
3.09E-05,18,126,258,,,,
2.48E-05,1,203,255,,,,
2.45E-05,91,126,256,,,,
2.53E-05,11,167,259,,,,
2.58E-05,91,133,263,,,,
2.47E-05,4,38,261,,,,
2.46E-05,25,137,267,,,,
2.48E-05,5,13,272,,,,
2.45E-05,6,210,266,,,,
2.45E-05,41,47,262,,,,
2.44E-05,42,80,249,,,,
2.44E-05,25,205,230,,,,
2.48E-05,27,195,225,,,,
2.46E-05,22,77,213,,,,
2.47E-05,40,76,218,,,,
2.48E-05,94,99,214,,,,
2.57E-05,40,59,202,,,,
2.45E-05,1,164,211,,,,
3.19E-05,27,168,201,,,,
3.10E-05,39,4,201,,,,
2.52E-05,20,24,201,,,,
2.60E-05,40,169,195,,,,
2.46E-05,22,57,198,,,,
2.44E-05,32,27,194,,,,
3.64E-05,43,139,191,,,,
2.54E-05,16,23,194,,,,
2.53E-05,24,166,192,,,,
2.85E-05,12,1,185,,,,
2.45E-05,93,133,195,,,,
2.45E-05,31,107,194,,,,
2.45E-05,36,17,178,,,,
2.44E-05,43,46,183,,,,
2.47E-05,17,184,187,,,,
2.53E-05,13,36,186,,,,
2.64E-05,94,126,191,,,,
2.45E-05,23,155,189,,,,
2.46E-05,11,54,190,,,,
2.44E-05,92,82,187,,,,
2.99E-05,23,80,193,,,,
2.45E-05,23,50,182,,,,
2.47E-05,93,168,190,,,,
2.45E-05,35,54,180,,,,
2.95E-05,29,136,183,,,,
2.42E-05,19,72,190,,,,
2.44E-05,26,181,204,,,,
2.66E-05,29,191,209,,,,
3.46E-05,13,155,220,,,,
2.48E-05,21,112,221,,,,
2.45E-05,9,31,219,,,,
2.45E-05,30,28,220,,,,
2.46E-05,94,48,211,,,,
2.54E-05,31,98,214,,,,
2.58E-05,31,21,218,,,,
3.76E-05,43,73,211,,,,
2.46E-05,4,18,218,,,,
2.45E-05,9,9,219,,,,
2.61E-05,1,138,226,,,,
2.50E-05,94,198,235,,,,
2.47E-05,41,113,222,,,,
2.45E-05,22,148,221,,,,
2.45E-05,3,5,224,,,,
2.57E-05,24,212,222,,,,
2.46E-05,93,140,221,,,,
2.46E-05,31,192,218,,,,
2.48E-05,35,59,221,,,,
3.13E-05,19,220,223,,,,
2.59E-05,2,63,229,,,,
2.67E-05,29,47,232,,,,
2.73E-05,4,231,236,,,,
2.51E-05,11,36,234,,,,
2.54E-05,92,166,235,,,,
2.53E-05,14,196,229,,,,
2.52E-05,37,158,230,,,,
2.44E-05,6,211,230,,,,
2.46E-05,28,227,230,,,,
2.45E-05,5,19,227,,,,
2.86E-05,24,26,218,,,,
2.49E-05,5,8,219,,,,
3.38E-05,93,178,222,,,,
2.54E-05,41,123,222,,,,
2.63E-05,42,78,220,,,,
2.46E-05,42,76,228,,,,
2.43E-05,31,212,222,,,,
2.46E-05,44,220,225,,,,
2.50E-05,34,100,227,,,,
2.44E-05,40,160,224,,,,
2.44E-05,42,72,229,,,,
2.66E-05,19,54,222,,,,
2.50E-05,8,54,221,,,,
2.47E-05,41,50,222,,,,
2.97E-05,95,91,197,,,,
2.48E-05,21,172,202,,,,
2.49E-05,17,81,197,,,,
2.46E-05,1,178,198,,,,
2.54E-05,8,32,190,,,,
2.46E-05,42,154,191,,,,
2.43E-05,44,17,193,,,,
2.45E-05,12,103,196,,,,
3.02E-05,1,1,196,,,,
3.16E-05,26,67,191,,,,
2.46E-05,30,160,191,,,,
2.45E-05,12,77,189,,,,
2.44E-05,24,143,172,,,,
2.45E-05,5,35,170,,,,
2.46E-05,36,81,170,,,,
2.45E-05,26,82,174,,,,
2.46E-05,27,48,183,,,,
2.46E-05,94,140,185,,,,
2.44E-05,44,13,179,,,,
2.45E-05,20,74,171,,,,
2.42E-05,35,76,171,,,,
3.06E-05,15,95,169,,,,
2.47E-05,94,134,176,,,,
2.48E-05,6,160,176,,,,
2.91E-05,29,109,174,,,,
2.57E-05,43,148,183,,,,
2.45E-05,37,190,194,,,,
2.47E-05,20,43,193,,,,
2.50E-05,5,137,188,,,,
2.55E-05,26,50,186,,,,
2.55E-05,34,176,184,,,,
2.48E-05,13,56,183,,,,
2.96E-05,33,187,190,,,,
2.46E-05,3,6,187,,,,
2.46E-05,93,161,190,,,,
2.50E-05,44,57,189,,,,
2.53E-05,44,36,180,,,,
2.59E-05,42,75,180,,,,
2.50E-05,20,39,198,,,,
2.94E-05,94,148,189,,,,
2.54E-05,26,109,190,,,,
2.45E-05,27,3,188,,,,
3.04E-05,29,39,187,,,,
2.46E-05,23,167,192,,,,
7.23E-05,92,187,193,,,,
2.58E-05,28,107,191,,,,
3.03E-05,23,93,196,,,,
2.48E-05,27,182,198,,,,
2.45E-05,7,10,201,,,,
2.45E-05,43,118,196,,,,
2.46E-05,26,14,194,,,,
2.61E-05,40,146,192,,,,
2.47E-05,35,170,190,,,,
4.95E-05,3,107,185,,,,
3.02E-05,29,95,186,,,,
2.44E-05,11,19,177,,,,
2.45E-05,42,119,172,,,,
2.50E-05,94,59,174,,,,
2.45E-05,41,86,165,,,,
2.50E-05,37,125,160,,,,
2.47E-05,31,105,177,,,,
2.48E-05,20,112,179,,,,
2.45E-05,21,178,181,,,,
2.63E-05,38,0,154,,,,
2.58E-05,2,135,155,,,,
2.48E-05,44,91,154,,,,
2.53E-05,13,5,160,,,,
2.45E-05,35,78,161,,,,
2.46E-05,44,146,158,,,,
2.46E-05,17,142,155,,,,
2.45E-05,3,19,155,,,,
2.45E-05,7,26,157,,,,
2.45E-05,34,132,150,,,,
2.46E-05,21,137,153,,,,
2.47E-05,26,119,151,,,,
2.43E-05,12,57,153,,,,
3.03E-05,3,25,146,,,,
2.48E-05,39,100,155,,,,
2.47E-05,20,106,156,,,,
2.45E-05,94,95,153,,,,
2.45E-05,29,132,155,,,,
2.46E-05,11,131,157,,,,
2.55E-05,31,117,146,,,,
2.44E-05,10,10,147,,,,
2.46E-05,25,16,146,,,,
2.46E-05,41,57,142,,,,
2.44E-05,12,125,131,,,,
2.45E-05,26,67,135,,,,
2.44E-05,10,34,137,,,,
2.42E-05,12,51,138,,,,
2.44E-05,24,4,135,,,,
2.46E-05,10,34,134,,,,
2.46E-05,29,23,128,,,,
2.47E-05,20,102,142,,,,
2.45E-05,14,38,144,,,,
2.46E-05,36,58,131,,,,
2.73E-05,19,39,125,,,,
2.45E-05,22,30,126,,,,
2.43E-05,2,47,122,,,,
2.45E-05,2,102,122,,,,
2.50E-05,6,18,112,,,,
2.42E-05,5,53,114,,,,
3.06E-05,31,3,110,,,,
3.64E-05,93,16,119,,,,
2.45E-05,38,43,115,,,,
2.47E-05,40,28,104,,,,
2.45E-05,94,22,101,,,,
2.45E-05,12,40,90,,,,
2.43E-05,37,61,91,,,,
2.45E-05,4,10,92,,,,
2.46E-05,30,70,94,,,,
2.46E-05,30,94,98,,,,
2.68E-05,30,99,107,,,,
2.46E-05,11,76,119,,,,
3.19E-05,11,47,113,,,,
2.46E-05,4,16,110,,,,
2.47E-05,36,34,116,,,,
3.08E-05,15,71,120,,,,
2.46E-05,39,106,118,,,,
2.99E-05,95,76,117,,,,
2.48E-05,36,42,117,,,,
3.11E-05,8,3,126,,,,
2.44E-05,94,84,116,,,,
2.45E-05,36,70,119,,,,
2.47E-05,6,75,126,,,,
2.46E-05,37,25,125,,,,
3.59E-05,33,110,116,,,,
3.58E-05,6,24,110,,,,
2.60E-05,7,28,114,,,,
2.46E-05,6,31,104,,,,
2.57E-05,33,90,105,,,,
2.48E-05,45,49,108,,,,
2.45E-05,42,79,111,,,,
2.55E-05,42,79,107,,,,
2.58E-05,40,89,110,,,,
2.47E-05,38,25,111,,,,
2.57E-05,14,59,115,,,,
2.41E-05,24,65,115,,,,
2.47E-05,14,59,119,,,,
2.46E-05,34,24,121,,,,
2.46E-05,2,82,121,,,,
3.11E-05,94,90,114,,,,
2.46E-05,18,0,118,,,,
2.47E-05,7,86,121,,,,
2.59E-05,2,117,122,,,,
2.44E-05,13,25,130,,,,
2.52E-05,31,79,130,,,,
2.52E-05,38,45,135,,,,
2.54E-05,18,84,140,,,,
2.98E-05,94,49,139,,,,
2.59E-05,94,30,137,,,,
2.58E-05,40,135,138,,,,
3.59E-05,24,71,127,,,,
3.60E-05,5,100,113,,,,
2.52E-05,95,61,108,,,,
2.97E-05,41,90,109,,,,
2.52E-05,1,53,108,,,,
2.50E-05,12,61,106,,,,
2.44E-05,37,24,107,,,,
3.15E-05,94,25,116,,,,
2.54E-05,7,45,115,,,,
2.64E-05,91,96,106,,,,
2.59E-05,24,49,105,,,,
2.48E-05,45,62,100,,,,
2.47E-05,36,66,101,,,,
2.45E-05,31,43,99,,,,
2.54E-05,95,69,100,,,,
2.52E-05,24,58,100,,,,
2.53E-05,44,36,98,,,,
2.52E-05,31,45,98,,,,
3.51E-05,95,80,92,,,,
2.52E-05,31,17,83,,,,
2.47E-05,31,51,88,,,,
2.45E-05,25,12,87,,,,
2.46E-05,26,49,105,,,,
2.52E-05,16,41,110,,,,
3.10E-05,9,53,109,,,,
2.55E-05,20,16,111,,,,
2.46E-05,33,6,111,,,,
2.46E-05,15,0,112,,,,
2.44E-05,8,0,106,,,,
2.47E-05,2,62,103,,,,
2.46E-05,9,91,107,,,,
2.44E-05,18,98,116,,,,
2.55E-05,94,88,108,,,,
2.46E-05,13,2,119,,,,
2.48E-05,95,102,124,,,,
3.40E-05,6,40,123,,,,
5.46E-05,38,56,119,,,,
2.49E-05,32,98,112,,,,
2.46E-05,12,69,111,,,,
3.13E-05,44,5,110,,,,
3.69E-05,94,107,111,,,,
3.33E-05,25,62,110,,,,
2.46E-05,19,40,103,,,,
2.49E-05,2,24,109,,,,
2.62E-05,16,32,101,,,,
3.28E-05,95,68,103,,,,
2.48E-05,7,41,104,,,,
2.52E-05,39,70,110,,,,
2.44E-05,92,91,122,,,,
2.45E-05,1,47,125,,,,
2.47E-05,41,100,129,,,,
2.43E-05,21,99,136,,,,
2.44E-05,95,31,133,,,,
2.45E-05,32,65,139,,,,
2.44E-05,24,94,139,,,,
2.44E-05,39,91,139,,,,
2.42E-05,7,25,136,,,,
2.53E-05,38,85,132,,,,
2.78E-05,27,102,130,,,,
2.55E-05,39,35,128,,,,
2.51E-05,17,105,117,,,,
2.54E-05,11,102,117,,,,
3.00E-05,9,71,113,,,,
3.07E-05,2,95,109,,,,
2.44E-05,14,27,103,,,,
2.54E-05,33,98,102,,,,
2.52E-05,20,59,102,,,,
2.45E-05,14,20,82,,,,
2.48E-05,36,1,82,,,,
2.47E-05,92,42,86,,,,
2.54E-05,22,74,97,,,,
2.48E-05,36,49,95,,,,
0.0002775,92,66,99,,,,
2.49E-05,36,28,98,,,,
2.46E-05,1,31,93,,,,
2.44E-05,92,62,93,,,,
2.50E-05,43,1,83,,,,
2.58E-05,26,29,93,,,,
2.45E-05,27,80,93,,,,
2.49E-05,45,2,98,,,,
2.50E-05,43,67,93,,,,
2.76E-05,20,72,93,,,,
2.55E-05,17,13,93,,,,
2.44E-05,94,42,80,,,,
2.43E-05,16,63,82,,,,
2.47E-05,12,2,81,,,,
2.59E-05,91,69,73,,,,
2.55E-05,10,41,64,,,,
2.47E-05,40,32,53,,,,
2.42E-05,14,14,52,,,,
2.43E-05,20,48,53,,,,
2.46E-05,27,12,47,,,,
2.56E-05,15,4,47,,,,
2.43E-05,3,31,46,,,,
2.47E-05,7,6,45,,,,
2.53E-05,42,1,44,,,,
2.48E-05,39,14,44,,,,
2.54E-05,29,37,42,,,,
2.46E-05,37,35,43,,,,
2.46E-05,30,27,42,,,,
2.84E-05,92,23,44,,,,
2.45E-05,30,24,38,,,,
2.45E-05,11,17,43,,,,
2.43E-05,28,8,39,,,,
2.46E-05,38,14,40,,,,
2.44E-05,43,35,38,,,,
2.44E-05,37,6,40,,,,
2.45E-05,31,35,37,,,,
2.43E-05,91,26,34,,,,
2.44E-05,22,32,35,,,,
3.04E-05,91,26,36,,,,
4.47E-05,3,32,43,,,,
2.44E-05,41,19,51,,,,
2.45E-05,24,44,49,,,,
2.44E-05,28,41,48,,,,
2.45E-05,42,22,28,,,,
2.45E-05,41,17,21,,,,
0.0001091,3,24,26,,,,
2.44E-05,35,4,23,,,,
2.60E-05,94,1,14,,,,
4.03E-05,9,8,12,,,,
2.55E-05,4,5,8,,,,
2.94E-05,32,4,10,,,,
2.52E-05,4,0,6,,,,
2.61E-05,93,0,2,,,,
2.44E-05,9,1,6,,,,
5.45E-05,93,0,1,,,,
2.60E-05,93,2,4,,,,
2.47E-05,95,3,5,,,,
2.49E-05,8,1,4,,,,
2.43E-05,19,1,3,,,,
2.50E-05,40,5,7,,,,
2.45E-05,33,7,10,,,,
2.45E-05,43,2,10,,,,
2.48E-05,38,5,12,,,,
2.54E-05,95,0,1,,,,
2.44E-05,42,0,2,,,,
2.49E-05,24,0,1,,,,
2.47E-05,92,0,6,,,,
2.48E-05,24,1,4,,,,
2.43E-05,23,7,13,,,,
2.57E-05,42,0,15,,,,
2.43E-05,13,3,7,,,,
2.50E-05,25,2,4,,,,
2.46E-05,13,11,16,,,,
3.05E-05,17,6,11,,,,
2.77E-05,24,6,11,,,,
2.49E-05,91,7,15,,,,
2.47E-05,17,9,12,,,,
2.44E-05,17,10,17,,,,
2.49E-05,21,0,19,,,,
2.44E-05,17,12,20,,,,
2.42E-05,2,2,22,,,,
2.46E-05,11,17,20,,,,
2.44E-05,23,1,17,,,,
2.48E-05,21,1,19,,,,
2.42E-05,38,1,19,,,,
2.44E-05,23,4,22,,,,
2.44E-05,25,2,20,,,,
3.00E-05,40,0,17,,,,
2.48E-05,42,13,15,,,,
2.48E-05,42,13,15,,,,
2.45E-05,20,6,13,,,,
2.55E-05,29,4,7,,,,
3.07E-05,21,2,4,,,,
3.33E-05,23,0,2,,,,
3.41E-05,2,4,8,,,,
2.73E-05,28,0,1,,,,
2.55E-05,44,0,10,,,,
2.58E-05,23,10,12,,,,
2.57E-05,15,2,8,,,,
2.51E-05,41,2,8,,,,
2.51E-05,30,6,8,,,,
2.56E-05,4,2,4,,,,
2.57E-05,36,3,10,,,,
2.43E-05,30,5,21,,,,
2.46E-05,15,1,18,,,,
2.44E-05,91,6,18,,,,
2.51E-05,41,11,20,,,,
2.44E-05,27,16,28,,,,
3.90E-05,41,1,52,,,,
3.45E-05,28,30,50,,,,
2.48E-05,45,35,44,,,,
2.42E-05,42,28,44,,,,
2.45E-05,28,24,42,,,,
2.44E-05,39,5,44,,,,
2.46E-05,35,5,49,,,,
2.46E-05,16,48,56,,,,
2.43E-05,32,51,56,,,,
2.44E-05,93,44,56,,,,
2.45E-05,34,42,58,,,,
2.82E-05,4,33,57,,,,
2.47E-05,11,23,60,,,,
2.44E-05,2,53,56,,,,
2.46E-05,34,41,59,,,,
2.58E-05,44,14,60,,,,
2.44E-05,2,26,71,,,,
2.45E-05,19,2,70,,,,
2.43E-05,25,46,67,,,,
2.44E-05,10,33,60,,,,
2.45E-05,44,0,72,,,,
2.47E-05,44,7,72,,,,
2.72E-05,33,57,71,,,,
2.59E-05,93,39,79,,,,
2.44E-05,10,20,72,,,,
2.47E-05,27,49,65,,,,
2.47E-05,7,56,62,,,,
2.43E-05,34,23,62,,,,
2.46E-05,36,39,60,,,,
2.43E-05,24,36,44,,,,
2.44E-05,22,38,43,,,,
2.51E-05,94,15,47,,,,
2.46E-05,31,20,40,,,,
2.48E-05,39,33,36,,,,
2.43E-05,16,29,35,,,,
2.45E-05,19,6,37,,,,
3.70E-05,21,10,35,,,,
3.71E-05,21,1,32,,,,
2.52E-05,6,18,25,,,,
2.53E-05,19,12,22,,,,
3.35E-05,23,9,24,,,,
4.42E-05,93,19,23,,,,
4.08E-05,26,8,23,,,,
2.55E-05,22,9,23,,,,
3.50E-05,19,11,21,,,,
2.47E-05,16,11,22,,,,
2.56E-05,22,9,19,,,,
2.53E-05,31,0,22,,,,
2.52E-05,40,15,17,,,,
3.00E-05,38,22,31,,,,
2.51E-05,35,3,33,,,,
3.05E-05,5,27,32,,,,
2.59E-05,4,3,35,,,,
4.00E-05,40,31,37,,,,
2.47E-05,3,15,32,,,,
2.45E-05,45,11,35,,,,
2.45E-05,95,23,36,,,,
2.42E-05,37,32,34,,,,
3.24E-05,29,12,33,,,,
2.93E-05,26,29,35,,,,
2.46E-05,23,21,38,,,,
4.22E-05,95,8,33,,,,
5.57E-05,31,3,32,,,,
2.44E-05,35,24,43,,,,
2.45E-05,13,2,36,,,,
2.47E-05,36,0,35,,,,
2.60E-05,1,6,27,,,,
2.44E-05,35,18,27,,,,
2.43E-05,28,21,26,,,,
2.46E-05,16,2,37,,,,
2.48E-05,10,20,26,,,,
2.48E-05,31,9,35,,,,
2.44E-05,31,6,28,,,,
2.96E-05,32,15,29,,,,
2.43E-05,41,15,25,,,,
2.44E-05,30,8,18,,,,
2.45E-05,21,7,18,,,,
3.03E-05,36,2,17,,,,
2.45E-05,30,7,18,,,,
2.45E-05,27,2,15,,,,
2.50E-05,29,7,16,,,,
2.58E-05,21,9,24,,,,
4.20E-05,30,17,26,,,,
2.44E-05,21,3,8,,,,
2.50E-05,15,13,16,,,,
2.49E-05,43,1,19,,,,
2.44E-05,34,5,23,,,,
2.43E-05,15,28,39,,,,
2.66E-05,7,37,46,,,,
2.46E-05,15,30,45,,,,
2.47E-05,25,19,46,,,,
2.44E-05,95,5,41,,,,
2.44E-05,16,31,41,,,,
2.44E-05,13,18,29,,,,
2.47E-05,94,22,25,,,,
2.46E-05,31,7,26,,,,
2.47E-05,42,7,31,,,,
2.44E-05,5,12,31,,,,
2.44E-05,30,5,30,,,,
2.54E-05,18,25,31,,,,
2.52E-05,9,16,32,,,,
2.45E-05,31,19,31,,,,
2.47E-05,21,23,37,,,,
2.49E-05,21,24,39,,,,
2.46E-05,5,10,31,,,,
2.48E-05,28,6,27,,,,
3.05E-05,30,15,18,,,,
2.48E-05,26,19,21,,,,
2.47E-05,36,6,16,,,,
2.45E-05,34,8,17,,,,
2.45E-05,27,0,7,,,,
2.44E-05,26,4,11,,,,
2.46E-05,43,1,15,,,,
2.47E-05,25,7,12,,,,
2.43E-05,2,1,11,,,,
2.45E-05,1,11,18,,,,
2.45E-05,11,3,20,,,,
2.48E-05,22,3,16,,,,
2.48E-05,13,10,22,,,,
2.53E-05,43,9,24,,,,
2.59E-05,12,5,25,,,,
2.73E-05,22,17,22,,,,
2.45E-05,27,9,47,,,,
2.55E-05,7,27,50,,,,
2.88E-05,37,24,49,,,,
2.46E-05,94,7,48,,,,
2.47E-05,21,0,42,,,,
2.45E-05,35,29,42,,,,
2.46E-05,15,12,40,,,,
2.55E-05,15,22,39,,,,
3.83E-05,33,31,45,,,,
2.44E-05,25,12,42,,,,
2.45E-05,10,24,36,,,,
2.44E-05,11,11,36,,,,
2.48E-05,9,4,31,,,,
2.53E-05,25,19,32,,,,
2.45E-05,26,1,35,,,,
2.48E-05,26,43,49,,,,
2.45E-05,31,20,41,,,,
2.63E-05,22,5,40,,,,
2.48E-05,22,6,42,,,,
2.53E-05,42,26,39,,,,
2.47E-05,91,37,41,,,,
2.45E-05,14,8,42,,,,
3.10E-05,94,29,43,,,,
2.48E-05,45,4,42,,,,
4.03E-05,29,26,38,,,,
4.26E-05,11,29,42,,,,
3.81E-05,11,29,42,,,,
2.64E-05,5,2,28,,,,
0.0001004,40,6,23,,,,
4.24E-05,92,8,21,,,,
3.53E-05,41,11,22,,,,
3.02E-05,17,1,18,,,,
2.46E-05,17,4,25,,,,
3.89E-05,95,16,30,,,,
2.80E-05,29,12,19,,,,
2.44E-05,34,7,11,,,,
2.51E-05,16,12,16,,,,
2.44E-05,12,13,18,,,,
2.46E-05,23,16,19,,,,
2.49E-05,14,9,15,,,,
2.46E-05,4,10,16,,,,
3.55E-05,94,1,10,,,,
3.74E-05,6,9,11,,,,
3.08E-05,7,8,11,,,,
8.49E-05,44,2,10,,,,
2.47E-05,39,1,10,,,,
3.23E-05,14,5,11,,,,
2.45E-05,12,8,16,,,,
2.47E-05,5,15,18,,,,
2.44E-05,40,14,19,,,,
2.43E-05,17,28,32,,,,
2.44E-05,24,23,30,,,,
2.45E-05,30,25,31,,,,
2.99E-05,94,10,19,,,,
3.06E-05,38,8,15,,,,
2.48E-05,7,10,20,,,,
2.55E-05,38,15,17,,,,
3.48E-05,19,16,22,,,,
2.56E-05,35,0,18,,,,
2.55E-05,45,1,14,,,,
2.46E-05,38,2,11,,,,
3.00E-05,33,0,2,,,,
3.90E-05,36,3,5,,,,
3.43E-05,32,2,5,,,,
3.73E-05,9,0,9,,,,
2.89E-05,11,20,23,,,,
2.52E-05,3,4,11,,,,
2.57E-05,36,0,1,,,,
2.71E-05,17,5,12,,,,
2.44E-05,94,4,8,,,,
2.46E-05,1,0,2,,,,
4.18E-05,21,0,4,,,,
3.65E-05,17,3,8,,,,
2.85E-05,26,9,18,,,,
0.000134,12,14,21,,,,
2.47E-05,36,0,20,,,,
2.48E-05,31,8,21,,,,
2.45E-05,36,3,24,,,,
2.43E-05,30,5,34,,,,
2.43E-05,41,31,35,,,,
9.97E-05,23,8,39,,,,
3.38E-05,2,24,51,,,,
2.49E-05,27,0,48,,,,
2.53E-05,32,31,43,,,,
2.49E-05,30,15,47,,,,
2.45E-05,39,43,45,,,,
2.45E-05,24,21,40,,,,
2.83E-05,12,35,45,,,,
2.76E-05,31,23,47,,,,
4.19E-05,92,9,44,,,,
9.58E-05,12,25,34,,,,
2.74E-05,38,17,34,,,,
2.61E-05,43,21,41,,,,
2.55E-05,17,12,42,,,,
2.45E-05,28,18,38,,,,
2.47E-05,42,4,43,,,,
2.45E-05,6,27,40,,,,
2.46E-05,92,15,40,,,,
2.47E-05,21,12,40,,,,
2.45E-05,9,2,40,,,,
2.63E-05,10,3,43,,,,
2.46E-05,39,38,49,,,,
0.0001754,18,16,47,,,,
4.02E-05,21,25,50,,,,
3.75E-05,39,3,46,,,,
3.59E-05,31,47,62,,,,
4.30E-05,17,11,56,,,,
2.48E-05,12,12,51,,,,
2.53E-05,6,15,56,,,,
2.54E-05,44,40,48,,,,
2.53E-05,32,31,43,,,,
2.54E-05,1,1,43,,,,
2.44E-05,17,16,39,,,,
2.45E-05,44,13,39,,,,
3.70E-05,94,6,38,,,,
2.47E-05,31,22,40,,,,
2.48E-05,26,12,38,,,,
2.48E-05,8,23,36,,,,
2.46E-05,42,7,16,,,,
2.47E-05,41,2,6,,,,
2.46E-05,37,5,8,,,,
2.44E-05,33,5,7,,,,
2.45E-05,13,0,2,,,,
3.78E-05,32,4,13,,,,
0.0001011,16,0,9,,,,
3.62E-05,21,1,11,,,,
2.52E-05,92,4,9,,,,
3.53E-05,36,0,11,,,,
2.45E-05,9,4,9,,,,
2.47E-05,16,1,9,,,,
2.49E-05,37,4,12,,,,
2.46E-05,21,7,9,,,,
2.47E-05,41,2,7,,,,
2.48E-05,26,1,10,,,,
2.59E-05,37,1,11,,,,
2.43E-05,92,4,7,,,,
2.64E-05,95,3,5,,,,
2.46E-05,92,0,5,,,,
2.51E-05,7,2,4,,,,
2.48E-05,37,7,15,,,,
2.46E-05,17,5,12,,,,
2.46E-05,31,9,11,,,,
2.45E-05,33,2,13,,,,
2.46E-05,9,12,19,,,,
2.44E-05,15,12,16,,,,
2.49E-05,3,17,20,,,,
3.31E-05,40,20,23,,,,
3.88E-05,91,4,28,,,,
2.60E-05,42,12,18,,,,
2.48E-05,7,3,17,,,,
2.45E-05,31,17,25,,,,
2.44E-05,44,2,25,,,,
2.45E-05,4,11,17,,,,
2.44E-05,95,9,12,,,,
2.49E-05,21,0,8,,,,
2.44E-05,43,4,6,,,,
2.48E-05,43,2,6,,,,
2.47E-05,6,4,14,,,,
2.45E-05,5,11,23,,,,
2.59E-05,37,15,25,,,,
2.45E-05,37,11,32,,,,
2.49E-05,95,14,34,,,,
2.75E-05,40,5,40,,,,
2.81E-05,31,10,48,,,,
2.97E-05,35,20,45,,,,
2.52E-05,36,5,42,,,,
2.55E-05,26,28,32,,,,
2.45E-05,11,7,38,,,,
2.46E-05,42,10,37,,,,
2.47E-05,19,8,39,,,,
2.45E-05,19,0,32,,,,
2.45E-05,37,27,31,,,,
2.52E-05,94,3,23,,,,
3.24E-05,15,3,22,,,,
2.85E-05,14,0,12,,,,
2.50E-05,40,1,9,,,,
2.45E-05,94,2,6,,,,
9.95E-05,41,2,8,,,,
2.69E-05,5,4,6,,,,
2.82E-05,17,5,9,,,,
0.0001511,17,9,15,,,,
2.44E-05,15,9,22,,,,
2.46E-05,28,12,14,,,,
2.45E-05,28,12,15,,,,
2.45E-05,45,7,23,,,,
2.70E-05,45,15,27,,,,
3.42E-05,41,26,44,,,,
2.54E-05,44,48,50,,,,
2.51E-05,42,47,49,,,,
2.71E-05,25,25,46,,,,
2.50E-05,39,18,47,,,,
2.46E-05,45,41,49,,,,
2.48E-05,16,27,51,,,,
2.45E-05,42,9,46,,,,
2.46E-05,26,2,42,,,,
2.45E-05,24,15,39,,,,
2.46E-05,95,26,46,,,,
2.49E-05,26,0,41,,,,
3.17E-05,16,25,39,,,,
2.45E-05,4,4,23,,,,
2.53E-05,42,13,36,,,,
2.43E-05,27,1,39,,,,
2.45E-05,1,8,39,,,,
2.47E-05,25,2,41,,,,
2.54E-05,44,20,41,,,,
2.45E-05,16,2,39,,,,
2.48E-05,18,14,39,,,,
2.55E-05,35,2,53,,,,
2.45E-05,14,7,55,,,,
2.45E-05,24,52,55,,,,
2.45E-05,30,27,54,,,,
2.45E-05,34,42,61,,,,
2.45E-05,40,24,54,,,,
2.47E-05,40,9,62,,,,
2.46E-05,20,14,68,,,,
2.45E-05,12,40,64,,,,
3.09E-05,14,0,50,,,,
2.46E-05,22,22,48,,,,
2.45E-05,36,34,45,,,,
2.44E-05,94,19,37,,,,
2.46E-05,33,25,36,,,,
2.45E-05,34,36,48,,,,
2.52E-05,15,38,54,,,,
2.56E-05,16,0,51,,,,
2.44E-05,34,39,49,,,,
2.60E-05,24,2,20,,,,
2.53E-05,95,15,18,,,,
2.75E-05,16,5,18,,,,
3.15E-05,15,13,16,,,,
2.48E-05,29,8,13,,,,
2.43E-05,13,1,5,,,,
2.56E-05,25,1,3,,,,
2.48E-05,33,7,9,,,,
2.54E-05,34,0,2,,,,
2.54E-05,14,0,2,,,,
2.41E-05,44,4,8,,,,
2.42E-05,25,3,5,,,,
2.45E-05,35,0,4,,,,
2.89E-05,26,0,3,,,,
2.43E-05,26,0,3,,,,
2.48E-05,22,0,1,,,,
2.45E-05,10,0,2,,,,
2.45E-05,10,2,5,,,,
2.59E-05,33,0,6,,,,
2.49E-05,24,3,5,,,,
2.45E-05,93,3,12,,,,
2.81E-05,19,2,4,,,,
2.45E-05,19,0,2,,,,
2.44E-05,36,3,7,,,,
2.63E-05,42,1,10,,,,
2.45E-05,44,7,9,,,,
2.48E-05,8,1,15,,,,
3.31E-05,15,6,14,,,,
2.44E-05,17,14,17,,,,
2.48E-05,37,8,19,,,,
2.57E-05,5,12,20,,,,
2.48E-05,29,14,20,,,,
2.46E-05,27,1,17,,,,
2.46E-05,39,0,17,,,,
2.44E-05,13,4,15,,,,
3.12E-05,39,12,16,,,,
2.46E-05,6,1,24,,,,
2.55E-05,28,0,24,,,,
2.44E-05,11,2,52,,,,
2.45E-05,42,36,53,,,,
2.44E-05,95,12,17,,,,
2.48E-05,95,11,16,,,,
2.43E-05,28,1,16,,,,
2.51E-05,12,2,9,,,,
2.94E-05,16,0,2,,,,
4.90E-05,45,0,7,,,,
2.63E-05,22,0,1,,,,
2.55E-05,38,0,6,,,,
2.52E-05,5,10,12,,,,
2.46E-05,45,7,9,,,,
3.29E-05,2,0,6,,,,
2.60E-05,12,4,7,,,,
2.51E-05,16,5,7,,,,
2.50E-05,3,6,10,,,,
2.44E-05,31,1,8,,,,
2.43E-05,29,4,10,,,,
2.46E-05,37,6,9,,,,
2.46E-05,31,3,10,,,,
2.46E-05,29,0,1,,,,
2.46E-05,44,0,2,,,,
2.44E-05,32,1,8,,,,
2.44E-05,4,5,10,,,,
2.48E-05,44,1,7,,,,
2.54E-05,26,2,4,,,,
2.52E-05,17,3,13,,,,
2.49E-05,20,1,7,,,,
2.47E-05,27,2,6,,,,
2.51E-05,45,2,5,,,,
2.47E-05,38,12,19,,,,
2.49E-05,38,13,15,,,,
3.00E-05,37,1,4,,,,
2.60E-05,5,8,11,,,,
3.62E-05,30,0,12,,,,
2.96E-05,19,6,17,,,,
2.44E-05,43,2,11,,,,
2.43E-05,45,3,11,,,,
2.55E-05,18,22,26,,,,
2.55E-05,12,6,26,,,,
2.55E-05,28,18,23,,,,
2.52E-05,31,23,31,,,,
2.45E-05,22,19,31,,,,
2.45E-05,37,16,30,,,,
2.57E-05,27,0,21,,,,
2.54E-05,23,7,21,,,,
2.71E-05,29,4,22,,,,
2.47E-05,1,4,22,,,,
2.45E-05,26,12,29,,,,
2.47E-05,19,1,33,,,,
2.47E-05,94,8,37,,,,
2.46E-05,94,11,37,,,,
2.43E-05,43,21,37,,,,
2.47E-05,40,2,35,,,,
2.44E-05,30,24,49,,,,
2.43E-05,36,17,38,,,,
2.45E-05,31,23,37,,,,
2.62E-05,28,33,37,,,,
2.45E-05,44,2,35,,,,
3.23E-05,44,14,28,,,,
2.48E-05,39,7,30,,,,
2.46E-05,18,20,28,,,,
2.44E-05,32,8,25,,,,
2.47E-05,93,7,22,,,,
2.47E-05,12,8,23,,,,
2.45E-05,7,9,17,,,,
2.45E-05,43,8,23,,,,
2.46E-05,31,10,14,,,,
2.45E-05,27,1,14,,,,
2.48E-05,31,10,15,,,,
2.44E-05,27,1,8,,,,
2.45E-05,16,1,3,,,,
2.44E-05,16,1,4,,,,
2.45E-05,21,0,4,,,,
2.44E-05,16,3,9,,,,
2.43E-05,13,4,9,,,,
2.55E-05,10,1,9,,,,
2.53E-05,26,2,10,,,,
2.50E-05,93,7,14,,,,
2.47E-05,33,0,10,,,,
2.46E-05,37,7,12,,,,
2.46E-05,11,1,3,,,,
3.52E-05,40,0,1,,,,
2.54E-05,21,0,1,,,,
3.00E-05,28,3,7,,,,
2.53E-05,8,0,2,,,,
3.64E-05,15,0,1,,,,
2.54E-05,21,0,2,,,,
2.54E-05,5,0,5,,,,
3.65E-05,21,1,3,,,,
2.45E-05,93,11,16,,,,
2.54E-05,8,12,20,,,,
2.49E-05,43,7,12,,,,
5.83E-05,18,3,11,,,,
2.48E-05,37,8,12,,,,
2.44E-05,93,7,12,,,,
2.43E-05,23,4,8,,,,
3.19E-05,31,3,13,,,,
2.46E-05,2,9,15,,,,
2.45E-05,23,2,8,,,,
2.44E-05,11,23,26,,,,
2.45E-05,2,20,22,,,,
2.51E-05,34,16,23,,,,
2.45E-05,7,14,25,,,,
2.53E-05,25,35,38,,,,
2.48E-05,24,34,40,,,,
2.54E-05,12,15,43,,,,
2.56E-05,11,25,45,,,,
2.73E-05,30,34,44,,,,
2.44E-05,4,25,46,,,,
2.47E-05,2,47,56,,,,
2.41E-05,23,39,56,,,,
2.44E-05,3,15,56,,,,
2.45E-05,95,31,63,,,,
2.95E-05,34,12,51,,,,
2.95E-05,26,49,52,,,,
2.48E-05,21,44,55,,,,
2.43E-05,11,35,55,,,,
2.43E-05,92,14,54,,,,
3.00E-05,42,41,54,,,,
2.42E-05,93,31,46,,,,
9.66E-05,37,21,38,,,,
2.46E-05,5,8,37,,,,
2.45E-05,10,29,38,,,,
2.46E-05,37,18,22,,,,
2.46E-05,30,24,34,,,,
2.42E-05,25,2,30,,,,
2.47E-05,27,0,19,,,,
2.45E-05,25,3,6,,,,
2.44E-05,93,0,1,,,,
2.45E-05,45,0,4,,,,
2.52E-05,37,0,1,,,,
2.45E-05,37,0,3,,,,
2.46E-05,37,2,4,,,,
2.45E-05,37,1,6,,,,
2.45E-05,91,3,5,,,,
2.44E-05,3,0,2,,,,
4.35E-05,29,2,5,,,,
2.44E-05,31,0,3,,,,
4.00E-05,4,1,7,,,,
2.44E-05,2,4,21,,,,
2.44E-05,34,8,23,,,,
2.46E-05,21,25,27,,,,
2.45E-05,41,21,28,,,,
2.44E-05,32,8,26,,,,
2.60E-05,27,8,27,,,,
2.46E-05,40,18,28,,,,
2.49E-05,45,0,36,,,,
2.44E-05,45,1,37,,,,
2.44E-05,31,0,38,,,,
2.45E-05,11,31,43,,,,
2.46E-05,18,7,43,,,,
2.51E-05,5,2,39,,,,
2.51E-05,91,3,37,,,,
2.47E-05,7,28,37,,,,
2.46E-05,44,34,38,,,,
2.43E-05,95,12,34,,,,
4.29E-05,21,9,45,,,,
2.46E-05,36,37,40,,,,
2.46E-05,20,27,32,,,,
2.45E-05,31,17,30,,,,
2.45E-05,16,16,29,,,,
2.45E-05,95,19,35,,,,
2.55E-05,17,33,41,,,,
2.47E-05,3,7,48,,,,
2.50E-05,17,47,52,,,,
4.54E-05,39,31,42,,,,
2.50E-05,31,28,43,,,,
2.47E-05,42,55,57,,,,
2.48E-05,40,38,61,,,,
2.47E-05,45,28,65,,,,
2.45E-05,40,56,61,,,,
2.52E-05,26,44,60,,,,
2.45E-05,31,37,59,,,,
3.21E-05,95,24,66,,,,
2.45E-05,15,19,67,,,,
3.79E-05,30,42,80,,,,
2.56E-05,44,52,78,,,,
2.54E-05,15,7,90,,,,
2.53E-05,95,76,93,,,,
2.53E-05,44,32,93,,,,
2.53E-05,11,82,92,,,,
2.54E-05,11,70,89,,,,
2.57E-05,95,65,89,,,,
2.51E-05,15,4,94,,,,
2.69E-05,18,12,96,,,,
2.43E-05,93,67,96,,,,
2.44E-05,35,66,94,,,,
2.46E-05,17,1,97,,,,
2.43E-05,25,49,96,,,,
2.59E-05,12,93,97,,,,
2.77E-05,22,15,96,,,,
2.46E-05,26,104,115,,,,
2.44E-05,12,91,115,,,,
4.56E-05,92,93,114,,,,
2.45E-05,12,76,116,,,,
2.59E-05,38,26,112,,,,
2.48E-05,91,29,114,,,,
2.47E-05,41,81,112,,,,
2.47E-05,92,26,111,,,,
2.47E-05,44,59,111,,,,
2.47E-05,21,46,110,,,,
2.47E-05,40,15,112,,,,
2.45E-05,19,85,115,,,,
2.46E-05,93,71,110,,,,
2.45E-05,26,83,108,,,,
2.50E-05,94,67,113,,,,
2.70E-05,4,87,102,,,,
3.15E-05,38,34,103,,,,
2.49E-05,3,79,100,,,,
3.07E-05,7,11,100,,,,
2.43E-05,93,56,106,,,,
2.53E-05,42,16,105,,,,
3.58E-05,31,106,108,,,,
2.44E-05,40,55,130,,,,
2.43E-05,40,4,129,,,,
2.46E-05,13,62,128,,,,
3.00E-05,6,54,118,,,,
2.46E-05,35,115,123,,,,
2.46E-05,22,25,111,,,,
2.47E-05,13,4,103,,,,
3.28E-05,1,14,102,,,,
2.95E-05,33,22,105,,,,
2.46E-05,6,54,107,,,,
2.57E-05,37,46,110,,,,
3.09E-05,14,103,117,,,,
2.64E-05,16,18,114,,,,
8.77E-05,40,7,112,,,,
2.47E-05,40,55,109,,,,
2.45E-05,44,30,109,,,,
2.71E-05,13,71,113,,,,
2.46E-05,45,81,121,,,,
2.53E-05,34,86,128,,,,
2.55E-05,95,97,135,,,,
2.54E-05,37,7,135,,,,
2.54E-05,29,12,122,,,,
2.46E-05,22,48,126,,,,
3.12E-05,8,55,136,,,,
2.46E-05,91,38,142,,,,
2.48E-05,5,34,143,,,,
2.81E-05,36,134,143,,,,
2.45E-05,44,89,144,,,,
2.46E-05,1,119,144,,,,
2.50E-05,94,125,147,,,,
2.43E-05,94,63,155,,,,
2.50E-05,34,141,172,,,,
2.47E-05,1,113,172,,,,
2.61E-05,41,64,167,,,,
3.21E-05,36,147,159,,,,
2.53E-05,91,66,162,,,,
2.45E-05,27,74,149,,,,
2.46E-05,37,73,156,,,,
2.46E-05,22,2,153,,,,
2.46E-05,9,17,139,,,,
2.50E-05,95,55,141,,,,
2.45E-05,94,93,135,,,,
2.47E-05,25,23,129,,,,
2.44E-05,31,6,130,,,,
2.45E-05,91,91,129,,,,
2.43E-05,5,56,127,,,,
2.45E-05,28,68,129,,,,
2.58E-05,11,97,134,,,,
2.47E-05,3,99,136,,,,
2.53E-05,33,51,128,,,,
2.44E-05,94,117,126,,,,
2.49E-05,19,52,129,,,,
2.44E-05,19,15,123,,,,
2.43E-05,27,67,124,,,,
2.45E-05,1,111,124,,,,
2.45E-05,4,11,125,,,,
2.48E-05,24,14,129,,,,
2.46E-05,33,125,137,,,,
2.46E-05,2,23,136,,,,
2.47E-05,31,21,135,,,,
2.48E-05,28,102,138,,,,
2.45E-05,42,56,139,,,,
2.47E-05,16,97,146,,,,
2.44E-05,41,92,147,,,,
3.18E-05,36,5,145,,,,
2.53E-05,19,56,136,,,,
2.77E-05,37,85,134,,,,
3.03E-05,6,58,142,,,,
2.48E-05,43,99,139,,,,
2.52E-05,35,121,130,,,,
2.46E-05,1,2,128,,,,
2.46E-05,92,77,127,,,,
2.59E-05,25,117,127,,,,
2.43E-05,27,63,123,,,,
2.46E-05,28,19,117,,,,
2.47E-05,2,18,115,,,,
2.43E-05,12,86,120,,,,
2.45E-05,12,88,123,,,,
2.64E-05,34,33,116,,,,
2.49E-05,25,103,108,,,,
2.46E-05,10,49,111,,,,
2.48E-05,32,10,114,,,,
2.47E-05,23,103,140,,,,
4.06E-05,32,31,163,,,,
2.74E-05,26,96,163,,,,
3.08E-05,91,107,163,,,,
2.49E-05,5,37,163,,,,
2.49E-05,6,51,163,,,,
2.51E-05,33,139,163,,,,
2.45E-05,11,99,163,,,,
2.49E-05,26,42,163,,,,
2.49E-05,31,47,163,,,,
2.46E-05,8,14,163,,,,
2.73E-05,42,74,163,,,,
5.07E-05,34,62,163,,,,
3.70E-05,13,146,163,,,,
2.51E-05,15,113,163,,,,
2.52E-05,10,24,163,,,,
2.51E-05,9,90,163,,,,
2.68E-05,95,97,163,,,,
2.50E-05,38,100,163,,,,
2.98E-05,17,22,163,,,,
3.69E-05,41,56,163,,,,
2.52E-05,33,101,163,,,,
2.50E-05,15,113,163,,,,
2.49E-05,91,120,163,,,,
2.99E-05,29,124,163,,,,
2.49E-05,12,52,163,,,,
2.48E-05,6,68,163,,,,
2.49E-05,93,71,163,,,,
3.00E-05,15,113,163,,,,
2.59E-05,17,13,163,,,,
