cas operacie,cislo,index prvku,dlzka zoznamu,,,
2.17E-05,92,1,4,,,5.35E-02
1.75E-05,94,1,3,,,2508
1.74E-05,93,0,1,,,
1.80E-05,94,7,9,,,
1.74E-05,92,2,12,,,
1.77E-05,93,5,9,,,
1.74E-05,93,1,3,,,
1.76E-05,91,0,1,,,
1.75E-05,94,3,7,,,
1.72E-05,92,5,10,,,
1.77E-05,91,15,20,,,
1.86E-05,93,5,7,,,
1.79E-05,92,0,4,,,
1.81E-05,93,8,11,,,
1.83E-05,95,5,8,,,
1.82E-05,94,2,8,,,
1.81E-05,92,3,8,,,
1.97E-05,92,0,4,,,
3.98E-05,91,13,21,,,
1.84E-05,92,8,26,,,
1.87E-05,94,9,18,,,
1.83E-05,93,4,17,,,
1.85E-05,93,4,10,,,
1.83E-05,95,0,6,,,
1.85E-05,92,3,5,,,
1.83E-05,93,4,9,,,
4.17E-05,94,0,1,,,
1.83E-05,95,0,2,,,
2.32E-05,91,1,3,,,
3.01E-05,95,0,5,,,
2.26E-05,92,0,2,,,
1.83E-05,91,2,11,,,
1.87E-05,93,7,11,,,
1.82E-05,95,4,10,,,
2.20E-05,92,0,10,,,
2.05E-05,94,0,17,,,
3.45E-05,95,2,17,,,
1.83E-05,91,5,11,,,
2.02E-05,92,5,16,,,
1.87E-05,92,8,17,,,
1.86E-05,92,14,20,,,
1.87E-05,92,3,16,,,
1.86E-05,95,25,27,,,
2.13E-05,95,15,32,,,
1.78E-05,95,31,34,,,
2.18E-05,94,31,34,,,
3.20E-05,92,20,31,,,
1.74E-05,91,13,21,,,
1.83E-05,94,16,21,,,
1.77E-05,92,12,17,,,
1.74E-05,93,2,32,,,
1.77E-05,91,29,34,,,
1.79E-05,92,17,33,,,
1.76E-05,92,6,36,,,
1.88E-05,93,37,46,,,
3.06E-05,93,1,47,,,
1.79E-05,94,37,44,,,
1.74E-05,95,38,41,,,
1.80E-05,93,16,41,,,
1.75E-05,91,4,41,,,
2.89E-05,93,28,39,,,
1.81E-05,95,32,38,,,
1.76E-05,95,33,38,,,
1.76E-05,92,37,42,,,
2.84E-05,92,2,53,,,
2.27E-05,95,9,50,,,
2.46E-05,95,16,47,,,
1.96E-05,91,21,45,,,
2.93E-05,93,20,46,,,
1.89E-05,91,4,50,,,
2.59E-05,94,28,56,,,
1.95E-05,92,25,53,,,
2.69E-05,91,47,52,,,
1.86E-05,92,36,45,,,
1.91E-05,95,28,50,,,
1.92E-05,94,25,49,,,
1.88E-05,91,48,53,,,
1.85E-05,94,49,54,,,
3.17E-05,93,53,56,,,
2.25E-05,94,1,36,,,
2.03E-05,92,30,43,,,
3.19E-05,94,3,48,,,
1.90E-05,94,19,56,,,
3.39E-05,93,8,52,,,
3.01E-05,93,36,56,,,
2.76E-05,93,41,56,,,
3.06E-05,92,24,57,,,
3.05E-05,93,50,55,,,
2.96E-05,95,42,55,,,
2.57E-05,93,36,51,,,
2.38E-05,95,50,56,,,
1.98E-05,94,15,54,,,
2.77E-05,91,7,61,,,
1.96E-05,95,33,53,,,
2.73E-05,94,15,50,,,
2.33E-05,95,41,50,,,
2.92E-05,94,1,34,,,
2.67E-05,94,28,40,,,
2.55E-05,93,19,40,,,
3.28E-05,93,39,41,,,
3.94E-05,95,21,42,,,
2.52E-05,92,30,45,,,
2.54E-05,91,44,46,,,
1.86E-05,91,28,34,,,
2.92E-05,91,9,32,,,
1.89E-05,91,16,47,,,
1.84E-05,93,40,49,,,
2.43E-05,91,25,55,,,
1.90E-05,94,27,59,,,
1.79E-05,91,8,51,,,
1.82E-05,95,44,46,,,
2.46E-05,94,12,52,,,
1.96E-05,95,51,54,,,
2.08E-05,91,45,51,,,
1.79E-05,93,11,47,,,
1.78E-05,94,27,40,,,
2.35E-05,93,18,47,,,
1.73E-05,94,1,34,,,
1.77E-05,92,13,37,,,
1.75E-05,91,6,38,,,
1.86E-05,92,37,43,,,
1.76E-05,95,21,35,,,
1.75E-05,94,6,33,,,
1.88E-05,91,28,32,,,
1.77E-05,92,13,35,,,
1.74E-05,95,26,29,,,
1.83E-05,91,17,37,,,
1.77E-05,93,23,39,,,
1.80E-05,95,34,44,,,
2.16E-05,95,11,51,,,
1.83E-05,91,19,58,,,
1.87E-05,92,21,56,,,
2.08E-05,93,17,56,,,
1.93E-05,95,0,35,,,
1.76E-05,92,17,36,,,
1.73E-05,94,31,35,,,
2.45E-05,94,15,47,,,
2.14E-05,94,2,57,,,
1.81E-05,95,25,48,,,
1.82E-05,95,23,44,,,
2.19E-05,91,19,52,,,
1.79E-05,95,17,54,,,
1.90E-05,91,8,54,,,
1.77E-05,94,8,47,,,
1.80E-05,93,14,50,,,
1.81E-05,94,16,42,,,
2.22E-05,95,38,44,,,
1.87E-05,91,16,46,,,
2.05E-05,95,38,44,,,
1.92E-05,93,29,44,,,
2.19E-05,92,11,42,,,
5.32E-05,93,28,49,,,
1.78E-05,92,6,48,,,
1.81E-05,92,36,51,,,
2.79E-05,94,30,51,,,
1.80E-05,93,6,49,,,
1.78E-05,91,28,41,,,
1.74E-05,92,36,41,,,
1.81E-05,93,16,35,,,
1.76E-05,92,7,28,,,
1.78E-05,91,14,20,,,
1.71E-05,95,16,22,,,
1.73E-05,94,20,26,,,
1.73E-05,93,3,15,,,
1.85E-05,92,22,26,,,
1.77E-05,94,13,27,,,
1.88E-05,91,3,24,,,
1.87E-05,94,16,27,,,
1.84E-05,92,25,28,,,
1.78E-05,92,11,36,,,
1.78E-05,95,11,47,,,
1.94E-05,95,16,52,,,
2.00E-05,95,8,43,,,
1.90E-05,91,35,44,,,
2.25E-05,91,14,37,,,
1.75E-05,91,0,27,,,
1.74E-05,93,2,22,,,
1.88E-05,91,2,10,,,
2.94E-05,94,6,8,,,
2.24E-05,92,1,9,,,
2.11E-05,95,4,7,,,
1.73E-05,95,1,12,,,
1.72E-05,95,0,5,,,
1.72E-05,95,3,5,,,
1.73E-05,95,0,3,,,
1.75E-05,95,0,1,,,
1.74E-05,93,1,9,,,
1.84E-05,95,3,16,,,
1.88E-05,94,14,26,,,
1.79E-05,92,9,36,,,
1.77E-05,91,27,32,,,
2.11E-05,95,17,33,,,
2.51E-05,94,9,37,,,
1.91E-05,94,21,27,,,
1.73E-05,92,2,27,,,
2.07E-05,93,17,29,,,
1.86E-05,95,6,24,,,
1.77E-05,91,14,23,,,
1.96E-05,93,20,23,,,
1.81E-05,94,5,24,,,
1.78E-05,93,18,23,,,
1.86E-05,94,16,22,,,
1.76E-05,91,6,20,,,
1.75E-05,92,18,21,,,
1.87E-05,95,5,41,,,
1.78E-05,93,9,36,,,
1.75E-05,95,1,38,,,
1.82E-05,93,0,37,,,
1.81E-05,94,7,37,,,
1.77E-05,92,11,42,,,
2.51E-05,93,0,51,,,
1.74E-05,91,3,55,,,
1.93E-05,95,29,57,,,
1.80E-05,91,8,58,,,
1.73E-05,94,1,54,,,
1.86E-05,92,29,60,,,
1.89E-05,93,31,60,,,
2.15E-05,95,3,65,,,
1.78E-05,93,47,63,,,
1.77E-05,92,46,55,,,
1.86E-05,91,2,55,,,
1.86E-05,93,34,54,,,
1.77E-05,92,8,58,,,
1.92E-05,94,15,59,,,
1.80E-05,93,10,64,,,
1.88E-05,94,23,63,,,
1.78E-05,93,10,71,,,
2.30E-05,93,59,75,,,
1.96E-05,92,35,73,,,
1.86E-05,91,48,76,,,
1.87E-05,92,35,72,,,
1.84E-05,93,34,70,,,
2.01E-05,93,32,54,,,
2.50E-05,94,26,49,,,
1.84E-05,91,7,55,,,
1.82E-05,93,33,55,,,
3.47E-05,94,4,49,,,
2.28E-05,92,46,57,,,
2.01E-05,93,28,57,,,
2.49E-05,92,14,57,,,
2.01E-05,93,26,54,,,
2.34E-05,93,14,63,,,
1.78E-05,91,11,61,,,
1.79E-05,94,20,60,,,
1.77E-05,93,4,57,,,
2.57E-05,93,23,50,,,
1.87E-05,95,32,52,,,
2.43E-05,94,43,49,,,
1.74E-05,95,46,51,,,
2.01E-05,95,22,45,,,
1.94E-05,91,21,55,,,
1.83E-05,91,21,56,,,
5.14E-05,91,52,65,,,
1.89E-05,92,79,82,,,
1.73E-05,95,81,83,,,
1.89E-05,94,58,74,,,
2.29E-05,93,65,80,,,
1.89E-05,94,45,79,,,
2.33E-05,92,35,79,,,
1.83E-05,91,24,86,,,
1.81E-05,91,18,87,,,
2.03E-05,91,71,85,,,
1.86E-05,92,12,85,,,
1.90E-05,92,67,84,,,
2.17E-05,95,43,80,,,
1.88E-05,93,18,82,,,
1.90E-05,92,21,83,,,
1.80E-05,94,69,96,,,
1.77E-05,93,90,103,,,
2.03E-05,94,64,118,,,
2.14E-05,92,38,116,,,
1.78E-05,94,108,119,,,
1.91E-05,95,111,119,,,
1.80E-05,92,18,114,,,
1.77E-05,95,11,114,,,
1.78E-05,94,6,118,,,
2.08E-05,91,72,118,,,
2.15E-05,95,46,112,,,
1.75E-05,93,98,110,,,
1.95E-05,92,32,112,,,
1.87E-05,92,35,75,,,
1.78E-05,95,51,75,,,
1.84E-05,95,25,70,,,
2.51E-05,92,34,70,,,
1.83E-05,95,28,69,,,
2.28E-05,92,36,69,,,
1.95E-05,95,14,48,,,
1.87E-05,92,16,37,,,
1.79E-05,91,13,34,,,
1.75E-05,91,28,37,,,
2.21E-05,91,16,37,,,
1.79E-05,91,9,37,,,
1.75E-05,91,2,35,,,
1.83E-05,92,17,32,,,
1.77E-05,92,10,38,,,
1.97E-05,95,32,36,,,
1.72E-05,94,2,30,,,
1.80E-05,91,5,31,,,
1.76E-05,95,28,31,,,
1.80E-05,92,28,35,,,
1.71E-05,93,1,34,,,
3.07E-05,94,1,31,,,
1.73E-05,91,28,31,,,
1.75E-05,94,16,28,,,
1.84E-05,92,1,31,,,
1.81E-05,92,14,30,,,
1.85E-05,93,19,33,,,
1.76E-05,92,23,32,,,
1.83E-05,92,5,21,,,
1.78E-05,95,6,21,,,
1.84E-05,93,12,16,,,
3.13E-05,92,10,16,,,
1.79E-05,91,9,14,,,
1.72E-05,92,0,19,,,
1.73E-05,94,0,14,,,
1.74E-05,95,2,12,,,
1.86E-05,92,0,4,,,
2.39E-05,94,2,7,,,
2.56E-05,91,3,15,,,
3.43E-05,93,1,25,,,
1.86E-05,95,18,21,,,
1.78E-05,95,7,26,,,
1.73E-05,92,2,23,,,
1.74E-05,92,17,22,,,
2.22E-05,95,12,24,,,
2.54E-05,93,10,26,,,
1.74E-05,93,15,25,,,
1.73E-05,91,19,26,,,
1.78E-05,94,11,24,,,
2.12E-05,91,9,19,,,
1.76E-05,91,10,18,,,
1.75E-05,92,1,10,,,
1.75E-05,95,2,8,,,
1.85E-05,93,2,14,,,
1.84E-05,94,6,12,,,
2.76E-05,91,11,16,,,
1.74E-05,94,17,19,,,
1.84E-05,94,8,27,,,
1.92E-05,91,14,25,,,
1.88E-05,95,8,25,,,
1.98E-05,94,35,44,,,
1.86E-05,92,4,44,,,
1.79E-05,93,3,52,,,
1.75E-05,95,23,32,,,
2.07E-05,95,14,31,,,
2.01E-05,93,12,39,,,
1.95E-05,91,22,39,,,
2.26E-05,93,23,34,,,
1.87E-05,95,8,37,,,
1.91E-05,94,24,36,,,
2.54E-05,91,7,36,,,
2.58E-05,92,6,41,,,
2.21E-05,93,34,47,,,
1.86E-05,95,6,48,,,
1.82E-05,91,26,47,,,
1.71E-05,91,1,40,,,
1.83E-05,91,21,46,,,
1.84E-05,91,19,45,,,
1.80E-05,92,30,46,,,
1.82E-05,94,18,39,,,
1.89E-05,95,27,46,,,
1.90E-05,92,32,48,,,
1.88E-05,91,36,48,,,
1.89E-05,92,27,48,,,
1.87E-05,93,40,50,,,
2.27E-05,91,10,56,,,
1.97E-05,95,39,57,,,
2.30E-05,93,4,57,,,
1.82E-05,91,39,55,,,
1.77E-05,94,54,59,,,
1.92E-05,92,15,36,,,
1.79E-05,94,17,34,,,
1.74E-05,91,1,29,,,
1.77E-05,91,9,25,,,
1.76E-05,94,12,25,,,
1.76E-05,94,7,12,,,
2.19E-05,91,2,10,,,
2.10E-05,92,13,20,,,
1.78E-05,93,13,18,,,
1.74E-05,91,2,19,,,
2.27E-05,91,12,16,,,
1.76E-05,95,2,13,,,
1.77E-05,94,1,10,,,
1.72E-05,94,13,15,,,
2.26E-05,95,17,21,,,
1.72E-05,93,23,25,,,
1.76E-05,95,14,27,,,
1.75E-05,95,0,18,,,
1.83E-05,92,4,10,,,
2.06E-05,95,4,10,,,
1.73E-05,95,8,10,,,
1.85E-05,92,7,9,,,
1.84E-05,95,5,9,,,
1.81E-05,92,2,9,,,
1.74E-05,93,9,13,,,
1.73E-05,95,6,14,,,
1.73E-05,95,1,11,,,
1.75E-05,93,0,11,,,
1.73E-05,93,3,10,,,
1.71E-05,94,0,3,,,
1.71E-05,92,0,3,,,
1.72E-05,91,3,5,,,
1.75E-05,94,3,5,,,
1.94E-05,92,1,9,,,
1.77E-05,91,1,13,,,
2.14E-05,94,1,8,,,
1.77E-05,91,3,10,,,
1.86E-05,95,13,16,,,
1.82E-05,91,14,16,,,
2.22E-05,92,10,16,,,
1.82E-05,95,13,15,,,
1.75E-05,93,3,26,,,
1.77E-05,95,7,23,,,
2.04E-05,95,13,28,,,
1.92E-05,95,12,28,,,
3.40E-05,95,31,37,,,
1.74E-05,92,1,38,,,
1.83E-05,94,21,43,,,
1.84E-05,92,44,48,,,
1.88E-05,92,44,46,,,
1.90E-05,94,35,47,,,
1.95E-05,95,0,48,,,
1.80E-05,95,27,47,,,
1.78E-05,92,20,41,,,
1.71E-05,92,0,43,,,
1.75E-05,95,24,32,,,
1.71E-05,94,2,34,,,
1.95E-05,93,29,32,,,
1.75E-05,94,52,54,,,
2.04E-05,91,4,53,,,
1.89E-05,95,37,49,,,
1.79E-05,94,32,48,,,
1.77E-05,95,16,44,,,
1.78E-05,93,6,42,,,
1.78E-05,91,15,43,,,
1.78E-05,94,35,51,,,
1.86E-05,91,31,46,,,
2.17E-05,93,4,45,,,
1.90E-05,93,41,58,,,
1.78E-05,93,34,52,,,
1.85E-05,93,13,43,,,
2.50E-05,91,37,43,,,
1.95E-05,93,29,44,,,
1.75E-05,94,8,47,,,
1.76E-05,94,4,48,,,
1.87E-05,92,25,29,,,
2.69E-05,92,20,28,,,
2.47E-05,95,12,28,,,
1.87E-05,94,3,27,,,
1.78E-05,94,12,32,,,
1.77E-05,95,9,32,,,
1.75E-05,93,0,36,,,
1.74E-05,93,8,52,,,
1.83E-05,91,6,47,,,
1.75E-05,95,6,49,,,
1.80E-05,91,21,49,,,
1.77E-05,91,9,49,,,
1.82E-05,92,34,44,,,
1.82E-05,91,23,44,,,
1.72E-05,94,2,46,,,
3.11E-05,94,13,52,,,
1.83E-05,93,39,56,,,
2.32E-05,95,20,61,,,
2.04E-05,95,25,60,,,
1.85E-05,92,31,65,,,
1.75E-05,95,60,70,,,
1.80E-05,93,17,68,,,
1.77E-05,91,14,72,,,
1.96E-05,93,47,75,,,
1.88E-05,93,44,78,,,
3.86E-05,91,43,72,,,
1.82E-05,94,7,72,,,
1.75E-05,95,2,65,,,
2.34E-05,94,27,69,,,
2.23E-05,95,11,77,,,
3.60E-05,91,37,86,,,
2.13E-05,94,72,85,,,
1.76E-05,95,71,79,,,
2.60E-05,91,40,75,,,
1.80E-05,94,17,65,,,
2.04E-05,93,47,69,,,
2.31E-05,93,3,74,,,
1.75E-05,95,42,50,,,
1.81E-05,94,32,49,,,
2.34E-05,91,19,46,,,
1.75E-05,91,40,47,,,
1.77E-05,95,43,53,,,
1.81E-05,93,29,57,,,
1.77E-05,94,9,48,,,
1.73E-05,91,5,47,,,
1.91E-05,93,37,49,,,
1.75E-05,92,39,46,,,
1.83E-05,92,24,49,,,
1.74E-05,92,41,48,,,
1.81E-05,93,30,41,,,
1.82E-05,95,12,24,,,
1.76E-05,95,15,24,,,
2.08E-05,91,19,24,,,
1.75E-05,93,2,21,,,
1.77E-05,94,6,24,,,
1.75E-05,94,1,26,,,
1.82E-05,92,2,40,,,
1.76E-05,91,24,38,,,
2.25E-05,91,41,45,,,
1.75E-05,94,28,35,,,
2.53E-05,92,7,30,,,
1.78E-05,93,25,38,,,
1.76E-05,91,3,43,,,
1.71E-05,95,2,33,,,
1.77E-05,95,17,27,,,
1.77E-05,95,7,22,,,
1.79E-05,92,3,29,,,
1.73E-05,95,24,27,,,
1.78E-05,95,14,30,,,
1.76E-05,92,25,31,,,
1.79E-05,91,3,26,,,
2.41E-05,93,6,21,,,
1.86E-05,95,28,30,,,
1.83E-05,94,5,28,,,
1.87E-05,91,26,37,,,
2.24E-05,91,17,40,,,
1.72E-05,94,3,42,,,
1.76E-05,93,7,48,,,
2.52E-05,93,17,50,,,
1.73E-05,95,53,58,,,
2.33E-05,95,58,73,,,
1.90E-05,91,54,79,,,
1.79E-05,93,76,90,,,
1.80E-05,95,19,97,,,
1.82E-05,92,72,95,,,
2.59E-05,95,12,85,,,
2.55E-05,93,27,85,,,
1.83E-05,91,55,73,,,
2.09E-05,93,36,85,,,
1.79E-05,93,88,94,,,
1.87E-05,94,71,96,,,
1.97E-05,93,54,98,,,
1.79E-05,91,16,98,,,
1.90E-05,94,35,93,,,
1.74E-05,91,94,99,,,
1.77E-05,92,10,102,,,
2.13E-05,93,70,100,,,
2.48E-05,91,66,100,,,
1.79E-05,91,82,101,,,
2.61E-05,93,72,124,,,
1.96E-05,95,92,125,,,
2.22E-05,92,18,134,,,
1.82E-05,92,1,132,,,
2.08E-05,93,88,143,,,
2.87E-05,94,93,141,,,
1.82E-05,95,128,143,,,
1.85E-05,93,5,139,,,
1.97E-05,95,79,138,,,
1.92E-05,91,77,138,,,
1.79E-05,95,126,142,,,
1.80E-05,93,122,140,,,
1.81E-05,95,15,135,,,
1.88E-05,93,114,143,,,
2.38E-05,91,100,148,,,
1.99E-05,94,78,147,,,
1.86E-05,93,33,146,,,
2.68E-05,94,19,134,,,
4.12E-05,94,115,131,,,
2.33E-05,95,27,129,,,
3.31E-05,94,5,133,,,
1.85E-05,94,1,134,,,
1.90E-05,93,22,140,,,
1.99E-05,92,39,141,,,
3.41E-05,94,4,138,,,
2.00E-05,95,87,133,,,
2.47E-05,93,83,135,,,
2.46E-05,94,77,148,,,
2.07E-05,93,47,144,,,
1.78E-05,94,11,151,,,
1.77E-05,95,145,154,,,
2.32E-05,93,77,149,,,
1.96E-05,94,103,153,,,
1.91E-05,92,89,151,,,
2.44E-05,92,105,156,,,
1.81E-05,95,133,156,,,
2.03E-05,94,69,163,,,
1.88E-05,91,44,164,,,
1.84E-05,91,29,165,,,
2.18E-05,95,85,159,,,
2.09E-05,93,38,163,,,
4.14E-05,92,145,172,,,
2.21E-05,94,132,165,,,
2.01E-05,94,125,179,,,
2.43E-05,91,115,181,,,
2.07E-05,91,70,180,,,
2.15E-05,92,75,184,,,
1.98E-05,95,26,178,,,
2.15E-05,94,107,179,,,
2.17E-05,94,34,186,,,
2.14E-05,95,100,190,,,
1.96E-05,93,30,206,,,
1.80E-05,92,16,215,,,
1.91E-05,95,161,214,,,
3.48E-05,92,73,220,,,
2.56E-05,92,210,222,,,
1.88E-05,93,34,223,,,
1.98E-05,94,55,226,,,
3.51E-05,95,168,227,,,
2.18E-05,94,165,229,,,
2.01E-05,91,60,224,,,
2.04E-05,93,61,207,,,
2.17E-05,94,148,205,,,
1.92E-05,93,149,209,,,
1.97E-05,93,160,219,,,
2.00E-05,91,188,227,,,
2.17E-05,91,77,225,,,
3.13E-05,93,157,225,,,
1.94E-05,93,51,216,,,
2.48E-05,93,102,212,,,
2.14E-05,93,121,219,,,
2.10E-05,94,84,220,,,
1.76E-05,95,220,224,,,
2.97E-05,93,105,219,,,
2.35E-05,93,119,220,,,
1.96E-05,92,36,219,,,
1.82E-05,91,21,218,,,
1.77E-05,91,6,216,,,
2.05E-05,91,208,216,,,
2.45E-05,91,84,210,,,
2.27E-05,92,11,201,,,
2.10E-05,93,73,204,,,
2.16E-05,94,120,207,,,
2.07E-05,92,73,202,,,
2.73E-05,91,173,203,,,
2.34E-05,95,102,201,,,
1.96E-05,92,32,194,,,
1.90E-05,95,42,184,,,
1.76E-05,95,7,181,,,
1.92E-05,95,113,172,,,
2.01E-05,94,69,175,,,
2.08E-05,93,79,175,,,
3.07E-05,93,65,176,,,
1.75E-05,92,3,174,,,
2.16E-05,95,92,177,,,
2.29E-05,95,83,180,,,
1.79E-05,92,168,182,,,
1.90E-05,93,140,184,,,
2.06E-05,93,54,184,,,
1.97E-05,95,118,183,,,
2.41E-05,93,30,181,,,
1.78E-05,93,11,187,,,
2.04E-05,92,75,197,,,
2.11E-05,93,107,197,,,
2.11E-05,95,68,196,,,
2.02E-05,93,102,195,,,
1.79E-05,95,179,198,,,
1.91E-05,91,38,197,,,
1.78E-05,95,3,195,,,
3.38E-05,94,50,177,,,
1.93E-05,92,21,176,,,
2.00E-05,91,127,175,,,
1.93E-05,91,27,172,,,
2.01E-05,91,66,175,,,
2.05E-05,91,75,179,,,
2.14E-05,94,168,173,,,
2.17E-05,94,44,176,,,
1.95E-05,93,124,179,,,
2.23E-05,95,126,181,,,
3.25E-05,91,127,186,,,
3.40E-05,93,79,185,,,
3.13E-05,95,141,186,,,
2.13E-05,95,30,184,,,
2.63E-05,92,31,185,,,
2.01E-05,92,24,185,,,
2.11E-05,92,94,196,,,
1.90E-05,93,158,203,,,
2.27E-05,95,49,203,,,
1.97E-05,92,30,204,,,
1.91E-05,93,43,210,,,
1.97E-05,95,157,214,,,
2.08E-05,95,129,214,,,
1.75E-05,92,4,214,,,
2.05E-05,95,140,216,,,
2.12E-05,94,79,216,,,
1.76E-05,94,222,227,,,
1.98E-05,93,62,229,,,
2.29E-05,92,139,240,,,
1.79E-05,91,9,239,,,
1.85E-05,92,210,243,,,
1.77E-05,94,235,243,,,
1.90E-05,93,42,239,,,
2.27E-05,94,114,239,,,
2.04E-05,92,149,238,,,
1.79E-05,91,17,234,,,
2.34E-05,92,153,232,,,
1.77E-05,94,6,225,,,
3.11E-05,91,17,221,,,
1.91E-05,92,41,218,,,
2.11E-05,91,89,211,,,
1.79E-05,92,186,203,,,
2.07E-05,92,107,202,,,
2.15E-05,95,125,204,,,
1.97E-05,95,41,204,,,
1.86E-05,91,169,203,,,
1.92E-05,91,145,202,,,
1.89E-05,93,148,199,,,
1.75E-05,95,0,197,,,
2.18E-05,94,103,203,,,
2.10E-05,95,40,192,,,
1.91E-05,94,169,192,,,
2.13E-05,93,78,193,,,
1.89E-05,94,41,187,,,
2.35E-05,91,113,182,,,
2.03E-05,91,113,174,,,
1.97E-05,92,54,173,,,
2.56E-05,91,118,176,,,
1.96E-05,93,151,174,,,
1.89E-05,93,118,168,,,
2.33E-05,92,76,167,,,
1.83E-05,92,16,174,,,
2.01E-05,94,133,176,,,
2.29E-05,95,97,177,,,
1.91E-05,91,0,183,,,
2.07E-05,95,85,184,,,
2.08E-05,94,118,183,,,
2.34E-05,95,164,183,,,
1.94E-05,92,28,185,,,
1.91E-05,95,37,183,,,
2.05E-05,92,101,198,,,
2.85E-05,93,59,204,,,
1.88E-05,91,37,210,,,
2.06E-05,93,141,212,,,
2.12E-05,93,116,207,,,
2.59E-05,93,53,204,,,
2.20E-05,91,88,200,,,
2.02E-05,92,113,200,,,
2.10E-05,95,76,204,,,
2.87E-05,93,97,208,,,
1.94E-05,92,173,214,,,
2.02E-05,94,136,216,,,
2.57E-05,91,51,212,,,
3.59E-05,91,111,211,,,
2.21E-05,93,108,198,,,
2.27E-05,92,138,210,,,
1.92E-05,91,27,213,,,
1.87E-05,95,170,221,,,
2.21E-05,94,157,221,,,
1.76E-05,92,218,221,,,
2.04E-05,95,134,224,,,
2.22E-05,93,133,229,,,
3.61E-05,91,46,232,,,
1.87E-05,93,7,232,,,
2.04E-05,91,173,232,,,
2.77E-05,93,87,232,,,
3.11E-05,92,172,222,,,
2.13E-05,93,171,236,,,
2.00E-05,94,150,235,,,
2.09E-05,93,161,229,,,
2.16E-05,91,78,226,,,
2.02E-05,91,70,224,,,
2.67E-05,93,116,224,,,
2.00E-05,94,135,220,,,
3.89E-05,94,50,217,,,
2.03E-05,95,187,224,,,
1.86E-05,93,190,226,,,
2.69E-05,94,209,222,,,
2.44E-05,95,113,225,,,
2.09E-05,91,59,229,,,
2.27E-05,95,134,225,,,
2.18E-05,93,70,229,,,
2.16E-05,94,166,229,,,
1.79E-05,91,217,234,,,
1.98E-05,94,6,236,,,
1.90E-05,93,210,240,,,
2.06E-05,93,81,237,,,
2.12E-05,94,119,224,,,
2.61E-05,94,161,236,,,
1.93E-05,95,184,237,,,
1.90E-05,91,212,246,,,
1.93E-05,95,41,246,,,
2.20E-05,93,114,246,,,
2.18E-05,94,165,246,,,
2.06E-05,92,174,235,,,
1.92E-05,95,223,229,,,
1.86E-05,92,15,227,,,
2.20E-05,92,111,232,,,
2.09E-05,91,158,228,,,
1.99E-05,95,67,226,,,
2.15E-05,93,104,209,,,
2.27E-05,94,157,239,,,
2.59E-05,95,138,236,,,
1.90E-05,95,192,237,,,
2.18E-05,92,101,233,,,
2.27E-05,91,89,232,,,
2.16E-05,95,47,229,,,
1.94E-05,95,175,239,,,
1.85E-05,94,221,252,,,
1.99E-05,95,66,251,,,
1.88E-05,93,31,253,,,
1.96E-05,94,181,245,,,
2.08E-05,91,38,244,,,
2.18E-05,92,94,240,,,
2.94E-05,92,18,239,,,
2.28E-05,94,118,239,,,
3.14E-05,92,123,248,,,
2.01E-05,95,69,237,,,
2.12E-05,92,98,238,,,
1.89E-05,94,39,235,,,
1.93E-05,93,209,235,,,
2.04E-05,91,75,239,,,
2.42E-05,95,114,238,,,
1.84E-05,91,207,237,,,
1.77E-05,91,222,237,,,
1.88E-05,92,40,237,,,
2.10E-05,92,172,249,,,
2.02E-05,94,73,246,,,
2.17E-05,92,85,251,,,
1.76E-05,94,7,248,,,
2.09E-05,93,142,249,,,
2.04E-05,91,184,240,,,
1.86E-05,91,27,240,,,
2.08E-05,92,142,241,,,
2.69E-05,95,64,242,,,
2.09E-05,94,87,238,,,
2.01E-05,95,68,238,,,
2.11E-05,92,145,247,,,
1.85E-05,91,18,247,,,
2.91E-05,95,85,247,,,
1.89E-05,93,204,249,,,
1.86E-05,93,224,241,,,
2.08E-05,91,55,248,,,
2.33E-05,92,84,253,,,
1.87E-05,92,215,258,,,
1.79E-05,93,242,254,,,
2.03E-05,94,50,250,,,
5.64E-05,93,200,246,,,
2.51E-05,95,145,249,,,
2.50E-05,95,110,252,,,
1.98E-05,94,36,257,,,
1.90E-05,92,236,257,,,
2.07E-05,92,183,258,,,
2.00E-05,94,184,258,,,
1.94E-05,92,19,260,,,
1.88E-05,92,27,259,,,
2.23E-05,92,156,256,,,
1.81E-05,91,244,261,,,
2.00E-05,92,173,256,,,
1.83E-05,92,215,246,,,
1.76E-05,92,12,245,,,
1.94E-05,94,179,246,,,
2.06E-05,94,176,248,,,
1.98E-05,94,196,238,,,
2.02E-05,92,243,246,,,
1.98E-05,92,59,247,,,
2.28E-05,91,122,246,,,
1.98E-05,95,57,248,,,
2.23E-05,93,0,246,,,
2.25E-05,91,116,242,,,
2.10E-05,91,155,241,,,
2.33E-05,94,198,244,,,
2.00E-05,95,160,238,,,
2.22E-05,95,82,216,,,
2.22E-05,93,87,218,,,
1.80E-05,94,192,211,,,
1.87E-05,94,35,229,,,
1.96E-05,92,193,229,,,
2.05E-05,93,82,233,,,
1.85E-05,91,188,234,,,
2.16E-05,93,77,228,,,
2.22E-05,92,134,229,,,
2.33E-05,92,122,236,,,
3.41E-05,92,153,237,,,
1.76E-05,93,9,236,,,
2.10E-05,91,129,239,,,
1.76E-05,95,1,235,,,
2.24E-05,95,103,244,,,
1.82E-05,92,14,239,,,
2.07E-05,92,75,242,,,
2.04E-05,94,156,250,,,
1.79E-05,94,16,236,,,
2.41E-05,94,114,245,,,
2.14E-05,92,133,246,,,
2.38E-05,94,118,247,,,
2.42E-05,92,230,287,,,
2.28E-05,91,146,284,,,
2.32E-05,93,32,288,,,
1.87E-05,92,241,284,,,
2.21E-05,91,85,283,,,
2.14E-05,95,100,284,,,
2.24E-05,95,172,277,,,
2.38E-05,95,176,282,,,
1.84E-05,94,7,282,,,
2.42E-05,92,237,290,,,
2.12E-05,94,210,288,,,
1.88E-05,93,241,281,,,
2.39E-05,95,122,282,,,
4.26E-05,95,250,274,,,
2.24E-05,91,162,270,,,
1.75E-05,92,3,264,,,
2.38E-05,92,125,254,,,
2.26E-05,94,97,259,,,
2.08E-05,93,44,257,,,
2.00E-05,92,18,257,,,
1.79E-05,91,11,253,,,
2.06E-05,94,147,253,,,
1.93E-05,91,33,251,,,
2.45E-05,95,248,251,,,
2.07E-05,94,144,250,,,
1.96E-05,95,213,244,,,
2.61E-05,92,170,242,,,
2.15E-05,92,78,241,,,
2.35E-05,91,157,244,,,
2.15E-05,95,130,241,,,
1.97E-05,94,209,231,,,
1.84E-05,94,29,243,,,
1.89E-05,91,208,242,,,
4.28E-05,94,112,241,,,
3.65E-05,91,190,240,,,
2.16E-05,95,98,235,,,
2.01E-05,95,23,232,,,
2.35E-05,93,193,235,,,
2.06E-05,94,151,231,,,
2.57E-05,91,76,230,,,
2.70E-05,94,169,227,,,
3.91E-05,92,93,225,,,
2.80E-05,92,116,222,,,
2.88E-05,94,25,221,,,
2.10E-05,93,177,220,,,
2.02E-05,93,186,221,,,
2.06E-05,95,163,228,,,
2.33E-05,93,81,211,,,
2.96E-05,92,151,212,,,
9.04E-05,95,160,210,,,
3.13E-05,92,211,214,,,
3.03E-05,91,150,211,,,
3.38E-05,92,43,212,,,
2.23E-05,92,62,218,,,
3.17E-05,91,167,213,,,
1.77E-05,92,203,206,,,
1.90E-05,93,160,206,,,
2.50E-05,92,34,205,,,
2.01E-05,93,69,209,,,
1.88E-05,92,33,209,,,
2.61E-05,91,54,210,,,
2.13E-05,94,112,212,,,
1.74E-05,95,203,209,,,
1.83E-05,91,21,209,,,
2.53E-05,93,86,198,,,
1.79E-05,92,176,192,,,
3.14E-05,91,142,208,,,
3.00E-05,95,149,208,,,
1.84E-05,95,195,215,,,
1.93E-05,92,200,222,,,
1.86E-05,91,197,224,,,
1.95E-05,92,169,220,,,
1.87E-05,91,180,219,,,
1.95E-05,94,51,215,,,
3.77E-05,94,139,219,,,
3.64E-05,94,137,212,,,
2.47E-05,92,64,211,,,
3.61E-05,95,106,211,,,
2.70E-05,95,1,211,,,
9.42E-05,93,151,209,,,
1.77E-05,94,10,199,,,
1.83E-05,93,167,198,,,
1.75E-05,91,1,203,,,
2.00E-05,91,118,199,,,
2.33E-05,94,79,201,,,
2.20E-05,91,93,204,,,
4.24E-05,95,61,201,,,
2.88E-05,94,144,206,,,
3.20E-05,95,67,222,,,
3.14E-05,93,136,229,,,
2.72E-05,95,97,231,,,
1.98E-05,92,32,233,,,
9.62E-05,93,11,232,,,
2.20E-05,94,144,242,,,
1.91E-05,93,196,234,,,
1.96E-05,93,47,240,,,
2.12E-05,93,74,237,,,
2.29E-05,95,28,229,,,
2.48E-05,92,86,228,,,
2.17E-05,95,74,229,,,
1.92E-05,93,168,223,,,
1.91E-05,94,164,215,,,
2.31E-05,94,116,214,,,
1.80E-05,93,203,211,,,
2.24E-05,93,111,203,,,
2.14E-05,92,96,208,,,
3.13E-05,92,132,221,,,
3.19E-05,95,192,220,,,
2.11E-05,91,82,233,,,
1.96E-05,94,46,236,,,
2.29E-05,94,153,235,,,
2.15E-05,94,107,243,,,
2.76E-05,92,107,244,,,
2.29E-05,91,113,240,,,
2.28E-05,93,143,239,,,
2.44E-05,93,121,237,,,
1.97E-05,91,30,236,,,
2.69E-05,93,197,236,,,
1.78E-05,93,223,233,,,
2.38E-05,95,127,227,,,
2.51E-05,93,162,237,,,
2.84E-05,93,36,236,,,
2.03E-05,95,227,239,,,
2.64E-05,95,0,241,,,
0.0001223,92,102,230,,,
2.10E-05,94,78,224,,,
1.95E-05,93,173,231,,,
2.66E-05,92,80,227,,,
2.52E-05,93,75,226,,,
1.80E-05,91,193,218,,,
2.12E-05,93,51,209,,,
2.04E-05,94,121,218,,,
1.99E-05,94,47,218,,,
2.00E-05,91,135,218,,,
1.78E-05,95,5,218,,,
2.19E-05,95,109,219,,,
2.69E-05,92,91,220,,,
1.96E-05,94,50,219,,,
3.15E-05,94,33,213,,,
3.15E-05,93,136,210,,,
3.98E-05,95,94,215,,,
3.28E-05,92,34,216,,,
2.19E-05,95,10,220,,,
1.96E-05,93,153,222,,,
1.84E-05,95,190,220,,,
2.19E-05,94,86,221,,,
2.01E-05,92,66,221,,,
2.09E-05,93,152,214,,,
3.88E-05,94,65,215,,,
1.89E-05,91,10,214,,,
1.82E-05,91,217,224,,,
3.39E-05,94,101,223,,,
2.69E-05,91,102,225,,,
1.96E-05,94,33,216,,,
2.65E-05,93,138,215,,,
2.88E-05,93,48,218,,,
2.63E-05,93,0,213,,,
2.32E-05,93,185,217,,,
1.78E-05,94,207,219,,,
1.79E-05,93,12,220,,,
1.83E-05,94,8,220,,,
2.93E-05,94,64,223,,,
3.17E-05,92,14,218,,,
1.93E-05,95,47,216,,,
1.94E-05,91,154,212,,,
2.56E-05,93,152,221,,,
3.08E-05,91,118,222,,,
1.87E-05,93,19,225,,,
1.72E-05,91,227,229,,,
1.97E-05,94,46,228,,,
2.12E-05,93,96,222,,,
1.94E-05,93,173,221,,,
3.84E-05,95,133,221,,,
3.02E-05,92,164,224,,,
2.56E-05,94,117,207,,,
1.92E-05,93,144,205,,,
2.36E-05,93,56,200,,,
1.96E-05,94,141,205,,,
1.92E-05,93,136,199,,,
2.00E-05,92,107,196,,,
3.60E-05,91,93,202,,,
3.08E-05,93,161,204,,,
2.47E-05,93,125,201,,,
8.62E-05,95,175,199,,,
2.87E-05,95,113,199,,,
1.93E-05,92,140,201,,,
2.47E-05,95,91,219,,,
1.99E-05,94,57,221,,,
1.86E-05,94,30,228,,,
2.90E-05,95,13,224,,,
3.17E-05,95,150,224,,,
2.02E-05,93,212,223,,,
2.63E-05,91,81,227,,,
2.04E-05,94,35,226,,,
2.13E-05,91,147,228,,,
1.85E-05,92,14,229,,,
2.00E-05,95,167,224,,,
1.86E-05,92,222,224,,,
1.97E-05,94,58,227,,,
2.14E-05,93,118,227,,,
1.98E-05,91,64,226,,,
2.08E-05,93,82,222,,,
1.83E-05,94,195,222,,,
1.99E-05,94,56,226,,,
1.88E-05,94,193,221,,,
1.76E-05,94,206,218,,,
2.16E-05,94,167,221,,,
1.98E-05,91,45,207,,,
1.77E-05,95,196,203,,,
0.0001217,92,58,203,,,
2.94E-05,91,150,200,,,
2.03E-05,93,169,199,,,
1.90E-05,93,22,212,,,
2.97E-05,93,132,207,,,
2.77E-05,91,68,208,,,
2.39E-05,95,41,213,,,
1.78E-05,94,217,220,,,
2.24E-05,94,149,221,,,
1.77E-05,94,8,220,,,
3.01E-05,91,124,219,,,
2.03E-05,93,9,227,,,
1.83E-05,95,181,212,,,
1.97E-05,92,53,221,,,
1.98E-05,94,56,217,,,
1.99E-05,95,129,210,,,
1.87E-05,93,28,196,,,
1.84E-05,94,32,195,,,
1.97E-05,91,166,193,,,
2.98E-05,93,152,208,,,
2.94E-05,94,62,194,,,
1.76E-05,91,8,193,,,
1.79E-05,92,173,184,,,
2.04E-05,95,73,184,,,
2.06E-05,95,92,185,,,
2.08E-05,92,85,180,,,
1.95E-05,94,57,173,,,
2.02E-05,92,60,176,,,
1.84E-05,94,12,175,,,
2.53E-05,95,99,176,,,
1.80E-05,91,1,171,,,
1.80E-05,93,158,167,,,
1.84E-05,92,139,167,,,
2.02E-05,93,65,162,,,
1.84E-05,93,137,164,,,
9.06E-05,94,83,169,,,
1.80E-05,94,5,170,,,
2.24E-05,92,63,162,,,
1.85E-05,92,121,162,,,
1.84E-05,93,125,156,,,
1.74E-05,93,150,160,,,
2.36E-05,95,97,168,,,
2.23E-05,95,53,163,,,
2.24E-05,93,87,166,,,
2.10E-05,91,108,162,,,
1.98E-05,94,39,158,,,
2.05E-05,94,81,159,,,
1.77E-05,91,163,169,,,
2.02E-05,92,63,165,,,
1.82E-05,93,144,166,,,
1.87E-05,91,131,170,,,
2.09E-05,94,106,183,,,
2.04E-05,91,71,182,,,
2.01E-05,91,101,174,,,
2.74E-05,93,47,174,,,
1.93E-05,91,121,177,,,
2.16E-05,95,124,177,,,
1.90E-05,92,16,177,,,
1.82E-05,92,25,179,,,
2.17E-05,92,78,172,,,
2.02E-05,94,123,182,,,
1.74E-05,91,179,181,,,
1.97E-05,91,105,172,,,
4.40E-05,93,96,139,,,
1.85E-05,92,21,140,,,
2.21E-05,94,2,140,,,
1.92E-05,94,85,139,,,
2.28E-05,94,72,141,,,
2.35E-05,95,73,148,,,
2.48E-05,95,113,137,,,
1.97E-05,93,72,140,,,
1.88E-05,93,29,137,,,
1.98E-05,95,69,137,,,
1.79E-05,91,14,133,,,
1.93E-05,91,102,139,,,
3.10E-05,91,28,141,,,
2.13E-05,95,48,151,,,
1.99E-05,93,36,157,,,
2.48E-05,92,111,158,,,
1.80E-05,93,135,156,,,
2.10E-05,92,79,152,,,
2.09E-05,95,78,156,,,
3.09E-05,94,94,150,,,
2.15E-05,92,18,154,,,
2.74E-05,93,128,160,,,
2.15E-05,91,94,156,,,
3.13E-05,92,86,151,,,
3.61E-05,92,92,148,,,
1.79E-05,95,136,145,,,
1.90E-05,91,91,147,,,
4.18E-05,95,65,151,,,
2.00E-05,95,128,153,,,
2.51E-05,92,71,145,,,
1.96E-05,95,57,142,,,
2.02E-05,94,69,142,,,
1.76E-05,92,4,146,,,
2.53E-05,95,49,150,,,
1.76E-05,95,134,147,,,
1.78E-05,91,11,140,,,
2.54E-05,93,77,138,,,
2.18E-05,95,89,138,,,
1.99E-05,92,50,139,,,
1.88E-05,93,98,135,,,
1.85E-05,92,102,137,,,
1.87E-05,91,114,149,,,
2.05E-05,95,16,131,,,
2.69E-05,92,29,140,,,
2.10E-05,91,104,141,,,
2.23E-05,92,63,141,,,
2.06E-05,92,51,141,,,
1.96E-05,91,25,148,,,
2.31E-05,91,73,156,,,
2.07E-05,91,73,157,,,
2.49E-05,91,18,135,,,
1.85E-05,91,92,127,,,
1.72E-05,93,122,125,,,
2.09E-05,93,56,129,,,
1.78E-05,94,9,134,,,
1.98E-05,94,36,121,,,
1.79E-05,92,4,125,,,
1.84E-05,94,19,125,,,
2.03E-05,95,50,129,,,
1.82E-05,93,21,128,,,
1.75E-05,91,0,121,,,
1.78E-05,93,12,124,,,
1.97E-05,95,39,123,,,
1.75E-05,91,127,132,,,
1.75E-05,92,120,133,,,
2.06E-05,95,59,119,,,
2.40E-05,91,39,123,,,
2.11E-05,94,59,120,,,
3.25E-05,95,71,120,,,
1.86E-05,94,22,122,,,
2.26E-05,93,79,116,,,
1.87E-05,91,13,114,,,
2.62E-05,92,98,114,,,
2.38E-05,91,48,111,,,
2.31E-05,93,95,111,,,
2.89E-05,91,49,117,,,
3.18E-05,91,87,122,,,
2.01E-05,94,92,123,,,
2.21E-05,91,10,122,,,
1.92E-05,92,40,128,,,
1.73E-05,93,122,125,,,
1.95E-05,92,80,120,,,
1.82E-05,93,15,104,,,
2.93E-05,92,3,106,,,
2.09E-05,94,38,105,,,
1.78E-05,91,12,111,,,
1.88E-05,92,95,105,,,
1.86E-05,91,95,102,,,
1.95E-05,93,26,102,,,
1.84E-05,95,10,98,,,
2.00E-05,91,72,93,,,
1.80E-05,93,1,81,,,
1.75E-05,95,71,75,,,
2.70E-05,95,35,69,,,
1.78E-05,93,57,69,,,
1.88E-05,95,56,62,,,
2.48E-05,95,9,54,,,
1.92E-05,95,39,55,,,
1.86E-05,95,45,55,,,
1.85E-05,91,26,57,,,
1.78E-05,93,9,59,,,
1.75E-05,93,48,55,,,
1.82E-05,93,29,55,,,
1.92E-05,93,36,47,,,
1.90E-05,91,38,42,,,
1.80E-05,91,12,36,,,
1.78E-05,91,0,28,,,
1.76E-05,93,15,28,,,
2.61E-05,91,2,27,,,
1.78E-05,95,21,30,,,
2.34E-05,94,8,17,,,
1.77E-05,94,6,14,,,
1.72E-05,94,2,18,,,
1.73E-05,94,2,17,,,
1.72E-05,94,6,12,,,
1.76E-05,95,10,13,,,
1.73E-05,93,6,16,,,
1.75E-05,94,11,21,,,
1.74E-05,92,0,29,,,
1.78E-05,93,29,40,,,
1.81E-05,91,18,43,,,
1.76E-05,91,39,45,,,
1.79E-05,94,9,38,,,
1.75E-05,91,20,28,,,
1.97E-05,92,18,36,,,
3.13E-05,92,10,43,,,
2.76E-05,93,39,43,,,
2.14E-05,93,21,41,,,
1.82E-05,93,45,47,,,
2.40E-05,91,26,49,,,
1.94E-05,93,39,49,,,
2.39E-05,94,36,61,,,
1.84E-05,91,44,76,,,
1.83E-05,94,26,79,,,
1.74E-05,95,74,80,,,
1.80E-05,94,57,81,,,
1.84E-05,93,58,83,,,
1.82E-05,93,20,88,,,
1.75E-05,95,10,87,,,
1.87E-05,91,14,90,,,
1.88E-05,92,35,91,,,
1.86E-05,95,29,91,,,
2.26E-05,92,37,93,,,
1.80E-05,94,21,99,,,
1.75E-05,95,76,89,,,
1.87E-05,92,35,91,,,
1.77E-05,94,86,93,,,
1.85E-05,94,33,82,,,
1.83E-05,94,60,80,,,
1.86E-05,94,40,75,,,
1.75E-05,91,8,75,,,
1.82E-05,94,17,68,,,
1.85E-05,95,27,68,,,
1.78E-05,92,53,73,,,
1.79E-05,91,55,71,,,
1.74E-05,93,2,66,,,
1.91E-05,91,62,70,,,
1.77E-05,92,2,67,,,
1.86E-05,92,1,66,,,
2.00E-05,92,29,64,,,
1.96E-05,93,43,65,,,
2.01E-05,94,36,63,,,
1.84E-05,91,0,64,,,
2.15E-05,93,2,68,,,
1.88E-05,91,35,78,,,
1.75E-05,91,71,77,,,
1.86E-05,91,44,78,,,
1.80E-05,92,21,69,,,
3.06E-05,93,20,71,,,
1.82E-05,92,21,58,,,
1.80E-05,92,10,59,,,
1.75E-05,91,56,58,,,
1.82E-05,91,33,60,,,
2.50E-05,93,39,52,,,
1.82E-05,94,0,47,,,
3.00E-05,93,38,45,,,
1.97E-05,91,15,48,,,
2.01E-05,94,31,48,,,
2.35E-05,93,21,49,,,
1.81E-05,93,18,53,,,
1.72E-05,92,2,53,,,
8.92E-05,92,51,54,,,
1.87E-05,91,22,56,,,
1.85E-05,92,26,55,,,
2.10E-05,94,2,54,,,
1.95E-05,94,24,54,,,
2.29E-05,95,4,51,,,
1.81E-05,95,36,53,,,
1.76E-05,91,52,58,,,
2.25E-05,92,10,55,,,
1.74E-05,91,2,51,,,
1.78E-05,91,11,64,,,
2.23E-05,92,57,66,,,
1.81E-05,94,37,60,,,
1.75E-05,94,46,55,,,
1.75E-05,92,1,51,,,
1.75E-05,94,37,46,,,
2.57E-05,92,24,44,,,
2.01E-05,94,15,40,,,
1.89E-05,91,4,38,,,
1.74E-05,92,40,48,,,
1.77E-05,94,3,50,,,
1.77E-05,91,37,51,,,
1.78E-05,94,23,36,,,
1.78E-05,95,2,36,,,
1.81E-05,91,12,39,,,
1.88E-05,95,15,40,,,
1.85E-05,91,6,48,,,
1.92E-05,93,31,47,,,
1.76E-05,95,7,47,,,
1.72E-05,91,2,47,,,
1.94E-05,93,19,47,,,
1.90E-05,92,16,49,,,
1.86E-05,95,9,51,,,
1.73E-05,95,1,38,,,
1.97E-05,95,32,36,,,
1.82E-05,93,20,38,,,
1.90E-05,93,28,38,,,
2.02E-05,95,29,45,,,
1.83E-05,95,28,48,,,
2.15E-05,92,45,49,,,
1.81E-05,92,34,61,,,
1.94E-05,95,35,63,,,
1.82E-05,93,15,71,,,
1.86E-05,92,17,57,,,
1.90E-05,95,10,48,,,
1.77E-05,91,38,50,,,
1.83E-05,92,8,40,,,
1.77E-05,94,30,43,,,
1.77E-05,92,35,39,,,
1.74E-05,94,3,30,,,
1.73E-05,94,2,31,,,
1.74E-05,92,0,24,,,
1.77E-05,92,11,25,,,
1.94E-05,93,8,37,,,
1.88E-05,93,32,53,,,
3.43E-05,94,1,52,,,
1.83E-05,95,24,45,,,
1.80E-05,95,28,44,,,
1.99E-05,95,6,21,,,
1.97E-05,93,14,22,,,
1.90E-05,91,2,22,,,
1.85E-05,92,16,18,,,
1.82E-05,95,4,20,,,
1.90E-05,95,0,15,,,
1.92E-05,93,7,12,,,
1.72E-05,95,3,5,,,
1.73E-05,94,1,12,,,
1.74E-05,95,6,14,,,
1.91E-05,94,6,12,,,
1.73E-05,93,11,14,,,
1.72E-05,91,0,17,,,
1.72E-05,93,1,5,,,
2.50E-05,92,1,5,,,
1.81E-05,95,13,15,,,
1.82E-05,94,2,15,,,
1.81E-05,91,1,13,,,
1.82E-05,93,1,14,,,
2.83E-05,92,5,15,,,
2.77E-05,92,0,13,,,
1.93E-05,95,12,14,,,
1.85E-05,93,4,16,,,
2.07E-05,95,4,10,,,
1.76E-05,92,7,11,,,
1.73E-05,91,0,7,,,
1.82E-05,95,0,5,,,
1.91E-05,94,0,2,,,
1.85E-05,91,0,1,,,
1.73E-05,91,4,8,,,
2.68E-05,95,2,13,,,
1.85E-05,94,2,14,,,
1.83E-05,92,3,21,,,
1.74E-05,95,8,25,,,
1.75E-05,91,8,28,,,
1.82E-05,91,24,31,,,
1.74E-05,94,23,30,,,
1.78E-05,93,19,25,,,
1.73E-05,93,0,28,,,
1.80E-05,95,15,28,,,
1.79E-05,93,18,31,,,
1.79E-05,95,12,34,,,
1.75E-05,91,29,35,,,
1.80E-05,94,18,29,,,
2.57E-05,93,13,27,,,
2.54E-05,93,13,15,,,
1.85E-05,95,3,25,,,
1.83E-05,92,1,30,,,
1.93E-05,93,5,18,,,
2.19E-05,95,3,6,,,
1.75E-05,94,12,18,,,
1.80E-05,95,11,16,,,
1.72E-05,94,1,3,,,
1.80E-05,94,9,12,,,
1.86E-05,95,1,16,,,
1.76E-05,93,1,3,,,
1.70E-05,95,0,2,,,
1.99E-05,93,2,7,,,
1.75E-05,94,6,11,,,
1.74E-05,93,7,10,,,
2.24E-05,94,8,19,,,
1.72E-05,91,25,30,,,
1.77E-05,93,7,27,,,
1.76E-05,95,8,27,,,
1.77E-05,91,17,30,,,
1.83E-05,94,14,31,,,
2.36E-05,94,5,37,,,
1.77E-05,92,25,36,,,
1.77E-05,91,26,35,,,
1.74E-05,94,2,40,,,
1.76E-05,95,23,36,,,
1.81E-05,95,7,44,,,
1.86E-05,92,27,55,,,
1.78E-05,94,35,53,,,
1.72E-05,95,43,46,,,
3.88E-05,93,25,50,,,
1.86E-05,91,43,49,,,
1.90E-05,91,29,54,,,
2.30E-05,93,38,64,,,
1.92E-05,95,19,70,,,
1.83E-05,94,28,75,,,
1.75E-05,93,1,75,,,
1.85E-05,94,32,73,,,
2.17E-05,94,64,72,,,
2.79E-05,93,60,89,,,
1.82E-05,94,84,94,,,
2.19E-05,94,27,92,,,
1.80E-05,93,7,97,,,
1.78E-05,95,77,86,,,
3.48E-05,94,48,82,,,
1.93E-05,92,66,89,,,
1.76E-05,93,80,84,,,
1.83E-05,95,55,76,,,
1.75E-05,95,65,76,,,
1.93E-05,95,41,84,,,
1.86E-05,95,31,91,,,
1.80E-05,92,17,91,,,
2.42E-05,92,31,94,,,
3.02E-05,93,83,98,,,
1.92E-05,92,39,99,,,
2.05E-05,92,31,92,,,
1.82E-05,92,73,84,,,
1.93E-05,92,38,84,,,
1.81E-05,95,57,76,,,
1.96E-05,92,53,75,,,
1.96E-05,91,41,74,,,
1.88E-05,94,13,71,,,
1.78E-05,93,10,72,,,
1.92E-05,94,34,72,,,
1.97E-05,92,49,74,,,
2.40E-05,92,19,85,,,
2.69E-05,92,42,74,,,
1.91E-05,94,36,69,,,
2.24E-05,92,47,74,,,
1.93E-05,95,63,79,,,
1.72E-05,93,1,74,,,
1.87E-05,91,27,65,,,
1.86E-05,94,31,64,,,
2.22E-05,93,61,65,,,
2.70E-05,93,44,64,,,
1.93E-05,91,17,68,,,
2.47E-05,91,36,77,,,
1.81E-05,95,70,86,,,
1.83E-05,93,21,83,,,
2.05E-05,91,79,95,,,
1.96E-05,95,55,105,,,
1.83E-05,93,7,113,,,
1.93E-05,94,84,143,,,
1.80E-05,95,17,143,,,
1.83E-05,95,24,144,,,
2.11E-05,93,16,149,,,
1.89E-05,95,103,153,,,
2.07E-05,93,58,152,,,
1.77E-05,92,16,153,,,
1.82E-05,91,128,150,,,
1.96E-05,95,141,149,,,
1.90E-05,95,95,150,,,
2.24E-05,93,128,141,,,
2.59E-05,94,72,153,,,
1.99E-05,94,66,151,,,
1.96E-05,94,112,153,,,
1.90E-05,94,24,154,,,
1.87E-05,91,30,152,,,
1.93E-05,91,114,145,,,
1.95E-05,93,108,144,,,
1.88E-05,95,32,136,,,
1.82E-05,92,16,138,,,
1.96E-05,91,28,137,,,
2.08E-05,93,101,137,,,
2.15E-05,91,52,128,,,
2.02E-05,94,112,134,,,
1.96E-05,94,117,133,,,
2.90E-05,93,101,135,,,
1.88E-05,95,126,135,,,
1.91E-05,91,45,153,,,
1.89E-05,91,46,155,,,
1.94E-05,94,55,157,,,
2.35E-05,91,110,167,,,
1.77E-05,93,150,164,,,
3.53E-05,94,70,170,,,
4.41E-05,94,64,164,,,
1.97E-05,94,64,158,,,
2.53E-05,92,42,159,,,
2.21E-05,94,81,165,,,
9.35E-05,94,97,154,,,
2.08E-05,92,71,151,,,
2.48E-05,94,18,163,,,
5.40E-05,92,130,159,,,
2.17E-05,91,53,162,,,
2.15E-05,92,155,162,,,
2.02E-05,91,84,158,,,
1.99E-05,94,64,158,,,
1.90E-05,93,106,160,,,
2.05E-05,91,67,159,,,
2.66E-05,95,93,160,,,
1.78E-05,93,148,163,,,
1.91E-05,95,9,162,,,
1.79E-05,92,149,174,,,
1.90E-05,91,126,173,,,
1.96E-05,94,52,169,,,
1.78E-05,95,158,170,,,
1.89E-05,91,41,170,,,
2.10E-05,91,81,168,,,
3.23E-05,93,71,170,,,
4.16E-05,95,91,168,,,
3.16E-05,93,145,162,,,
2.92E-05,92,34,166,,,
1.90E-05,94,19,172,,,
2.03E-05,95,52,175,,,
1.90E-05,94,41,168,,,
1.88E-05,93,122,169,,,
2.09E-05,95,87,169,,,
1.75E-05,94,160,165,,,
1.85E-05,95,130,171,,,
2.12E-05,94,78,159,,,
1.76E-05,95,8,153,,,
1.94E-05,92,11,154,,,
2.73E-05,91,81,154,,,
3.38E-05,95,22,154,,,
3.32E-05,93,95,156,,,
2.17E-05,93,98,154,,,
3.18E-05,93,130,155,,,
2.16E-05,95,103,153,,,
1.95E-05,92,45,147,,,
1.77E-05,94,137,147,,,
1.79E-05,95,22,144,,,
1.99E-05,94,22,142,,,
2.42E-05,93,77,141,,,
2.77E-05,91,67,143,,,
1.90E-05,95,95,147,,,
2.10E-05,93,90,146,,,
1.92E-05,94,47,144,,,
1.93E-05,93,47,142,,,
1.93E-05,93,108,142,,,
1.98E-05,93,60,142,,,
2.22E-05,92,104,141,,,
2.25E-05,92,76,149,,,
2.50E-05,92,34,152,,,
2.09E-05,93,103,153,,,
2.56E-05,95,5,154,,,
1.85E-05,93,153,160,,,
2.98E-05,94,77,159,,,
2.77E-05,91,73,151,,,
1.90E-05,93,40,150,,,
2.30E-05,91,20,151,,,
1.95E-05,92,26,169,,,
2.43E-05,93,142,173,,,
1.77E-05,95,167,171,,,
2.19E-05,93,87,169,,,
1.90E-05,92,43,168,,,
2.01E-05,93,84,168,,,
1.97E-05,93,100,168,,,
2.06E-05,94,55,167,,,
1.92E-05,91,113,169,,,
2.09E-05,95,33,163,,,
2.12E-05,92,81,163,,,
2.04E-05,91,95,165,,,
2.01E-05,92,100,159,,,
1.95E-05,92,49,163,,,
2.02E-05,94,102,161,,,
1.94E-05,93,137,147,,,
1.91E-05,92,136,150,,,
1.83E-05,95,4,147,,,
3.04E-05,95,14,146,,,
1.87E-05,93,6,142,,,
1.85E-05,94,103,142,,,
2.55E-05,94,53,132,,,
2.43E-05,91,112,130,,,
2.04E-05,92,124,130,,,
5.65E-05,92,67,126,,,
3.01E-05,94,86,125,,,
1.94E-05,92,21,139,,,
2.06E-05,92,45,123,,,
1.81E-05,95,80,106,,,
2.02E-05,92,51,105,,,
1.76E-05,95,9,103,,,
1.77E-05,93,84,101,,,
1.76E-05,94,6,101,,,
1.87E-05,91,85,105,,,
1.88E-05,94,31,104,,,
1.80E-05,92,12,103,,,
1.93E-05,94,68,116,,,
1.91E-05,91,13,107,,,
1.87E-05,95,62,106,,,
2.10E-05,91,29,107,,,
1.91E-05,92,85,107,,,
1.96E-05,93,86,119,,,
2.07E-05,95,56,121,,,
3.40E-05,93,84,131,,,
1.77E-05,91,3,125,,,
2.16E-05,92,60,123,,,
1.91E-05,94,36,131,,,
1.97E-05,95,87,133,,,
2.05E-05,91,47,147,,,
1.94E-05,93,79,147,,,
1.88E-05,95,28,153,,,
1.83E-05,91,119,151,,,
1.76E-05,94,135,149,,,
1.96E-05,93,38,151,,,
1.87E-05,94,110,152,,,
1.95E-05,95,127,148,,,
1.79E-05,95,142,162,,,
1.81E-05,91,24,147,,,
1.80E-05,93,118,146,,,
1.82E-05,92,25,146,,,
2.05E-05,91,81,148,,,
2.91E-05,91,122,150,,,
4.19E-05,95,46,151,,,
1.93E-05,94,22,155,,,
1.85E-05,92,6,150,,,
1.97E-05,91,37,152,,,
1.94E-05,93,113,153,,,
2.16E-05,93,68,145,,,
1.91E-05,93,6,143,,,
2.02E-05,95,83,139,,,
2.18E-05,91,93,134,,,
2.19E-05,92,62,141,,,
1.96E-05,94,23,133,,,
3.72E-05,95,16,124,,,
1.84E-05,92,27,126,,,
1.99E-05,94,30,134,,,
2.18E-05,95,74,126,,,
1.78E-05,94,8,126,,,
1.73E-05,95,1,124,,,
1.96E-05,95,65,122,,,
2.10E-05,91,54,120,,,
2.02E-05,94,25,119,,,
1.82E-05,94,0,120,,,
2.09E-05,95,80,124,,,
3.06E-05,93,9,124,,,
2.89E-05,92,78,127,,,
2.38E-05,95,98,124,,,
2.31E-05,93,110,122,,,
1.83E-05,93,19,124,,,
1.99E-05,93,58,119,,,
1.79E-05,91,99,112,,,
1.84E-05,93,69,105,,,
1.77E-05,95,11,105,,,
2.71E-05,91,74,107,,,
1.90E-05,95,16,105,,,
1.82E-05,91,95,104,,,
1.80E-05,92,88,102,,,
1.80E-05,91,16,90,,,
2.86E-05,94,28,83,,,
1.85E-05,93,11,82,,,
1.76E-05,92,76,82,,,
2.38E-05,93,68,83,,,
2.22E-05,92,60,85,,,
1.91E-05,93,36,82,,,
1.99E-05,92,38,81,,,
1.92E-05,91,43,81,,,
1.78E-05,91,15,81,,,
0.0001167,91,50,80,,,
2.45E-05,91,44,80,,,
1.86E-05,94,31,85,,,
1.79E-05,93,66,85,,,
1.89E-05,91,34,83,,,
1.77E-05,94,71,90,,,
2.06E-05,95,64,85,,,
1.95E-05,93,83,85,,,
1.79E-05,93,10,84,,,
2.29E-05,92,72,82,,,
1.87E-05,95,34,83,,,
2.00E-05,93,20,81,,,
2.04E-05,91,43,85,,,
1.86E-05,91,78,86,,,
1.91E-05,93,18,90,,,
1.92E-05,91,47,86,,,
1.81E-05,94,61,89,,,
1.90E-05,93,62,92,,,
1.89E-05,93,51,95,,,
1.80E-05,93,2,85,,,
1.74E-05,92,4,84,,,
1.87E-05,95,16,83,,,
1.89E-05,94,17,82,,,
1.76E-05,95,3,80,,,
1.82E-05,91,52,76,,,
1.82E-05,92,46,76,,,
1.73E-05,95,81,86,,,
1.85E-05,94,22,93,,,
1.85E-05,92,54,87,,,
1.86E-05,91,32,87,,,
2.48E-05,95,35,87,,,
2.09E-05,92,54,103,,,
1.79E-05,94,80,103,,,
2.38E-05,94,61,103,,,
2.77E-05,94,55,113,,,
1.81E-05,95,94,114,,,
1.95E-05,91,51,119,,,
2.64E-05,93,62,115,,,
1.81E-05,94,93,124,,,
1.94E-05,92,53,123,,,
5.27E-05,94,91,118,,,
1.90E-05,91,61,110,,,
1.79E-05,94,16,105,,,
1.94E-05,95,46,108,,,
2.10E-05,93,7,106,,,
1.81E-05,92,4,105,,,
1.92E-05,94,77,96,,,
1.96E-05,91,57,96,,,
2.62E-05,94,24,88,,,
1.98E-05,92,50,93,,,
2.12E-05,92,39,96,,,
1.88E-05,92,57,95,,,
2.11E-05,95,36,90,,,
1.79E-05,93,19,90,,,
2.85E-05,92,28,93,,,
2.33E-05,94,35,93,,,
1.97E-05,91,78,98,,,
1.79E-05,93,15,97,,,
1.96E-05,92,47,101,,,
1.88E-05,94,32,109,,,
1.86E-05,92,107,113,,,
1.93E-05,91,63,113,,,
1.87E-05,94,38,114,,,
1.96E-05,91,40,115,,,
1.85E-05,91,85,123,,,
2.16E-05,93,53,121,,,
1.96E-05,95,78,117,,,
1.97E-05,92,54,111,,,
2.11E-05,94,39,107,,,
1.88E-05,91,25,108,,,
1.87E-05,93,99,116,,,
2.27E-05,94,112,124,,,
1.79E-05,95,20,121,,,
2.50E-05,91,56,113,,,
1.91E-05,94,87,116,,,
1.93E-05,95,75,123,,,
1.79E-05,95,118,124,,,
1.87E-05,94,35,124,,,
2.00E-05,92,22,125,,,
2.04E-05,95,70,131,,,
1.73E-05,91,124,128,,,
1.96E-05,91,52,128,,,
1.87E-05,94,13,125,,,
1.86E-05,91,70,120,,,
1.89E-05,92,75,118,,,
1.72E-05,95,3,117,,,
1.94E-05,92,11,116,,,
2.10E-05,95,69,119,,,
2.52E-05,92,94,121,,,
1.93E-05,91,52,130,,,
1.87E-05,94,33,126,,,
1.81E-05,91,22,124,,,
1.72E-05,92,1,123,,,
1.80E-05,93,14,134,,,
1.86E-05,92,34,136,,,
1.74E-05,91,127,133,,,
2.20E-05,92,81,131,,,
1.98E-05,92,21,132,,,
1.93E-05,93,36,134,,,
1.78E-05,94,121,133,,,
1.86E-05,93,27,118,,,
1.75E-05,92,1,118,,,
1.73E-05,94,2,117,,,
2.00E-05,92,55,112,,,
1.98E-05,92,95,111,,,
1.80E-05,92,77,105,,,
1.81E-05,93,19,104,,,
1.81E-05,93,80,94,,,
1.82E-05,91,56,84,,,
1.88E-05,93,42,83,,,
1.76E-05,93,77,80,,,
2.01E-05,95,17,69,,,
1.98E-05,93,5,72,,,
1.74E-05,91,71,74,,,
2.85E-05,92,15,75,,,
1.92E-05,94,20,74,,,
2.02E-05,93,29,67,,,
1.74E-05,95,6,63,,,
2.57E-05,95,46,58,,,
1.97E-05,93,50,65,,,
1.80E-05,91,15,68,,,
1.79E-05,95,15,64,,,
1.94E-05,94,32,61,,,
1.80E-05,93,11,61,,,
1.82E-05,91,33,59,,,
2.23E-05,94,41,61,,,
1.81E-05,93,20,55,,,
1.85E-05,92,25,62,,,
1.72E-05,94,4,59,,,
1.95E-05,93,28,63,,,
1.84E-05,93,26,63,,,
2.98E-05,91,18,65,,,
3.70E-05,93,20,72,,,
2.84E-05,91,0,75,,,
1.75E-05,91,7,74,,,
1.94E-05,93,25,79,,,
1.86E-05,95,11,77,,,
2.39E-05,93,29,75,,,
1.87E-05,95,57,71,,,
3.20E-05,92,63,77,,,
2.23E-05,92,63,76,,,
1.77E-05,94,55,71,,,
1.95E-05,93,21,82,,,
1.91E-05,94,50,84,,,
1.97E-05,92,37,88,,,
2.61E-05,93,35,96,,,
1.82E-05,92,24,92,,,
4.08E-05,95,32,103,,,
1.82E-05,93,73,98,,,
1.97E-05,93,50,97,,,
1.85E-05,95,78,98,,,
1.82E-05,93,119,122,,,
2.05E-05,94,80,122,,,
1.88E-05,94,33,134,,,
1.88E-05,92,102,131,,,
2.03E-05,95,77,134,,,
1.86E-05,94,41,136,,,
1.75E-05,94,3,141,,,
1.83E-05,91,109,139,,,
2.09E-05,94,104,138,,,
2.86E-05,91,101,141,,,
1.88E-05,92,119,137,,,
1.85E-05,91,26,151,,,
1.92E-05,94,31,151,,,
1.84E-05,93,19,162,,,
2.10E-05,95,85,158,,,
2.86E-05,91,101,159,,,
2.15E-05,93,63,155,,,
1.89E-05,93,139,146,,,
2.46E-05,95,123,146,,,
2.16E-05,93,63,164,,,
2.04E-05,95,126,158,,,
1.81E-05,95,138,159,,,
2.02E-05,93,102,148,,,
1.98E-05,91,77,145,,,
1.81E-05,92,126,145,,,
1.79E-05,91,19,151,,,
1.89E-05,93,119,156,,,
1.83E-05,93,22,159,,,
2.79E-05,94,70,163,,,
1.76E-05,93,5,158,,,
1.79E-05,94,130,147,,,
2.40E-05,94,100,154,,,
1.94E-05,95,48,155,,,
2.06E-05,91,60,159,,,
1.80E-05,93,142,158,,,
1.90E-05,93,44,162,,,
1.96E-05,91,90,161,,,
1.89E-05,95,107,156,,,
2.04E-05,95,101,157,,,
2.01E-05,95,93,160,,,
1.87E-05,91,116,159,,,
2.05E-05,91,72,152,,,
1.79E-05,92,140,158,,,
2.62E-05,91,120,158,,,
2.23E-05,91,87,166,,,
1.74E-05,92,166,172,,,
2.42E-05,92,66,172,,,
1.91E-05,91,20,173,,,
2.37E-05,92,35,179,,,
1.83E-05,91,151,175,,,
2.17E-05,95,84,175,,,
1.96E-05,92,55,172,,,
2.02E-05,92,85,169,,,
2.43E-05,93,48,169,,,
1.72E-05,93,4,161,,,
1.95E-05,95,101,165,,,
1.86E-05,95,122,167,,,
1.86E-05,92,33,170,,,
1.98E-05,94,36,175,,,
2.00E-05,95,36,167,,,
2.02E-05,92,44,167,,,
1.84E-05,95,6,165,,,
1.96E-05,94,139,169,,,
1.95E-05,91,120,174,,,
2.14E-05,94,50,172,,,
1.88E-05,92,25,173,,,
1.96E-05,94,44,170,,,
1.84E-05,93,140,164,,,
1.78E-05,95,149,166,,,
1.94E-05,95,105,169,,,
2.04E-05,91,156,172,,,
2.16E-05,95,92,165,,,
1.98E-05,91,40,161,,,
3.21E-05,91,93,151,,,
2.14E-05,93,80,158,,,
2.21E-05,95,147,163,,,
1.95E-05,93,11,168,,,
3.12E-05,91,62,168,,,
2.06E-05,92,112,172,,,
1.97E-05,93,100,172,,,
1.85E-05,93,134,174,,,
2.13E-05,92,62,175,,,
3.07E-05,95,145,175,,,
2.26E-05,95,47,181,,,
1.98E-05,95,12,182,,,
1.97E-05,91,130,177,,,
2.45E-05,94,95,181,,,
2.09E-05,93,94,181,,,
2.22E-05,91,85,188,,,
1.78E-05,94,9,193,,,
2.00E-05,92,106,194,,,
1.77E-05,93,0,195,,,
2.53E-05,94,104,204,,,
3.62E-05,91,102,204,,,
1.95E-05,92,149,200,,,
2.46E-05,91,42,187,,,
2.40E-05,92,164,184,,,
1.93E-05,94,118,176,,,
2.59E-05,94,76,177,,,
1.83E-05,95,156,176,,,
2.06E-05,95,79,180,,,
1.82E-05,93,161,185,,,
1.94E-05,95,50,184,,,
2.15E-05,94,73,183,,,
3.51E-05,94,17,178,,,
1.78E-05,95,15,183,,,
1.84E-05,91,18,185,,,
1.96E-05,91,51,187,,,
2.15E-05,95,61,179,,,
1.91E-05,95,128,179,,,
1.90E-05,92,33,177,,,
2.53E-05,91,95,173,,,
2.19E-05,92,63,168,,,
2.43E-05,95,97,161,,,
1.85E-05,94,123,162,,,
1.83E-05,95,126,162,,,
1.95E-05,93,30,165,,,
1.73E-05,91,0,165,,,
2.52E-05,94,138,153,,,
2.01E-05,93,134,154,,,
2.61E-05,93,115,136,,,
2.18E-05,94,121,132,,,
1.74E-05,92,4,142,,,
1.87E-05,91,102,143,,,
3.00E-05,93,13,140,,,
1.77E-05,92,7,122,,,
2.19E-05,95,45,124,,,
1.87E-05,92,27,125,,,
2.11E-05,95,93,122,,,
1.82E-05,91,105,113,,,
2.40E-05,95,45,115,,,
9.05E-05,95,3,116,,,
1.99E-05,93,111,123,,,
1.80E-05,95,104,117,,,
1.83E-05,92,18,118,,,
1.78E-05,95,7,101,,,
2.04E-05,93,33,98,,,
1.93E-05,95,76,96,,,
1.91E-05,95,72,100,,,
2.13E-05,94,56,95,,,
1.97E-05,93,25,99,,,
1.98E-05,93,52,99,,,
1.87E-05,95,54,99,,,
3.45E-05,93,55,103,,,
1.81E-05,94,22,102,,,
2.58E-05,95,89,123,,,
2.53E-05,94,54,114,,,
2.17E-05,92,17,111,,,
1.81E-05,95,7,106,,,
1.78E-05,94,15,98,,,
1.76E-05,91,2,93,,,
1.73E-05,94,1,100,,,
1.91E-05,91,37,105,,,
1.74E-05,95,98,103,,,
2.28E-05,93,35,105,,,
1.85E-05,92,70,104,,,
1.97E-05,95,41,113,,,
1.88E-05,92,96,106,,,
2.33E-05,95,43,105,,,
1.75E-05,95,108,111,,,
1.79E-05,91,105,124,,,
1.83E-05,93,87,127,,,
1.83E-05,91,26,125,,,
3.19E-05,94,119,126,,,
1.87E-05,92,81,123,,,
1.80E-05,94,105,125,,,
2.01E-05,94,48,129,,,
1.88E-05,94,75,124,,,
1.77E-05,93,5,121,,,
1.76E-05,94,0,107,,,
1.91E-05,91,9,97,,,
1.85E-05,91,29,98,,,
1.94E-05,91,33,101,,,
1.92E-05,93,45,100,,,
1.90E-05,93,22,99,,,
1.89E-05,92,46,93,,,
1.87E-05,92,48,93,,,
1.89E-05,95,42,95,,,
1.77E-05,94,96,98,,,
1.73E-05,94,4,98,,,
1.88E-05,95,36,102,,,
2.78E-05,93,100,103,,,
1.82E-05,94,81,113,,,
1.93E-05,95,103,128,,,
2.17E-05,93,58,104,,,
2.21E-05,91,97,106,,,
1.90E-05,94,22,109,,,
1.87E-05,92,86,115,,,
1.74E-05,91,136,139,,,
2.32E-05,91,137,141,,,
1.94E-05,93,102,127,,,
2.28E-05,91,115,128,,,
1.90E-05,93,95,114,,,
1.99E-05,94,17,116,,,
2.03E-05,94,47,113,,,
2.20E-05,94,27,114,,,
2.06E-05,95,31,125,,,
1.90E-05,95,37,114,,,
2.01E-05,95,47,124,,,
1.88E-05,91,95,128,,,
1.92E-05,95,104,124,,,
2.47E-05,93,51,119,,,
2.07E-05,91,73,121,,,
1.88E-05,91,33,125,,,
1.76E-05,95,108,120,,,
2.20E-05,91,64,119,,,
1.97E-05,95,90,119,,,
1.78E-05,92,116,122,,,
2.01E-05,93,103,117,,,
2.43E-05,95,76,115,,,
1.97E-05,91,67,124,,,
2.01E-05,94,25,124,,,
2.04E-05,94,113,130,,,
1.79E-05,95,118,133,,,
2.12E-05,94,80,131,,,
2.07E-05,91,25,131,,,
2.25E-05,94,70,129,,,
2.74E-05,95,35,137,,,
1.85E-05,93,1,116,,,
1.92E-05,94,43,112,,,
1.82E-05,92,21,119,,,
1.89E-05,93,91,113,,,
3.00E-05,91,48,112,,,
1.89E-05,93,41,112,,,
2.42E-05,93,56,99,,,
1.91E-05,94,71,89,,,
1.94E-05,94,61,88,,,
1.84E-05,94,49,83,,,
1.84E-05,92,47,81,,,
1.73E-05,94,6,76,,,
1.80E-05,94,14,76,,,
1.81E-05,94,27,84,,,
1.88E-05,93,13,85,,,
1.89E-05,93,47,90,,,
1.74E-05,92,4,90,,,
1.87E-05,92,58,91,,,
1.76E-05,91,89,100,,,
3.22E-05,95,56,98,,,
2.03E-05,93,48,99,,,
1.83E-05,94,25,95,,,
1.86E-05,93,7,95,,,
2.16E-05,94,83,98,,,
1.77E-05,91,80,97,,,
1.92E-05,95,29,105,,,
1.88E-05,91,74,102,,,
1.78E-05,94,6,98,,,
1.77E-05,93,81,97,,,
2.63E-05,92,53,96,,,
1.97E-05,95,34,94,,,
1.99E-05,95,30,89,,,
1.84E-05,94,3,84,,,
1.90E-05,94,12,83,,,
1.81E-05,95,19,80,,,
1.76E-05,92,71,82,,,
1.77E-05,94,18,82,,,
1.95E-05,93,60,77,,,
1.83E-05,94,50,75,,,
1.79E-05,93,8,91,,,
1.78E-05,94,78,96,,,
1.84E-05,92,63,84,,,
1.85E-05,92,21,86,,,
1.84E-05,92,20,89,,,
1.95E-05,92,22,87,,,
1.91E-05,95,77,87,,,
1.80E-05,91,13,88,,,
1.84E-05,94,26,88,,,
2.20E-05,92,77,90,,,
1.76E-05,94,83,93,,,
2.34E-05,95,22,95,,,
1.75E-05,94,74,76,,,
1.94E-05,94,40,74,,,
1.74E-05,92,5,76,,,
1.94E-05,93,27,77,,,
1.85E-05,91,51,80,,,
1.93E-05,91,32,83,,,
2.36E-05,92,42,83,,,
2.05E-05,95,76,86,,,
1.83E-05,94,68,94,,,
1.79E-05,94,18,92,,,
1.92E-05,92,49,92,,,
2.78E-05,93,42,87,,,
2.30E-05,92,10,88,,,
1.87E-05,95,33,91,,,
1.75E-05,94,78,89,,,
1.79E-05,92,3,93,,,
2.32E-05,92,40,94,,,
1.95E-05,93,38,91,,,
5.70E-05,94,20,87,,,
2.39E-05,95,35,83,,,
1.81E-05,94,68,84,,,
1.76E-05,94,68,84,,,
4.78E-05,94,40,82,,,
1.78E-05,91,9,85,,,
2.00E-05,94,22,83,,,
1.85E-05,94,82,93,,,
1.97E-05,94,5,92,,,
2.01E-05,94,51,92,,,
1.82E-05,94,68,91,,,
1.91E-05,93,67,87,,,
1.88E-05,94,31,86,,,
1.80E-05,95,17,85,,,
2.17E-05,93,38,81,,,
2.10E-05,91,48,85,,,
1.71E-05,94,0,81,,,
1.80E-05,95,18,80,,,
2.52E-05,94,33,81,,,
1.76E-05,94,7,79,,,
1.87E-05,94,34,82,,,
3.44E-05,94,24,81,,,
1.92E-05,94,16,86,,,
1.81E-05,92,17,87,,,
1.91E-05,92,20,89,,,
1.92E-05,92,66,96,,,
1.86E-05,95,3,97,,,
1.82E-05,93,66,93,,,
1.89E-05,93,32,95,,,
2.26E-05,91,7,95,,,
1.76E-05,92,7,94,,,
1.78E-05,95,72,96,,,
3.63E-05,94,24,106,,,
2.13E-05,91,50,105,,,
1.93E-05,93,45,104,,,
2.01E-05,95,56,104,,,
2.71E-05,95,102,104,,,
1.96E-05,94,70,108,,,
2.00E-05,95,57,105,,,
1.75E-05,94,7,97,,,
1.77E-05,91,14,98,,,
2.29E-05,92,49,97,,,
1.82E-05,91,104,107,,,
2.04E-05,94,49,110,,,
1.89E-05,92,44,115,,,
1.88E-05,94,106,120,,,
1.89E-05,93,6,121,,,
3.35E-05,95,49,117,,,
1.83E-05,94,22,117,,,
1.77E-05,91,9,123,,,
1.87E-05,94,88,134,,,
1.86E-05,92,6,129,,,
1.87E-05,95,95,137,,,
1.94E-05,92,94,139,,,
2.06E-05,92,71,141,,,
1.86E-05,94,39,128,,,
1.92E-05,93,84,130,,,
1.93E-05,94,69,128,,,
1.89E-05,91,40,124,,,
1.87E-05,95,14,125,,,
2.35E-05,93,92,132,,,
1.79E-05,93,119,133,,,
1.85E-05,93,21,133,,,
1.75E-05,94,5,135,,,
1.81E-05,95,115,133,,,
1.83E-05,91,109,134,,,
1.90E-05,91,104,141,,,
2.04E-05,93,114,140,,,
2.67E-05,93,102,145,,,
1.91E-05,94,40,147,,,
1.89E-05,94,116,151,,,
1.80E-05,92,145,156,,,
2.11E-05,93,129,166,,,
1.79E-05,94,160,164,,,
2.11E-05,92,49,161,,,
1.97E-05,95,91,157,,,
1.91E-05,91,100,144,,,
1.79E-05,92,124,144,,,
2.09E-05,92,81,146,,,
1.82E-05,92,24,144,,,
1.87E-05,92,114,138,,,
1.99E-05,93,92,130,,,
2.11E-05,91,60,139,,,
2.80E-05,94,92,142,,,
2.43E-05,91,113,146,,,
2.21E-05,94,100,145,,,
2.02E-05,92,90,140,,,
1.88E-05,91,125,141,,,
2.02E-05,94,77,141,,,
2.00E-05,95,78,148,,,
0.0001363,94,141,143,,,
2.02E-05,95,48,144,,,
1.79E-05,91,17,139,,,
1.78E-05,92,11,143,,,
1.89E-05,93,34,147,,,
1.97E-05,92,86,147,,,
1.85E-05,93,121,159,,,
2.40E-05,94,150,154,,,
2.04E-05,95,85,148,,,
2.09E-05,95,84,146,,,
1.99E-05,92,62,147,,,
1.87E-05,92,117,151,,,
1.82E-05,94,115,144,,,
2.03E-05,92,66,144,,,
2.05E-05,92,113,142,,,
2.11E-05,93,51,141,,,
1.76E-05,95,10,125,,,
2.03E-05,93,56,121,,,
1.75E-05,91,1,120,,,
1.82E-05,91,91,121,,,
1.78E-05,91,131,134,,,
1.84E-05,94,25,134,,,
2.23E-05,93,6,142,,,
3.04E-05,95,66,145,,,
2.10E-05,93,52,138,,,
2.19E-05,92,23,146,,,
2.16E-05,94,65,143,,,
2.00E-05,94,72,134,,,
1.96E-05,91,68,132,,,
1.95E-05,95,0,136,,,
1.76E-05,93,6,143,,,
1.78E-05,92,141,146,,,
2.14E-05,95,83,147,,,
2.64E-05,91,108,142,,,
1.93E-05,92,45,133,,,
2.26E-05,93,78,129,,,
1.81E-05,91,108,133,,,
1.98E-05,92,92,129,,,
1.78E-05,91,120,131,,,
1.95E-05,95,46,127,,,
1.81E-05,91,115,136,,,
1.85E-05,94,31,135,,,
1.89E-05,94,35,136,,,
1.85E-05,92,34,137,,,
2.47E-05,94,75,138,,,
1.87E-05,93,97,138,,,
1.75E-05,95,128,138,,,
1.89E-05,91,89,139,,,
1.79E-05,92,16,141,,,
3.23E-05,94,42,143,,,
0.0001374,91,26,143,,,
1.95E-05,94,95,144,,,
2.10E-05,95,60,135,,,
1.94E-05,94,50,136,,,
1.80E-05,92,124,138,,,
2.66E-05,91,111,138,,,
2.54E-05,93,18,134,,,
1.88E-05,93,89,133,,,
1.87E-05,91,26,124,,,
1.79E-05,93,10,120,,,
1.90E-05,91,37,114,,,
1.86E-05,93,88,117,,,
1.80E-05,91,16,126,,,
2.50E-05,91,108,122,,,
1.78E-05,93,8,122,,,
2.03E-05,94,35,119,,,
1.72E-05,95,116,118,,,
1.90E-05,94,73,110,,,
1.79E-05,95,3,111,,,
1.96E-05,91,42,114,,,
1.77E-05,95,11,113,,,
1.84E-05,91,99,112,,,
1.98E-05,93,83,106,,,
1.88E-05,95,67,108,,,
1.89E-05,95,59,109,,,
1.96E-05,94,73,108,,,
1.83E-05,92,104,108,,,
1.85E-05,94,9,105,,,
1.91E-05,93,49,101,,,
1.91E-05,93,22,100,,,
1.73E-05,94,3,101,,,
1.95E-05,92,38,104,,,
1.86E-05,94,81,109,,,
1.76E-05,93,5,109,,,
1.74E-05,91,105,107,,,
1.80E-05,95,14,108,,,
1.87E-05,94,71,112,,,
1.78E-05,93,104,114,,,
1.86E-05,92,34,113,,,
1.87E-05,95,68,111,,,
2.06E-05,95,61,115,,,
1.88E-05,95,39,123,,,
1.79E-05,93,11,123,,,
1.90E-05,93,97,139,,,
1.87E-05,93,31,140,,,
1.84E-05,93,31,136,,,
1.87E-05,95,105,127,,,
2.01E-05,91,92,138,,,
2.78E-05,94,66,149,,,
1.97E-05,95,51,142,,,
1.96E-05,93,53,140,,,
2.13E-05,94,109,144,,,
1.79E-05,95,17,121,,,
1.86E-05,94,80,104,,,
1.84E-05,91,102,106,,,
2.17E-05,95,54,105,,,
1.96E-05,91,50,97,,,
1.90E-05,95,42,97,,,
1.88E-05,95,56,97,,,
2.01E-05,91,89,99,,,
1.82E-05,91,68,93,,,
2.22E-05,92,57,98,,,
1.93E-05,93,28,102,,,
1.83E-05,93,93,98,,,
2.04E-05,91,40,106,,,
1.77E-05,91,91,107,,,
1.75E-05,94,7,106,,,
1.87E-05,91,28,108,,,
1.76E-05,91,6,111,,,
1.90E-05,91,29,113,,,
1.76E-05,93,14,111,,,
1.82E-05,91,17,121,,,
1.79E-05,93,15,114,,,
2.27E-05,91,58,113,,,
1.85E-05,91,4,122,,,
3.01E-05,92,118,120,,,
1.77E-05,91,96,107,,,
1.83E-05,95,22,83,,,
1.79E-05,91,79,87,,,
1.77E-05,94,60,78,,,
1.83E-05,94,19,71,,,
1.78E-05,94,14,68,,,
1.97E-05,94,29,69,,,
1.83E-05,94,40,67,,,
1.89E-05,95,2,78,,,
1.89E-05,94,82,91,,,
1.74E-05,91,84,87,,,
1.96E-05,92,36,88,,,
1.86E-05,92,28,77,,,
1.78E-05,91,60,66,,,
1.77E-05,95,46,64,,,
1.74E-05,93,79,86,,,
1.74E-05,94,71,81,,,
1.83E-05,93,49,73,,,
1.77E-05,94,11,72,,,
1.77E-05,91,10,55,,,
2.59E-05,94,7,56,,,
1.92E-05,93,30,55,,,
1.81E-05,94,21,56,,,
1.72E-05,92,55,59,,,
1.75E-05,95,3,73,,,
2.34E-05,92,32,63,,,
1.73E-05,91,58,60,,,
1.78E-05,92,10,63,,,
2.43E-05,93,20,64,,,
1.87E-05,93,28,70,,,
1.90E-05,93,55,72,,,
2.24E-05,93,47,67,,,
1.76E-05,92,61,66,,,
1.76E-05,95,9,68,,,
1.89E-05,92,46,67,,,
1.92E-05,95,35,78,,,
1.84E-05,94,23,77,,,
1.73E-05,94,74,77,,,
1.74E-05,94,1,77,,,
1.86E-05,93,8,81,,,
1.85E-05,92,40,80,,,
1.92E-05,94,44,79,,,
1.81E-05,95,4,83,,,
1.95E-05,93,17,86,,,
1.89E-05,92,23,86,,,
3.98E-05,91,72,79,,,
1.93E-05,92,23,88,,,
1.88E-05,94,47,90,,,
1.76E-05,95,90,92,,,
1.92E-05,92,13,104,,,
1.76E-05,95,96,102,,,
2.46E-05,92,71,102,,,
1.79E-05,93,98,103,,,
1.95E-05,93,46,102,,,
1.79E-05,95,9,100,,,
1.92E-05,91,103,111,,,
1.77E-05,92,7,110,,,
2.14E-05,91,51,117,,,
1.99E-05,92,62,116,,,
1.74E-05,94,0,129,,,
1.86E-05,93,30,135,,,
1.93E-05,95,22,134,,,
3.05E-05,95,44,135,,,
1.91E-05,92,95,122,,,
1.96E-05,95,49,116,,,
1.82E-05,91,89,116,,,
2.18E-05,93,4,119,,,
2.18E-05,95,113,121,,,
2.07E-05,95,92,137,,,
2.21E-05,93,128,142,,,
2.38E-05,94,25,151,,,
2.81E-05,95,82,164,,,
2.82E-05,93,66,164,,,
2.61E-05,94,61,164,,,
2.03E-05,94,149,164,,,
4.93E-05,92,116,164,,,
2.13E-05,93,36,164,,,
2.90E-05,91,4,164,,,
2.18E-05,93,155,164,,,
2.22E-05,94,152,164,,,
1.90E-05,93,27,164,,,
2.17E-05,93,84,164,,,
2.19E-05,94,102,164,,,
2.95E-05,93,119,164,,,
2.03E-05,93,147,164,,,
1.96E-05,92,156,164,,,
2.63E-05,93,35,164,,,
2.19E-05,93,94,164,,,
2.01E-05,95,84,164,,,
2.84E-05,94,115,164,,,
3.27E-05,91,28,164,,,
2.69E-05,94,107,164,,,
2.30E-05,91,32,164,,,
1.94E-05,94,40,164,,,
2.57E-05,92,98,164,,,
3.48E-05,95,46,164,,,
2.67E-05,95,37,164,,,
2.87E-05,93,92,164,,,
2.35E-05,93,140,164,,,
2.80E-05,93,87,164,,,
1.92E-05,91,36,164,,,
1.82E-05,95,13,164,,,
1.97E-05,94,46,164,,,
1.86E-05,91,19,164,,,
2.75E-05,93,68,164,,,
2.31E-05,91,93,164,,,
2.68E-05,93,40,164,,,
2.83E-05,93,111,164,,,
1.95E-05,94,41,164,,,
2.58E-05,94,66,164,,,
2.01E-05,93,146,164,,,
2.55E-05,91,51,164,,,
2.29E-05,91,82,164,,,
2.18E-05,93,78,164,,,
2.67E-05,92,73,164,,,
7.93E-05,93,107,164,,,
1.84E-05,94,22,164,,,
2.19E-05,95,147,164,,,
2.55E-05,93,1,164,,,
2.12E-05,93,126,164,,,
2.90E-05,92,162,164,,,
4.19E-05,92,110,164,,,
2.65E-05,95,2,164,,,
2.56E-05,95,144,164,,,
2.59E-05,94,32,164,,,
1.90E-05,91,161,164,,,
3.26E-05,92,81,164,,,
2.22E-05,92,147,164,,,
1.78E-05,95,2,164,,,
2.34E-05,93,142,164,,,
2.65E-05,93,24,164,,,
2.15E-05,95,51,164,,,
1.90E-05,91,40,164,,,
