cas operacie,cislo na indexe,index prvku,dlzka zoznamu,,,
2.76E-05,17,0,4,,,5.37E-02
1.73E-05,18,0,4,,,2492
1.75E-05,45,0,6,,,
1.74E-05,33,4,6,,,
1.71E-05,41,5,7,,,
1.72E-05,6,2,4,,,
1.82E-05,6,2,5,,,
1.75E-05,5,14,20,,,
1.73E-05,91,12,17,,,
1.80E-05,7,3,9,,,
1.80E-05,25,6,8,,,
1.82E-05,14,2,6,,,
1.79E-05,33,2,4,,,
1.79E-05,33,0,4,,,
2.49E-05,15,2,11,,,
1.80E-05,32,5,8,,,
1.78E-05,32,4,7,,,
1.84E-05,41,8,10,,,
2.60E-05,27,9,22,,,
2.50E-05,15,16,21,,,
1.84E-05,37,3,27,,,
1.80E-05,12,16,26,,,
2.30E-05,17,9,26,,,
2.29E-05,92,11,22,,,
1.78E-05,28,10,17,,,
1.79E-05,9,1,14,,,
1.82E-05,20,8,17,,,
1.82E-05,12,1,19,,,
3.14E-05,26,14,18,,,
1.78E-05,12,1,16,,,
1.81E-05,12,1,16,,,
1.79E-05,6,8,15,,,
1.82E-05,33,1,11,,,
1.81E-05,41,7,11,,,
2.63E-05,18,2,4,,,
1.79E-05,1,0,2,,,
1.93E-05,39,10,15,,,
1.76E-05,3,0,12,,,
2.50E-05,6,6,8,,,
2.32E-05,26,4,9,,,
1.81E-05,16,5,9,,,
2.90E-05,34,2,12,,,
1.80E-05,29,6,10,,,
1.81E-05,18,10,12,,,
1.78E-05,8,7,12,,,
1.84E-05,30,0,17,,,
1.79E-05,4,1,10,,,
1.81E-05,92,6,17,,,
1.79E-05,6,2,17,,,
2.04E-05,6,4,15,,,
1.78E-05,17,3,20,,,
1.77E-05,29,0,19,,,
1.88E-05,6,20,23,,,
3.16E-05,23,8,23,,,
1.81E-05,3,5,31,,,
1.82E-05,12,30,37,,,
1.81E-05,13,18,36,,,
1.76E-05,2,16,32,,,
1.75E-05,24,4,33,,,
1.84E-05,14,10,32,,,
1.69E-05,41,1,18,,,
1.73E-05,24,8,20,,,
1.73E-05,2,24,34,,,
2.03E-05,23,10,34,,,
1.76E-05,22,20,36,,,
1.71E-05,26,0,37,,,
1.75E-05,10,18,48,,,
1.90E-05,22,21,44,,,
2.16E-05,14,34,38,,,
1.90E-05,1,10,39,,,
1.78E-05,22,13,36,,,
1.76E-05,22,14,38,,,
1.76E-05,22,15,41,,,
1.77E-05,22,17,47,,,
2.02E-05,38,14,42,,,
1.72E-05,17,9,45,,,
1.77E-05,93,14,39,,,
1.71E-05,41,43,45,,,
1.87E-05,4,11,50,,,
2.53E-05,33,2,51,,,
2.28E-05,41,41,46,,,
2.97E-05,12,42,47,,,
2.25E-05,7,5,48,,,
1.84E-05,9,4,55,,,
3.41E-05,2,29,54,,,
1.79E-05,44,45,51,,,
1.91E-05,29,30,52,,,
2.13E-05,95,32,45,,,
2.57E-05,22,15,50,,,
2.13E-05,22,7,35,,,
4.25E-05,37,0,34,,,
2.33E-05,17,31,34,,,
2.24E-05,41,28,33,,,
1.83E-05,44,35,38,,,
1.94E-05,15,13,40,,,
2.53E-05,43,10,42,,,
4.15E-05,15,5,53,,,
1.77E-05,42,52,55,,,
2.85E-05,6,40,54,,,
2.64E-05,93,51,55,,,
2.89E-05,21,7,57,,,
8.93E-05,93,40,57,,,
2.67E-05,93,0,38,,,
9.10E-05,21,0,35,,,
2.78E-05,25,27,33,,,
0.0001541,45,16,32,,,
2.83E-05,27,0,33,,,
2.43E-05,21,17,41,,,
3.01E-05,93,17,37,,,
1.94E-05,27,17,35,,,
2.42E-05,7,36,42,,,
2.84E-05,25,2,53,,,
1.81E-05,23,21,51,,,
2.01E-05,23,28,54,,,
2.02E-05,4,34,54,,,
2.12E-05,7,27,54,,,
1.76E-05,22,6,53,,,
1.79E-05,43,41,47,,,
2.68E-05,35,41,46,,,
1.73E-05,10,4,48,,,
1.73E-05,5,5,40,,,
1.73E-05,10,4,47,,,
1.83E-05,7,14,35,,,
1.94E-05,21,18,46,,,
1.74E-05,8,36,47,,,
3.09E-05,94,5,32,,,
1.98E-05,12,13,27,,,
1.77E-05,10,21,32,,,
1.90E-05,3,1,35,,,
1.78E-05,92,23,41,,,
1.83E-05,3,1,42,,,
1.79E-05,7,37,47,,,
1.75E-05,24,10,42,,,
1.78E-05,27,47,50,,,
1.94E-05,19,22,48,,,
1.76E-05,38,18,53,,,
2.20E-05,19,36,57,,,
1.75E-05,37,40,54,,,
1.73E-05,21,4,47,,,
1.88E-05,37,32,43,,,
1.80E-05,20,34,37,,,
1.81E-05,2,31,36,,,
1.78E-05,1,26,35,,,
1.80E-05,33,22,50,,,
1.83E-05,91,29,56,,,
1.85E-05,35,33,48,,,
1.84E-05,27,10,52,,,
1.87E-05,6,26,54,,,
1.91E-05,41,32,53,,,
1.77E-05,35,38,55,,,
1.82E-05,24,43,46,,,
1.90E-05,7,41,47,,,
2.01E-05,43,29,48,,,
1.72E-05,30,6,45,,,
1.74E-05,44,50,52,,,
1.70E-05,20,0,38,,,
1.81E-05,95,23,30,,,
1.75E-05,42,8,28,,,
1.68E-05,4,21,23,,,
1.68E-05,36,1,23,,,
1.81E-05,11,18,26,,,
1.82E-05,6,12,28,,,
1.70E-05,7,0,34,,,
1.74E-05,7,33,35,,,
1.72E-05,13,2,42,,,
1.95E-05,15,3,48,,,
1.77E-05,44,28,42,,,
1.84E-05,95,16,52,,,
1.85E-05,39,32,52,,,
1.78E-05,15,6,8,,,
2.36E-05,30,2,8,,,
1.73E-05,95,5,7,,,
2.09E-05,9,3,7,,,
2.64E-05,12,3,5,,,
1.74E-05,23,6,18,,,
1.73E-05,30,7,17,,,
1.74E-05,37,7,29,,,
1.86E-05,21,34,37,,,
1.76E-05,28,26,40,,,
1.79E-05,4,19,37,,,
1.73E-05,5,20,36,,,
1.85E-05,19,22,35,,,
1.82E-05,11,13,27,,,
2.64E-05,20,11,26,,,
1.82E-05,28,9,24,,,
1.96E-05,2,18,24,,,
2.46E-05,41,17,27,,,
1.85E-05,30,9,23,,,
2.39E-05,20,10,21,,,
1.80E-05,19,13,30,,,
1.84E-05,27,23,38,,,
1.73E-05,19,5,41,,,
1.86E-05,24,22,37,,,
2.08E-05,41,11,39,,,
1.77E-05,4,1,39,,,
1.71E-05,8,33,37,,,
1.71E-05,93,7,42,,,
2.01E-05,44,24,48,,,
1.85E-05,39,50,56,,,
1.82E-05,95,24,62,,,
2.48E-05,15,2,63,,,
2.27E-05,4,15,62,,,
1.80E-05,24,24,59,,,
1.88E-05,92,29,61,,,
1.76E-05,34,40,58,,,
1.73E-05,16,50,58,,,
1.77E-05,30,33,57,,,
1.80E-05,13,30,53,,,
1.79E-05,19,22,52,,,
1.71E-05,11,3,57,,,
1.90E-05,26,27,54,,,
1.77E-05,1,12,68,,,
1.74E-05,40,61,67,,,
3.79E-05,1,39,63,,,
1.69E-05,45,0,72,,,
1.74E-05,24,53,71,,,
1.78E-05,1,17,72,,,
1.74E-05,24,5,73,,,
1.69E-05,16,0,72,,,
1.75E-05,93,54,74,,,
1.72E-05,2,64,72,,,
2.83E-05,21,23,63,,,
1.82E-05,17,6,46,,,
1.76E-05,93,37,55,,,
1.69E-05,8,2,48,,,
2.37E-05,33,20,48,,,
1.84E-05,25,42,53,,,
1.97E-05,35,16,53,,,
1.96E-05,91,26,58,,,
5.74E-05,6,40,54,,,
1.83E-05,41,42,62,,,
1.84E-05,15,32,58,,,
1.87E-05,40,26,47,,,
1.76E-05,24,46,51,,,
1.72E-05,26,6,50,,,
1.75E-05,91,14,49,,,
1.72E-05,2,4,52,,,
1.86E-05,7,31,59,,,
1.75E-05,3,12,59,,,
1.87E-05,91,21,55,,,
4.42E-05,41,53,59,,,
1.95E-05,17,23,59,,,
1.74E-05,25,48,56,,,
1.92E-05,7,27,57,,,
1.79E-05,23,19,56,,,
2.00E-05,10,38,67,,,
2.56E-05,25,62,71,,,
1.84E-05,28,34,79,,,
1.82E-05,10,52,86,,,
1.74E-05,92,77,84,,,
1.75E-05,26,11,63,,,
1.95E-05,26,18,75,,,
1.79E-05,94,59,74,,,
1.81E-05,17,28,83,,,
1.98E-05,31,55,85,,,
1.80E-05,21,28,93,,,
2.26E-05,10,90,92,,,
2.27E-05,43,71,85,,,
1.97E-05,8,54,99,,,
1.77E-05,41,68,95,,,
1.77E-05,31,90,108,,,
1.84E-05,33,87,111,,,
1.71E-05,13,118,122,,,
1.84E-05,40,92,122,,,
1.91E-05,27,43,116,,,
1.80E-05,43,100,112,,,
1.74E-05,16,1,107,,,
1.81E-05,34,24,108,,,
2.80E-05,95,45,100,,,
2.38E-05,41,57,100,,,
1.76E-05,39,13,94,,,
1.76E-05,37,69,90,,,
1.81E-05,6,62,82,,,
1.89E-05,35,7,81,,,
1.74E-05,28,68,73,,,
1.83E-05,27,24,73,,,
1.73E-05,37,13,72,,,
2.49E-05,14,28,68,,,
1.73E-05,44,64,69,,,
1.86E-05,92,33,71,,,
1.81E-05,45,24,68,,,
1.90E-05,15,54,70,,,
1.85E-05,45,34,64,,,
1.76E-05,12,17,55,,,
1.74E-05,22,37,53,,,
2.42E-05,35,0,42,,,
2.32E-05,35,31,39,,,
2.95E-05,15,26,39,,,
1.84E-05,45,10,49,,,
1.86E-05,11,28,50,,,
2.80E-05,27,21,52,,,
1.83E-05,31,12,47,,,
1.79E-05,35,20,35,,,
1.74E-05,19,26,34,,,
1.74E-05,18,4,35,,,
1.76E-05,1,27,41,,,
1.71E-05,12,35,40,,,
2.43E-05,91,12,36,,,
1.79E-05,21,26,36,,,
1.75E-05,11,13,34,,,
1.76E-05,8,3,28,,,
1.75E-05,17,19,33,,,
1.72E-05,23,23,31,,,
1.72E-05,45,14,29,,,
1.86E-05,45,14,28,,,
3.20E-05,93,13,24,,,
1.74E-05,92,12,22,,,
1.87E-05,17,15,22,,,
1.72E-05,93,9,16,,,
1.73E-05,12,9,16,,,
1.69E-05,94,0,14,,,
1.79E-05,11,1,3,,,
3.02E-05,5,2,6,,,
2.25E-05,26,0,6,,,
1.82E-05,45,16,23,,,
3.35E-05,23,13,19,,,
2.00E-05,92,16,21,,,
1.71E-05,92,3,25,,,
1.73E-05,4,3,21,,,
1.77E-05,20,19,27,,,
1.75E-05,1,6,21,,,
2.74E-05,1,5,25,,,
1.82E-05,25,14,25,,,
1.69E-05,40,1,22,,,
1.74E-05,93,10,18,,,
2.23E-05,6,15,21,,,
1.71E-05,42,16,23,,,
1.72E-05,40,8,23,,,
1.73E-05,6,8,15,,,
1.69E-05,91,6,8,,,
1.95E-05,91,5,8,,,
1.72E-05,43,0,3,,,
1.72E-05,43,1,6,,,
1.69E-05,43,2,7,,,
1.68E-05,17,0,5,,,
1.73E-05,1,4,9,,,
1.70E-05,95,4,7,,,
1.77E-05,15,12,14,,,
1.69E-05,4,0,15,,,
2.02E-05,93,2,12,,,
9.22E-05,1,3,13,,,
2.56E-05,18,0,14,,,
1.79E-05,5,4,13,,,
2.20E-05,15,12,15,,,
2.57E-05,37,7,20,,,
1.72E-05,12,15,17,,,
1.80E-05,13,25,27,,,
2.17E-05,12,15,27,,,
2.51E-05,24,0,26,,,
1.86E-05,21,8,27,,,
1.88E-05,35,22,33,,,
1.74E-05,95,12,34,,,
2.43E-05,35,26,41,,,
1.91E-05,3,15,52,,,
1.79E-05,23,34,56,,,
1.87E-05,25,16,48,,,
2.32E-05,15,20,41,,,
1.73E-05,91,18,33,,,
1.73E-05,43,27,34,,,
1.82E-05,5,2,35,,,
1.95E-05,23,21,37,,,
1.80E-05,31,28,34,,,
3.00E-05,5,29,33,,,
1.88E-05,91,15,35,,,
1.84E-05,9,22,35,,,
2.85E-05,9,27,39,,,
2.89E-05,40,9,40,,,
2.47E-05,5,41,43,,,
3.00E-05,24,42,48,,,
1.82E-05,42,11,48,,,
1.78E-05,5,44,48,,,
1.81E-05,40,14,47,,,
1.75E-05,25,7,45,,,
1.76E-05,31,12,46,,,
1.72E-05,5,32,37,,,
2.18E-05,95,6,39,,,
2.51E-05,30,5,41,,,
1.83E-05,42,2,44,,,
1.84E-05,13,25,43,,,
1.86E-05,31,42,49,,,
2.42E-05,6,42,47,,,
1.70E-05,8,51,55,,,
1.78E-05,17,29,57,,,
1.75E-05,32,7,57,,,
1.87E-05,19,24,56,,,
2.27E-05,33,24,67,,,
1.70E-05,21,49,54,,,
1.87E-05,42,39,59,,,
1.77E-05,18,17,57,,,
2.35E-05,24,20,54,,,
1.76E-05,15,12,56,,,
3.18E-05,40,7,55,,,
1.93E-05,20,30,55,,,
1.74E-05,36,26,28,,,
1.73E-05,8,22,31,,,
1.73E-05,9,2,9,,,
1.74E-05,28,7,14,,,
1.69E-05,26,14,16,,,
1.76E-05,22,16,18,,,
1.84E-05,2,15,17,,,
1.70E-05,36,0,13,,,
1.74E-05,26,6,10,,,
1.72E-05,94,1,17,,,
1.71E-05,95,21,24,,,
2.06E-05,40,0,20,,,
1.93E-05,45,9,11,,,
2.29E-05,32,7,10,,,
1.79E-05,2,1,5,,,
1.71E-05,8,8,11,,,
1.70E-05,11,1,12,,,
1.75E-05,39,11,21,,,
1.74E-05,22,6,17,,,
1.69E-05,32,12,17,,,
1.71E-05,39,1,7,,,
1.71E-05,40,1,4,,,
1.69E-05,38,7,9,,,
1.81E-05,94,4,13,,,
1.73E-05,26,6,11,,,
1.96E-05,32,4,12,,,
1.80E-05,38,12,16,,,
1.70E-05,6,4,22,,,
1.79E-05,13,20,37,,,
1.73E-05,26,37,39,,,
1.73E-05,43,4,44,,,
1.75E-05,14,14,48,,,
1.81E-05,44,22,47,,,
1.85E-05,15,32,48,,,
1.85E-05,39,26,43,,,
2.43E-05,2,28,46,,,
1.82E-05,26,14,44,,,
1.76E-05,7,40,45,,,
1.86E-05,45,26,46,,,
3.27E-05,13,38,49,,,
2.82E-05,7,43,49,,,
1.94E-05,28,34,45,,,
1.80E-05,45,20,45,,,
1.79E-05,6,10,47,,,
1.82E-05,26,3,42,,,
2.59E-05,1,10,42,,,
1.76E-05,24,15,40,,,
1.75E-05,15,12,33,,,
1.88E-05,4,30,53,,,
1.96E-05,30,8,49,,,
1.69E-05,35,48,50,,,
1.72E-05,95,36,44,,,
2.57E-05,9,13,44,,,
2.72E-05,91,11,51,,,
1.86E-05,12,37,53,,,
1.72E-05,3,54,56,,,
1.85E-05,17,28,57,,,
1.73E-05,16,3,43,,,
1.80E-05,17,18,42,,,
1.81E-05,34,9,44,,,
1.75E-05,38,24,42,,,
1.77E-05,38,23,41,,,
1.83E-05,29,21,46,,,
1.79E-05,29,21,46,,,
1.91E-05,4,37,41,,,
1.87E-05,91,23,29,,,
1.79E-05,13,7,31,,,
1.69E-05,7,0,16,,,
1.74E-05,40,7,24,,,
1.71E-05,34,24,31,,,
1.69E-05,33,30,34,,,
1.79E-05,38,18,40,,,
1.75E-05,23,34,41,,,
2.65E-05,3,18,41,,,
1.76E-05,40,31,47,,,
1.75E-05,40,34,52,,,
1.77E-05,42,29,47,,,
2.73E-05,22,14,49,,,
2.47E-05,30,42,51,,,
1.81E-05,14,56,58,,,
1.82E-05,6,8,56,,,
1.78E-05,94,11,58,,,
1.77E-05,36,42,66,,,
1.90E-05,42,57,66,,,
1.71E-05,31,0,75,,,
1.81E-05,93,48,77,,,
1.77E-05,3,57,80,,,
1.71E-05,44,8,82,,,
1.80E-05,36,11,77,,,
1.82E-05,93,26,78,,,
1.79E-05,91,22,76,,,
1.75E-05,5,61,78,,,
1.85E-05,44,31,72,,,
2.38E-05,31,54,72,,,
1.92E-05,33,31,70,,,
1.78E-05,31,19,65,,,
1.74E-05,34,12,64,,,
2.12E-05,45,30,67,,,
1.83E-05,22,53,77,,,
1.80E-05,38,47,78,,,
2.19E-05,28,5,76,,,
1.87E-05,7,30,85,,,
1.77E-05,28,50,71,,,
1.71E-05,12,62,68,,,
1.81E-05,42,26,66,,,
2.91E-05,95,14,75,,,
1.98E-05,5,35,73,,,
1.88E-05,4,26,74,,,
1.80E-05,13,8,71,,,
1.82E-05,41,18,49,,,
1.74E-05,20,5,51,,,
1.80E-05,17,15,44,,,
1.71E-05,18,5,45,,,
1.74E-05,17,15,44,,,
1.79E-05,12,23,48,,,
1.78E-05,32,14,55,,,
1.71E-05,5,3,60,,,
1.68E-05,18,1,53,,,
2.10E-05,91,34,51,,,
0.0001373,22,28,45,,,
1.76E-05,40,16,50,,,
1.90E-05,9,8,48,,,
2.05E-05,22,12,48,,,
1.71E-05,16,37,43,,,
1.76E-05,40,15,43,,,
1.78E-05,24,31,48,,,
1.78E-05,15,19,48,,,
1.71E-05,42,3,48,,,
1.71E-05,35,6,47,,,
3.05E-05,30,39,44,,,
1.73E-05,37,5,42,,,
5.36E-05,10,24,43,,,
1.79E-05,92,28,42,,,
1.73E-05,7,20,33,,,
1.71E-05,11,15,25,,,
1.71E-05,11,15,25,,,
1.72E-05,32,3,26,,,
1.72E-05,7,2,25,,,
2.00E-05,26,20,40,,,
1.73E-05,16,30,40,,,
1.74E-05,91,38,40,,,
1.71E-05,39,20,34,,,
1.75E-05,23,25,38,,,
1.76E-05,40,16,38,,,
1.74E-05,38,2,37,,,
1.74E-05,44,6,36,,,
1.77E-05,18,16,36,,,
1.94E-05,11,25,28,,,
1.77E-05,30,0,21,,,
1.69E-05,39,5,21,,,
1.87E-05,30,7,27,,,
2.15E-05,7,6,31,,,
1.72E-05,4,28,30,,,
1.85E-05,8,9,21,,,
2.03E-05,12,9,27,,,
1.80E-05,33,6,29,,,
1.83E-05,12,12,33,,,
1.87E-05,2,19,34,,,
1.68E-05,38,39,44,,,
3.64E-05,5,25,42,,,
2.94E-05,14,19,40,,,
3.02E-05,33,29,40,,,
1.83E-05,3,11,44,,,
1.76E-05,39,34,42,,,
1.78E-05,34,38,44,,,
1.78E-05,44,19,44,,,
1.71E-05,5,37,45,,,
1.72E-05,16,6,48,,,
1.77E-05,24,20,50,,,
1.71E-05,5,1,57,,,
1.79E-05,8,15,57,,,
2.53E-05,29,13,73,,,
2.29E-05,44,73,75,,,
2.31E-05,18,8,78,,,
1.70E-05,8,84,86,,,
1.84E-05,38,43,86,,,
2.35E-05,34,36,88,,,
1.78E-05,43,84,96,,,
1.88E-05,23,44,96,,,
1.78E-05,1,19,96,,,
2.02E-05,29,30,94,,,
1.81E-05,1,8,88,,,
1.76E-05,9,75,88,,,
1.84E-05,21,33,87,,,
1.84E-05,25,79,85,,,
1.87E-05,33,51,80,,,
1.86E-05,9,22,80,,,
2.94E-05,22,14,76,,,
2.45E-05,23,34,76,,,
1.75E-05,27,8,82,,,
1.79E-05,16,65,85,,,
1.93E-05,34,81,84,,,
2.17E-05,8,21,82,,,
1.91E-05,93,37,92,,,
1.84E-05,8,33,97,,,
1.77E-05,37,65,92,,,
1.85E-05,23,60,92,,,
1.91E-05,1,15,101,,,
1.89E-05,8,78,101,,,
1.94E-05,9,39,100,,,
1.99E-05,25,26,100,,,
1.85E-05,34,28,103,,,
1.90E-05,13,59,100,,,
1.96E-05,14,41,103,,,
1.82E-05,11,66,101,,,
1.73E-05,12,126,129,,,
1.69E-05,28,0,131,,,
1.98E-05,34,19,137,,,
1.83E-05,37,22,139,,,
2.49E-05,14,71,142,,,
1.74E-05,34,145,147,,,
2.04E-05,91,27,141,,,
2.01E-05,35,38,143,,,
1.87E-05,31,40,152,,,
2.13E-05,92,12,152,,,
2.01E-05,24,33,133,,,
1.70E-05,40,127,130,,,
1.87E-05,29,28,129,,,
1.85E-05,19,32,129,,,
2.15E-05,23,72,135,,,
2.11E-05,38,96,141,,,
2.05E-05,6,70,141,,,
1.85E-05,15,23,131,,,
1.79E-05,15,21,126,,,
2.07E-05,44,60,124,,,
1.95E-05,37,88,128,,,
1.77E-05,18,14,137,,,
3.34E-05,3,145,148,,,
1.98E-05,17,108,142,,,
2.54E-05,44,68,145,,,
1.93E-05,34,51,153,,,
1.71E-05,39,4,152,,,
1.84E-05,28,134,155,,,
1.94E-05,8,54,162,,,
5.65E-05,94,65,168,,,
1.74E-05,43,153,167,,,
2.02E-05,92,89,158,,,
3.15E-05,40,17,170,,,
2.25E-05,13,78,168,,,
2.11E-05,92,90,168,,,
1.86E-05,40,14,169,,,
2.19E-05,6,116,172,,,
1.87E-05,17,161,169,,,
2.12E-05,94,100,168,,,
2.18E-05,32,78,169,,,
2.09E-05,13,128,176,,,
2.24E-05,6,95,184,,,
2.00E-05,17,56,188,,,
2.22E-05,30,106,189,,,
1.91E-05,33,138,193,,,
2.62E-05,26,60,195,,,
2.02E-05,24,78,190,,,
1.92E-05,34,51,191,,,
2.48E-05,30,119,204,,,
1.89E-05,24,25,205,,,
1.96E-05,29,188,197,,,
2.59E-05,15,92,205,,,
1.73E-05,38,6,223,,,
1.98E-05,9,150,221,,,
2.27E-05,19,86,222,,,
1.78E-05,30,221,229,,,
1.94E-05,9,54,225,,,
1.95E-05,30,56,220,,,
1.99E-05,92,12,223,,,
2.03E-05,3,81,223,,,
1.96E-05,34,59,224,,,
1.83E-05,93,34,225,,,
2.01E-05,30,73,224,,,
2.14E-05,37,134,221,,,
2.22E-05,4,94,223,,,
1.94E-05,17,154,225,,,
2.09E-05,38,115,227,,,
1.86E-05,30,178,221,,,
1.87E-05,44,33,220,,,
2.09E-05,44,117,218,,,
1.83E-05,44,34,219,,,
2.01E-05,91,129,211,,,
1.79E-05,3,179,206,,,
1.88E-05,24,42,205,,,
2.04E-05,21,136,205,,,
2.05E-05,32,87,208,,,
2.00E-05,43,134,224,,,
1.93E-05,13,56,226,,,
1.81E-05,17,220,225,,,
1.77E-05,20,192,210,,,
1.89E-05,25,166,221,,,
1.75E-05,22,14,214,,,
1.74E-05,36,7,216,,,
1.83E-05,5,183,211,,,
1.90E-05,94,156,216,,,
1.77E-05,94,8,214,,,
2.36E-05,24,31,216,,,
1.75E-05,3,195,215,,,
2.21E-05,31,72,219,,,
1.87E-05,7,166,219,,,
2.05E-05,95,116,199,,,
2.00E-05,34,26,201,,,
2.27E-05,4,95,204,,,
2.38E-05,40,39,203,,,
3.51E-05,91,195,204,,,
2.19E-05,32,78,203,,,
2.41E-05,42,184,199,,,
1.82E-05,33,156,186,,,
1.83E-05,28,20,190,,,
1.87E-05,8,135,185,,,
1.89E-05,31,117,182,,,
2.13E-05,4,23,184,,,
1.86E-05,5,153,181,,,
2.09E-05,13,75,180,,,
1.82E-05,40,30,178,,,
1.95E-05,39,142,175,,,
1.94E-05,18,104,174,,,
2.08E-05,22,57,179,,,
1.90E-05,23,41,182,,,
1.83E-05,36,142,182,,,
2.44E-05,7,39,184,,,
2.15E-05,94,75,184,,,
2.54E-05,9,74,182,,,
2.05E-05,9,74,188,,,
2.05E-05,32,88,187,,,
1.79E-05,41,22,186,,,
1.75E-05,45,187,195,,,
1.82E-05,30,170,198,,,
2.27E-05,95,102,200,,,
1.90E-05,42,27,174,,,
1.94E-05,7,38,176,,,
1.92E-05,95,133,171,,,
2.23E-05,17,103,173,,,
1.87E-05,2,148,178,,,
1.94E-05,24,111,181,,,
3.11E-05,30,109,182,,,
1.86E-05,21,40,180,,,
1.75E-05,18,168,182,,,
3.49E-05,94,72,185,,,
2.60E-05,21,8,185,,,
1.85E-05,38,7,186,,,
2.26E-05,18,167,185,,,
2.06E-05,14,63,186,,,
2.22E-05,41,95,194,,,
1.92E-05,30,122,194,,,
1.90E-05,4,176,205,,,
1.82E-05,19,22,211,,,
0.0001243,17,138,215,,,
2.07E-05,34,151,216,,,
1.78E-05,35,25,216,,,
3.40E-05,27,54,225,,,
2.37E-05,36,103,221,,,
2.03E-05,29,84,224,,,
1.81E-05,32,197,229,,,
1.74E-05,32,12,229,,,
2.03E-05,14,131,230,,,
1.97E-05,39,146,230,,,
2.99E-05,9,130,238,,,
2.09E-05,94,91,239,,,
1.94E-05,6,53,244,,,
1.85E-05,44,205,243,,,
2.01E-05,40,159,245,,,
1.95E-05,15,36,235,,,
2.75E-05,7,141,236,,,
1.98E-05,16,138,229,,,
2.06E-05,1,84,204,,,
1.79E-05,8,27,202,,,
2.08E-05,18,62,202,,,
1.74E-05,36,186,197,,,
2.10E-05,95,102,194,,,
3.18E-05,18,38,194,,,
2.01E-05,18,156,193,,,
3.01E-05,32,171,196,,,
1.84E-05,42,137,180,,,
1.76E-05,16,153,177,,,
1.75E-05,8,155,165,,,
2.63E-05,95,94,174,,,
1.76E-05,9,12,175,,,
1.95E-05,17,43,167,,,
2.13E-05,8,95,166,,,
2.67E-05,92,63,176,,,
1.79E-05,41,143,173,,,
2.24E-05,31,77,183,,,
1.87E-05,16,31,179,,,
5.19E-05,41,67,184,,,
1.87E-05,18,12,182,,,
2.10E-05,40,114,185,,,
1.74E-05,17,8,185,,,
1.98E-05,16,98,186,,,
1.90E-05,95,112,178,,,
1.71E-05,14,1,197,,,
1.71E-05,17,4,195,,,
1.90E-05,9,47,194,,,
2.06E-05,94,122,204,,,
1.80E-05,24,178,212,,,
2.15E-05,32,109,209,,,
1.99E-05,38,74,210,,,
2.01E-05,95,48,209,,,
1.78E-05,42,20,206,,,
1.95E-05,32,181,203,,,
2.19E-05,6,107,202,,,
1.87E-05,94,155,207,,,
1.88E-05,1,46,213,,,
4.28E-05,24,190,214,,,
1.80E-05,4,192,196,,,
3.37E-05,30,90,200,,,
1.88E-05,35,25,202,,,
3.08E-05,94,118,201,,,
1.96E-05,31,155,206,,,
1.96E-05,25,12,210,,,
1.95E-05,45,155,208,,,
1.80E-05,20,206,222,,,
1.92E-05,91,54,215,,,
2.07E-05,43,135,227,,,
1.83E-05,10,28,233,,,
1.91E-05,15,41,235,,,
3.32E-05,1,96,232,,,
2.00E-05,28,186,220,,,
2.09E-05,40,152,222,,,
2.65E-05,17,52,225,,,
2.06E-05,4,127,230,,,
2.53E-05,27,163,236,,,
2.46E-05,36,205,243,,,
2.17E-05,13,128,228,,,
2.22E-05,31,214,226,,,
1.94E-05,25,148,226,,,
1.79E-05,39,190,221,,,
2.79E-05,9,84,217,,,
2.16E-05,91,94,217,,,
1.87E-05,40,199,219,,,
1.90E-05,45,182,221,,,
2.90E-05,18,151,229,,,
1.82E-05,23,10,226,,,
2.11E-05,95,78,220,,,
1.91E-05,44,196,229,,,
1.80E-05,15,23,238,,,
1.88E-05,95,189,238,,,
1.94E-05,27,158,228,,,
2.08E-05,24,93,232,,,
1.73E-05,30,232,241,,,
1.96E-05,18,59,241,,,
1.76E-05,18,3,246,,,
2.12E-05,33,98,228,,,
1.84E-05,3,200,227,,,
1.84E-05,91,37,215,,,
1.94E-05,16,140,215,,,
1.94E-05,94,155,222,,,
2.72E-05,93,107,222,,,
1.92E-05,33,54,223,,,
2.20E-05,11,98,222,,,
2.49E-05,6,226,228,,,
2.09E-05,4,72,244,,,
2.17E-05,8,68,241,,,
2.03E-05,40,76,239,,,
2.61E-05,31,165,239,,,
1.95E-05,33,178,232,,,
1.92E-05,40,178,238,,,
1.89E-05,40,43,251,,,
1.93E-05,31,50,245,,,
1.91E-05,39,48,245,,,
1.97E-05,27,167,241,,,
1.72E-05,7,238,241,,,
2.20E-05,93,128,251,,,
1.72E-05,18,236,244,,,
1.72E-05,43,242,247,,,
1.74E-05,26,7,233,,,
1.98E-05,40,57,235,,,
2.07E-05,91,73,245,,,
2.04E-05,25,175,245,,,
2.50E-05,28,84,240,,,
2.05E-05,23,142,247,,,
1.95E-05,22,18,242,,,
2.19E-05,37,100,247,,,
1.97E-05,37,69,244,,,
2.12E-05,25,162,242,,,
1.77E-05,25,218,240,,,
1.70E-05,41,1,240,,,
2.00E-05,23,51,244,,,
1.82E-05,95,216,248,,,
1.73E-05,45,238,243,,,
2.39E-05,3,77,242,,,
1.74E-05,41,11,257,,,
2.08E-05,93,148,256,,,
2.23E-05,23,166,249,,,
2.16E-05,32,71,247,,,
1.77E-05,41,231,254,,,
1.85E-05,93,211,248,,,
2.99E-05,93,129,250,,,
1.90E-05,38,188,248,,,
2.51E-05,14,140,243,,,
2.04E-05,20,69,245,,,
1.76E-05,21,230,248,,,
2.45E-05,38,191,245,,,
1.79E-05,17,219,246,,,
2.22E-05,93,153,246,,,
1.88E-05,36,181,236,,,
1.86E-05,22,186,237,,,
2.35E-05,11,101,236,,,
1.97E-05,14,68,244,,,
2.03E-05,32,82,244,,,
1.95E-05,91,156,236,,,
2.83E-05,12,42,230,,,
2.00E-05,35,177,223,,,
1.80E-05,15,218,226,,,
2.30E-05,95,109,227,,,
2.31E-05,40,89,218,,,
2.15E-05,5,106,219,,,
2.11E-05,40,128,214,,,
1.81E-05,43,173,213,,,
2.43E-05,19,49,222,,,
1.91E-05,33,192,220,,,
1.78E-05,38,16,226,,,
1.71E-05,3,2,223,,,
2.04E-05,93,82,234,,,
1.99E-05,22,190,234,,,
2.17E-05,27,115,238,,,
1.94E-05,13,159,236,,,
2.99E-05,17,112,235,,,
1.89E-05,10,35,234,,,
2.48E-05,26,107,243,,,
2.06E-05,40,146,238,,,
1.98E-05,8,176,242,,,
1.85E-05,35,41,248,,,
2.14E-05,35,108,251,,,
1.84E-05,35,236,255,,,
2.17E-05,38,60,277,,,
1.95E-05,24,205,278,,,
1.76E-05,1,262,280,,,
3.30E-05,13,231,282,,,
1.80E-05,40,21,284,,,
2.02E-05,5,66,281,,,
1.79E-05,13,21,281,,,
2.08E-05,13,185,281,,,
1.82E-05,92,244,281,,,
2.17E-05,43,107,284,,,
1.93E-05,37,232,283,,,
1.74E-05,43,14,283,,,
1.82E-05,1,269,288,,,
2.09E-05,30,93,284,,,
1.99E-05,14,204,283,,,
1.84E-05,12,274,285,,,
9.28E-05,94,244,287,,,
2.00E-05,40,3,276,,,
2.33E-05,92,158,272,,,
1.95E-05,93,203,273,,,
2.06E-05,16,168,274,,,
2.23E-05,21,112,282,,,
1.80E-05,30,280,291,,,
2.71E-05,30,261,292,,,
1.95E-05,1,207,283,,,
1.97E-05,26,205,285,,,
2.66E-05,45,156,286,,,
1.85E-05,32,237,282,,,
2.02E-05,94,187,281,,,
2.03E-05,22,173,275,,,
2.08E-05,20,85,271,,,
2.56E-05,28,146,262,,,
2.10E-05,40,93,258,,,
3.28E-05,10,241,258,,,
2.79E-05,16,223,262,,,
2.02E-05,26,75,252,,,
1.93E-05,9,182,253,,,
2.33E-05,38,115,250,,,
2.00E-05,9,158,249,,,
1.93E-05,27,52,247,,,
2.28E-05,16,114,246,,,
2.09E-05,45,135,246,,,
1.79E-05,12,221,241,,,
1.98E-05,10,64,239,,,
1.98E-05,9,157,243,,,
3.68E-05,35,102,240,,,
2.64E-05,8,195,236,,,
1.79E-05,42,22,232,,,
1.75E-05,17,8,231,,,
2.13E-05,33,145,228,,,
1.80E-05,92,203,231,,,
2.00E-05,35,36,242,,,
2.00E-05,23,180,242,,,
2.47E-05,26,96,239,,,
0.0001525,10,66,236,,,
2.20E-05,28,227,233,,,
1.89E-05,35,33,229,,,
1.76E-05,31,220,230,,,
1.95E-05,15,161,235,,,
9.04E-05,3,124,234,,,
2.72E-05,4,128,230,,,
3.13E-05,27,48,224,,,
2.49E-05,38,108,224,,,
2.10E-05,10,125,217,,,
2.04E-05,23,61,216,,,
2.22E-05,94,147,224,,,
2.05E-05,31,144,228,,,
2.06E-05,12,42,218,,,
2.31E-05,7,86,212,,,
2.04E-05,35,86,203,,,
2.57E-05,45,119,200,,,
1.83E-05,24,160,200,,,
2.75E-05,37,172,208,,,
1.91E-05,92,55,208,,,
1.92E-05,15,137,207,,,
2.43E-05,94,111,201,,,
3.48E-05,42,83,201,,,
1.86E-05,9,155,193,,,
2.74E-05,30,116,204,,,
2.63E-05,38,63,214,,,
2.01E-05,26,159,211,,,
2.04E-05,16,127,221,,,
2.53E-05,13,157,222,,,
1.87E-05,26,42,224,,,
2.04E-05,17,120,228,,,
1.92E-05,26,46,235,,,
1.92E-05,93,207,222,,,
2.33E-05,3,89,222,,,
2.27E-05,34,165,212,,,
2.18E-05,23,172,212,,,
2.15E-05,24,71,211,,,
2.03E-05,45,35,201,,,
3.27E-05,45,95,204,,,
2.80E-05,17,191,203,,,
3.24E-05,40,114,201,,,
2.99E-05,3,24,207,,,
2.73E-05,27,55,218,,,
4.20E-05,30,125,232,,,
2.15E-05,19,75,240,,,
2.10E-05,36,86,240,,,
1.77E-05,29,213,241,,,
2.12E-05,92,160,241,,,
1.85E-05,35,38,235,,,
1.92E-05,12,166,235,,,
1.92E-05,92,157,219,,,
1.82E-05,38,182,214,,,
2.21E-05,92,103,211,,,
1.78E-05,36,198,207,,,
2.14E-05,2,54,199,,,
2.79E-05,12,9,215,,,
2.24E-05,44,103,239,,,
2.02E-05,28,154,241,,,
1.75E-05,43,232,244,,,
2.06E-05,11,91,239,,,
2.01E-05,93,144,238,,,
1.90E-05,21,170,237,,,
1.93E-05,9,28,235,,,
2.20E-05,38,167,230,,,
1.81E-05,45,224,230,,,
2.03E-05,29,66,236,,,
3.35E-05,6,2,230,,,
2.15E-05,38,20,229,,,
1.75E-05,27,213,227,,,
1.82E-05,27,32,227,,,
1.72E-05,27,207,218,,,
1.76E-05,35,207,218,,,
1.83E-05,37,186,218,,,
2.30E-05,18,52,219,,,
1.94E-05,94,145,223,,,
2.07E-05,33,149,220,,,
1.91E-05,2,48,216,,,
2.09E-05,32,119,216,,,
3.05E-05,23,160,213,,,
0.0001141,25,172,217,,,
2.04E-05,44,143,220,,,
2.06E-05,95,92,220,,,
1.93E-05,35,30,220,,,
1.90E-05,27,42,214,,,
2.12E-05,22,135,220,,,
2.01E-05,38,160,224,,,
3.22E-05,34,80,216,,,
2.69E-05,44,10,217,,,
2.28E-05,39,85,212,,,
2.16E-05,21,48,214,,,
2.95E-05,91,194,212,,,
2.82E-05,42,45,213,,,
1.85E-05,17,207,214,,,
1.95E-05,27,139,217,,,
1.83E-05,93,186,227,,,
1.72E-05,36,215,217,,,
2.17E-05,2,33,214,,,
2.61E-05,11,79,230,,,
2.29E-05,33,118,230,,,
2.11E-05,23,158,228,,,
1.93E-05,25,167,222,,,
3.24E-05,31,87,227,,,
2.01E-05,32,137,222,,,
1.92E-05,24,155,222,,,
2.73E-05,18,222,224,,,
2.10E-05,45,185,224,,,
1.96E-05,27,206,223,,,
0.0001348,44,121,222,,,
3.20E-05,40,142,222,,,
1.79E-05,11,1,198,,,
1.79E-05,14,201,203,,,
1.99E-05,94,53,202,,,
2.23E-05,38,119,211,,,
2.07E-05,10,105,206,,,
1.87E-05,42,40,201,,,
2.09E-05,13,92,201,,,
1.81E-05,41,29,201,,,
1.83E-05,28,161,198,,,
2.00E-05,14,40,199,,,
1.83E-05,3,165,198,,,
2.35E-05,6,123,199,,,
2.23E-05,39,70,200,,,
3.24E-05,41,145,200,,,
2.32E-05,6,186,202,,,
3.69E-05,1,170,203,,,
3.13E-05,25,123,205,,,
2.52E-05,23,84,203,,,
2.21E-05,93,160,206,,,
3.01E-05,32,76,202,,,
8.95E-05,94,15,199,,,
1.84E-05,95,36,198,,,
1.77E-05,28,14,198,,,
1.84E-05,9,159,203,,,
8.08E-05,1,48,206,,,
2.15E-05,15,0,219,,,
2.50E-05,32,84,219,,,
2.99E-05,45,129,225,,,
1.92E-05,42,19,225,,,
9.17E-05,18,193,221,,,
2.96E-05,32,66,218,,,
2.44E-05,25,214,225,,,
2.77E-05,38,102,225,,,
2.05E-05,31,58,229,,,
1.93E-05,3,15,222,,,
2.04E-05,94,51,227,,,
2.27E-05,37,109,219,,,
1.98E-05,27,61,223,,,
2.05E-05,20,35,222,,,
1.85E-05,9,167,216,,,
1.75E-05,28,13,216,,,
1.81E-05,7,194,221,,,
4.25E-05,39,189,210,,,
2.94E-05,31,23,207,,,
2.04E-05,94,75,207,,,
1.89E-05,9,164,198,,,
2.87E-05,10,88,198,,,
2.32E-05,27,69,200,,,
2.04E-05,21,41,208,,,
1.93E-05,11,144,207,,,
1.86E-05,22,31,205,,,
2.00E-05,27,67,207,,,
2.12E-05,92,150,210,,,
1.85E-05,31,24,213,,,
2.01E-05,39,76,215,,,
1.73E-05,40,9,217,,,
1.97E-05,91,149,219,,,
2.04E-05,17,88,221,,,
2.78E-05,91,80,221,,,
3.02E-05,17,85,225,,,
1.96E-05,42,57,214,,,
2.03E-05,2,83,214,,,
2.11E-05,92,98,217,,,
1.99E-05,30,127,216,,,
2.02E-05,42,48,208,,,
2.02E-05,44,106,193,,,
2.08E-05,43,84,194,,,
1.89E-05,94,43,204,,,
1.98E-05,9,139,203,,,
2.00E-05,4,60,201,,,
2.06E-05,34,81,184,,,
1.99E-05,40,43,187,,,
2.00E-05,2,46,187,,,
2.03E-05,38,112,175,,,
3.21E-05,38,102,171,,,
1.71E-05,14,2,173,,,
2.54E-05,41,102,175,,,
1.95E-05,1,122,175,,,
2.03E-05,15,28,165,,,
2.28E-05,19,90,171,,,
1.78E-05,2,140,165,,,
1.77E-05,6,145,165,,,
2.00E-05,27,65,165,,,
1.78E-05,3,155,167,,,
1.71E-05,15,3,161,,,
1.85E-05,1,114,156,,,
1.86E-05,3,37,167,,,
1.92E-05,94,55,165,,,
1.91E-05,35,106,165,,,
1.98E-05,92,67,163,,,
2.11E-05,42,70,170,,,
1.74E-05,24,156,161,,,
1.81E-05,16,163,169,,,
1.89E-05,17,140,170,,,
1.74E-05,41,7,159,,,
2.11E-05,6,97,164,,,
3.05E-05,41,86,166,,,
1.83E-05,93,151,169,,,
1.91E-05,41,32,183,,,
1.69E-05,17,180,185,,,
1.92E-05,38,99,175,,,
2.15E-05,33,86,181,,,
3.12E-05,1,123,173,,,
2.86E-05,11,174,177,,,
1.90E-05,39,150,177,,,
1.86E-05,5,166,184,,,
2.21E-05,16,146,176,,,
1.81E-05,28,30,177,,,
1.89E-05,38,108,171,,,
2.15E-05,2,79,174,,,
1.82E-05,29,145,173,,,
1.96E-05,14,61,176,,,
2.21E-05,22,74,172,,,
2.14E-05,43,106,183,,,
2.01E-05,94,126,186,,,
1.69E-05,40,0,141,,,
1.92E-05,10,87,140,,,
2.16E-05,4,31,152,,,
1.98E-05,42,116,139,,,
1.75E-05,91,125,143,,,
1.97E-05,28,86,140,,,
1.95E-05,12,60,130,,,
1.96E-05,30,87,131,,,
1.84E-05,16,29,128,,,
2.03E-05,33,37,121,,,
1.82E-05,17,20,123,,,
1.92E-05,39,90,139,,,
1.99E-05,20,29,141,,,
2.48E-05,23,12,141,,,
1.88E-05,16,95,150,,,
1.89E-05,2,87,150,,,
1.74E-05,38,150,152,,,
1.87E-05,92,9,150,,,
2.10E-05,8,56,151,,,
2.28E-05,19,5,147,,,
2.19E-05,6,71,145,,,
1.93E-05,39,110,155,,,
2.27E-05,35,40,154,,,
1.97E-05,94,55,142,,,
1.89E-05,30,38,143,,,
1.85E-05,23,36,154,,,
2.21E-05,41,60,150,,,
2.87E-05,42,90,151,,,
1.90E-05,37,108,140,,,
2.21E-05,12,57,138,,,
1.95E-05,92,25,142,,,
1.82E-05,41,29,146,,,
2.20E-05,22,54,139,,,
1.79E-05,15,1,144,,,
2.09E-05,26,34,155,,,
1.86E-05,25,105,153,,,
2.10E-05,13,62,151,,,
2.59E-05,41,47,136,,,
1.92E-05,42,78,132,,,
1.94E-05,44,70,129,,,
1.85E-05,92,35,124,,,
1.91E-05,38,97,122,,,
1.69E-05,1,0,124,,,
1.87E-05,9,34,132,,,
1.88E-05,3,103,122,,,
1.97E-05,31,69,122,,,
1.91E-05,15,60,121,,,
2.59E-05,15,23,117,,,
2.01E-05,34,62,115,,,
1.96E-05,19,53,122,,,
5.87E-05,20,2,114,,,
1.97E-05,26,66,111,,,
1.93E-05,5,31,115,,,
2.57E-05,25,6,119,,,
2.42E-05,20,114,120,,,
1.88E-05,10,44,124,,,
1.82E-05,23,89,123,,,
2.39E-05,37,113,128,,,
1.89E-05,91,47,130,,,
1.76E-05,41,113,126,,,
1.86E-05,34,89,126,,,
1.70E-05,22,1,114,,,
4.12E-05,31,56,107,,,
1.92E-05,4,69,100,,,
1.85E-05,32,95,105,,,
1.94E-05,20,54,102,,,
1.85E-05,42,16,81,,,
1.77E-05,26,54,75,,,
2.37E-05,4,53,70,,,
2.40E-05,41,40,74,,,
1.84E-05,22,47,65,,,
1.86E-05,18,35,58,,,
0.0001418,22,18,53,,,
1.74E-05,94,45,56,,,
1.78E-05,41,40,57,,,
2.04E-05,23,45,50,,,
1.85E-05,5,15,46,,,
1.86E-05,19,23,45,,,
1.83E-05,24,15,29,,,
1.72E-05,21,12,15,,,
2.60E-05,14,2,17,,,
1.79E-05,36,4,17,,,
1.71E-05,1,1,16,,,
1.75E-05,12,3,14,,,
1.70E-05,33,6,14,,,
1.74E-05,27,5,13,,,
1.88E-05,21,12,20,,,
1.71E-05,30,9,17,,,
1.81E-05,30,15,46,,,
1.78E-05,94,33,35,,,
1.74E-05,37,10,33,,,
1.76E-05,3,19,33,,,
1.76E-05,19,18,33,,,
2.49E-05,19,16,28,,,
1.78E-05,92,14,49,,,
1.82E-05,3,30,46,,,
1.77E-05,5,59,61,,,
1.77E-05,12,1,61,,,
8.97E-05,36,8,73,,,
1.91E-05,43,45,79,,,
1.79E-05,24,74,82,,,
1.89E-05,30,16,83,,,
1.76E-05,39,9,92,,,
1.75E-05,12,9,90,,,
1.79E-05,31,71,98,,,
1.72E-05,21,3,95,,,
1.81E-05,38,24,89,,,
1.77E-05,7,76,91,,,
2.89E-05,35,82,91,,,
1.76E-05,38,18,85,,,
1.79E-05,91,10,80,,,
1.76E-05,31,18,78,,,
1.78E-05,29,59,78,,,
1.73E-05,95,68,80,,,
1.73E-05,11,9,82,,,
1.73E-05,16,66,79,,,
1.76E-05,19,16,74,,,
1.84E-05,42,32,78,,,
1.77E-05,94,51,78,,,
2.27E-05,38,8,73,,,
1.81E-05,92,15,73,,,
1.85E-05,37,5,66,,,
1.88E-05,20,26,66,,,
2.58E-05,36,20,66,,,
1.90E-05,22,35,72,,,
1.82E-05,24,38,73,,,
1.82E-05,12,16,73,,,
1.69E-05,16,70,72,,,
1.83E-05,12,38,73,,,
1.91E-05,29,17,60,,,
1.89E-05,37,35,63,,,
1.76E-05,34,64,68,,,
1.80E-05,1,44,73,,,
1.74E-05,20,14,73,,,
1.69E-05,20,75,77,,,
2.44E-05,37,47,76,,,
1.78E-05,13,7,77,,,
1.76E-05,14,52,73,,,
1.81E-05,11,31,72,,,
1.85E-05,93,33,70,,,
1.92E-05,34,39,61,,,
1.83E-05,4,44,56,,,
0.0002016,33,5,57,,,
1.78E-05,45,33,59,,,
1.98E-05,38,3,53,,,
2.28E-05,92,5,46,,,
1.79E-05,93,28,52,,,
1.78E-05,11,34,54,,,
1.81E-05,9,5,57,,,
1.78E-05,10,9,56,,,
1.85E-05,36,15,54,,,
1.89E-05,24,29,63,,,
1.87E-05,1,35,62,,,
1.75E-05,11,7,35,,,
1.78E-05,19,37,50,,,
1.78E-05,3,32,49,,,
1.73E-05,19,37,51,,,
1.97E-05,94,43,50,,,
2.06E-05,19,41,44,,,
1.80E-05,28,21,42,,,
1.83E-05,5,17,38,,,
1.78E-05,25,21,39,,,
2.46E-05,11,8,37,,,
1.71E-05,9,3,37,,,
2.35E-05,24,27,38,,,
1.81E-05,11,2,37,,,
1.86E-05,3,1,33,,,
1.72E-05,21,34,37,,,
1.84E-05,6,9,41,,,
1.79E-05,3,6,40,,,
2.03E-05,26,43,47,,,
1.85E-05,11,10,50,,,
1.86E-05,32,48,52,,,
1.77E-05,7,34,45,,,
1.80E-05,11,18,45,,,
1.79E-05,7,35,51,,,
1.77E-05,40,44,50,,,
1.92E-05,92,13,50,,,
2.35E-05,6,19,52,,,
2.54E-05,13,30,54,,,
1.82E-05,29,24,40,,,
1.71E-05,11,7,35,,,
1.75E-05,43,25,37,,,
1.69E-05,4,29,31,,,
1.70E-05,32,0,31,,,
1.87E-05,7,22,35,,,
2.44E-05,32,15,38,,,
2.62E-05,22,0,41,,,
2.44E-05,23,39,53,,,
1.84E-05,23,17,50,,,
1.81E-05,36,27,61,,,
1.72E-05,3,51,62,,,
2.51E-05,32,27,59,,,
2.09E-05,26,37,60,,,
1.80E-05,92,34,58,,,
1.69E-05,3,56,58,,,
1.79E-05,31,28,57,,,
2.01E-05,5,19,53,,,
1.83E-05,11,40,54,,,
1.84E-05,14,27,47,,,
1.76E-05,13,29,42,,,
1.72E-05,45,17,27,,,
1.75E-05,13,17,32,,,
2.49E-05,26,15,39,,,
1.82E-05,38,16,31,,,
1.81E-05,18,0,34,,,
2.66E-05,38,3,28,,,
1.70E-05,41,31,33,,,
2.15E-05,14,21,38,,,
2.62E-05,10,6,50,,,
1.88E-05,45,27,54,,,
1.78E-05,5,46,51,,,
1.91E-05,42,19,46,,,
1.71E-05,19,1,43,,,
1.75E-05,37,12,44,,,
1.74E-05,15,38,45,,,
1.70E-05,12,3,27,,,
1.75E-05,15,10,24,,,
1.83E-05,95,9,21,,,
1.82E-05,38,17,19,,,
1.81E-05,11,5,20,,,
1.81E-05,45,11,20,,,
2.66E-05,40,3,17,,,
2.75E-05,4,4,15,,,
2.96E-05,38,9,16,,,
1.71E-05,28,4,7,,,
1.94E-05,4,6,15,,,
1.70E-05,36,13,17,,,
1.86E-05,31,8,19,,,
1.79E-05,20,2,15,,,
1.71E-05,95,6,11,,,
1.71E-05,23,1,6,,,
1.75E-05,35,1,5,,,
2.19E-05,36,0,5,,,
4.78E-05,93,0,4,,,
2.04E-05,37,1,3,,,
1.81E-05,24,2,4,,,
1.78E-05,91,1,13,,,
1.76E-05,45,2,9,,,
1.70E-05,34,0,7,,,
1.78E-05,38,3,8,,,
1.86E-05,37,3,9,,,
1.73E-05,2,5,10,,,
3.52E-05,45,6,8,,,
1.82E-05,23,7,12,,,
1.79E-05,23,19,22,,,
1.84E-05,34,12,25,,,
1.72E-05,26,7,30,,,
1.94E-05,28,1,32,,,
1.72E-05,17,4,32,,,
2.28E-05,1,26,29,,,
1.77E-05,12,21,33,,,
1.72E-05,28,5,33,,,
2.24E-05,94,22,27,,,
1.73E-05,22,14,22,,,
1.71E-05,33,32,35,,,
1.73E-05,16,32,36,,,
1.76E-05,10,9,29,,,
1.76E-05,3,15,31,,,
1.79E-05,38,22,29,,,
1.75E-05,95,9,29,,,
1.74E-05,32,7,28,,,
1.89E-05,32,3,22,,,
1.71E-05,14,17,20,,,
1.81E-05,32,8,23,,,
1.71E-05,93,19,23,,,
1.85E-05,43,10,17,,,
2.70E-05,9,2,13,,,
2.38E-05,26,2,11,,,
2.52E-05,35,8,17,,,
2.74E-05,12,22,24,,,
1.96E-05,23,15,25,,,
2.59E-05,21,9,20,,,
2.22E-05,12,4,6,,,
3.48E-05,28,8,12,,,
1.75E-05,36,3,8,,,
1.71E-05,35,9,12,,,
2.00E-05,7,0,18,,,
1.79E-05,36,2,20,,,
1.71E-05,37,4,15,,,
1.88E-05,35,1,13,,,
1.82E-05,5,1,12,,,
1.88E-05,14,3,11,,,
1.68E-05,28,1,3,,,
1.69E-05,7,0,7,,,
1.71E-05,25,0,8,,,
1.77E-05,9,8,12,,,
1.72E-05,3,0,15,,,
1.72E-05,45,1,13,,,
1.68E-05,9,1,5,,,
1.76E-05,22,0,1,,,
1.74E-05,31,1,3,,,
2.24E-05,40,10,12,,,
2.13E-05,1,6,31,,,
1.72E-05,29,7,31,,,
1.72E-05,26,6,26,,,
1.71E-05,35,1,29,,,
2.28E-05,8,11,37,,,
1.75E-05,28,26,39,,,
1.71E-05,7,40,43,,,
1.72E-05,29,4,43,,,
1.71E-05,15,5,56,,,
1.82E-05,17,0,49,,,
1.83E-05,16,22,51,,,
1.73E-05,26,44,50,,,
1.88E-05,35,19,56,,,
2.34E-05,40,12,65,,,
2.65E-05,43,62,72,,,
1.70E-05,35,74,77,,,
2.58E-05,11,3,74,,,
1.75E-05,3,73,79,,,
1.83E-05,20,35,75,,,
1.83E-05,43,27,76,,,
1.74E-05,3,68,75,,,
1.90E-05,44,23,76,,,
1.84E-05,3,26,88,,,
2.19E-05,3,83,91,,,
1.86E-05,17,57,88,,,
3.40E-05,29,70,91,,,
2.36E-05,25,81,92,,,
1.81E-05,21,88,91,,,
1.85E-05,26,28,77,,,
1.73E-05,33,8,77,,,
2.30E-05,35,62,80,,,
1.85E-05,3,45,80,,,
1.86E-05,25,41,87,,,
1.90E-05,25,72,78,,,
1.77E-05,40,15,71,,,
1.75E-05,1,62,74,,,
1.90E-05,26,46,83,,,
1.87E-05,10,28,76,,,
1.75E-05,31,60,74,,,
2.40E-05,21,65,86,,,
2.14E-05,18,2,102,,,
1.79E-05,27,2,98,,,
1.97E-05,33,32,83,,,
1.86E-05,40,9,77,,,
1.95E-05,11,20,73,,,
1.96E-05,26,28,70,,,
1.72E-05,11,64,72,,,
2.14E-05,8,23,72,,,
1.86E-05,41,57,77,,,
2.58E-05,92,44,77,,,
2.15E-05,13,34,78,,,
1.93E-05,10,46,79,,,
1.93E-05,12,22,78,,,
1.74E-05,3,7,79,,,
1.73E-05,16,8,77,,,
1.73E-05,39,60,75,,,
2.01E-05,4,68,73,,,
1.71E-05,41,1,74,,,
1.76E-05,12,17,66,,,
1.83E-05,33,53,58,,,
1.91E-05,12,21,59,,,
1.98E-05,43,27,67,,,
1.96E-05,30,32,67,,,
2.01E-05,94,42,68,,,
2.71E-05,8,30,68,,,
1.84E-05,20,0,67,,,
2.78E-05,28,39,77,,,
2.91E-05,36,37,82,,,
2.11E-05,11,1,86,,,
2.52E-05,6,5,92,,,
1.86E-05,20,56,97,,,
2.02E-05,94,67,102,,,
1.94E-05,12,58,116,,,
1.87E-05,7,74,131,,,
1.89E-05,91,53,130,,,
2.16E-05,23,66,151,,,
1.91E-05,4,49,153,,,
1.79E-05,35,132,153,,,
1.99E-05,25,65,152,,,
1.78E-05,27,20,152,,,
1.99E-05,25,85,154,,,
1.87E-05,95,106,155,,,
1.73E-05,8,12,153,,,
1.99E-05,4,49,150,,,
1.93E-05,8,53,149,,,
1.89E-05,91,104,149,,,
2.10E-05,12,83,152,,,
1.88E-05,92,18,146,,,
2.07E-05,8,126,144,,,
1.97E-05,25,40,145,,,
1.97E-05,4,104,145,,,
1.90E-05,36,43,138,,,
1.99E-05,32,84,145,,,
1.86E-05,23,15,147,,,
1.88E-05,23,117,131,,,
2.11E-05,91,63,132,,,
2.09E-05,36,47,134,,,
2.88E-05,39,13,134,,,
1.97E-05,36,44,134,,,
2.13E-05,42,152,159,,,
1.80E-05,39,22,164,,,
2.16E-05,2,110,167,,,
2.48E-05,19,51,168,,,
2.27E-05,25,92,159,,,
1.91E-05,27,51,160,,,
1.97E-05,37,67,167,,,
1.87E-05,32,114,167,,,
1.79E-05,1,19,160,,,
1.80E-05,44,128,160,,,
2.44E-05,43,153,167,,,
3.00E-05,11,150,167,,,
2.50E-05,20,166,169,,,
2.01E-05,25,107,169,,,
1.81E-05,19,29,151,,,
1.91E-05,94,79,151,,,
1.95E-05,45,60,156,,,
1.93E-05,12,81,154,,,
1.99E-05,94,65,160,,,
2.01E-05,3,76,162,,,
1.91E-05,26,135,166,,,
1.79E-05,5,144,171,,,
2.42E-05,14,133,170,,,
1.91E-05,37,52,166,,,
1.93E-05,38,53,174,,,
1.92E-05,20,30,171,,,
2.10E-05,25,97,170,,,
1.71E-05,39,7,165,,,
1.94E-05,44,52,169,,,
1.71E-05,93,156,169,,,
1.90E-05,93,104,165,,,
1.75E-05,15,145,159,,,
1.72E-05,9,152,157,,,
3.32E-05,21,149,155,,,
1.94E-05,42,113,155,,,
1.88E-05,93,17,152,,,
1.97E-05,6,113,150,,,
2.03E-05,20,66,148,,,
1.92E-05,6,113,152,,,
1.84E-05,91,35,146,,,
1.72E-05,42,143,148,,,
1.88E-05,95,95,145,,,
1.74E-05,29,126,143,,,
0.0005027,8,122,141,,,
2.36E-05,35,43,139,,,
1.89E-05,29,48,142,,,
1.90E-05,93,87,146,,,
8.60E-05,4,29,142,,,
1.93E-05,39,58,144,,,
2.27E-05,30,72,141,,,
2.01E-05,42,74,141,,,
2.06E-05,28,65,153,,,
2.39E-05,35,43,151,,,
3.03E-05,22,76,150,,,
1.83E-05,1,13,156,,,
2.29E-05,28,136,152,,,
1.91E-05,95,27,154,,,
2.23E-05,17,82,160,,,
2.16E-05,91,67,161,,,
1.84E-05,44,139,162,,,
1.98E-05,19,40,154,,,
1.82E-05,18,10,155,,,
3.79E-05,93,89,160,,,
2.85E-05,2,139,153,,,
2.99E-05,1,42,152,,,
1.85E-05,44,129,151,,,
0.0001605,30,44,150,,,
1.79E-05,41,6,148,,,
1.88E-05,29,41,146,,,
1.84E-05,13,29,149,,,
3.12E-05,91,79,151,,,
1.76E-05,41,12,151,,,
1.90E-05,24,121,149,,,
1.91E-05,42,104,146,,,
1.99E-05,17,72,150,,,
1.84E-05,34,103,151,,,
1.79E-05,23,146,158,,,
2.44E-05,2,81,165,,,
1.84E-05,19,156,174,,,
2.03E-05,16,72,171,,,
1.78E-05,19,154,171,,,
2.94E-05,21,75,170,,,
2.26E-05,91,91,171,,,
2.02E-05,45,108,172,,,
1.77E-05,17,141,160,,,
1.85E-05,92,40,164,,,
1.76E-05,18,160,167,,,
1.90E-05,28,111,167,,,
1.98E-05,4,40,164,,,
2.43E-05,24,30,150,,,
1.88E-05,92,40,148,,,
2.56E-05,39,50,150,,,
2.30E-05,27,73,149,,,
1.88E-05,13,45,135,,,
1.87E-05,27,21,142,,,
1.98E-05,32,41,146,,,
3.19E-05,24,25,123,,,
1.96E-05,41,24,129,,,
1.86E-05,41,107,129,,,
2.02E-05,3,84,130,,,
0.0002208,93,119,125,,,
1.74E-05,17,12,138,,,
1.96E-05,24,81,137,,,
1.94E-05,12,87,131,,,
1.86E-05,31,75,126,,,
1.82E-05,32,28,127,,,
1.80E-05,31,100,118,,,
2.17E-05,14,100,107,,,
1.89E-05,27,43,109,,,
2.29E-05,8,41,112,,,
1.74E-05,43,10,108,,,
3.85E-05,20,98,106,,,
2.41E-05,19,34,113,,,
2.12E-05,94,75,121,,,
2.04E-05,93,89,124,,,
1.84E-05,6,9,128,,,
2.14E-05,12,6,133,,,
1.80E-05,10,23,130,,,
2.96E-05,30,87,132,,,
2.84E-05,36,95,128,,,
1.84E-05,43,120,135,,,
2.93E-05,33,129,143,,,
1.91E-05,10,98,143,,,
2.01E-05,26,36,146,,,
1.85E-05,12,18,145,,,
2.13E-05,27,71,149,,,
1.88E-05,5,106,155,,,
1.79E-05,39,25,150,,,
1.82E-05,94,30,151,,,
2.02E-05,40,51,149,,,
1.86E-05,13,36,148,,,
1.83E-05,8,33,153,,,
2.16E-05,92,68,153,,,
1.95E-05,28,54,154,,,
1.84E-05,42,27,151,,,
1.88E-05,45,147,158,,,
2.47E-05,1,109,150,,,
1.93E-05,16,32,148,,,
1.95E-05,27,103,148,,,
2.01E-05,30,47,151,,,
2.12E-05,28,79,158,,,
1.86E-05,1,118,161,,,
1.79E-05,19,20,158,,,
1.86E-05,29,113,159,,,
1.94E-05,45,58,163,,,
2.17E-05,43,47,162,,,
0.0001491,45,48,147,,,
1.88E-05,20,24,155,,,
2.04E-05,93,59,153,,,
2.18E-05,5,6,139,,,
3.39E-05,20,88,140,,,
1.82E-05,29,95,124,,,
1.96E-05,38,24,133,,,
2.29E-05,13,45,137,,,
1.94E-05,94,28,140,,,
2.01E-05,91,97,133,,,
1.83E-05,3,90,126,,,
2.10E-05,95,26,125,,,
1.71E-05,34,0,127,,,
2.17E-05,4,63,125,,,
1.78E-05,95,20,120,,,
2.01E-05,2,90,125,,,
1.77E-05,7,2,128,,,
1.81E-05,13,25,120,,,
1.83E-05,92,20,123,,,
2.07E-05,24,49,123,,,
2.06E-05,42,53,120,,,
1.86E-05,30,114,119,,,
1.86E-05,32,33,112,,,
1.88E-05,1,60,108,,,
2.52E-05,16,65,92,,,
4.08E-05,13,16,89,,,
1.86E-05,16,54,82,,,
1.80E-05,44,77,81,,,
1.73E-05,39,74,85,,,
1.78E-05,26,4,88,,,
1.80E-05,25,11,91,,,
1.75E-05,1,11,84,,,
1.85E-05,91,55,85,,,
1.85E-05,11,25,83,,,
1.82E-05,11,31,89,,,
1.76E-05,42,84,96,,,
1.83E-05,91,53,93,,,
3.43E-05,29,31,91,,,
1.83E-05,14,43,86,,,
1.76E-05,5,79,82,,,
1.70E-05,20,0,80,,,
1.72E-05,19,74,81,,,
1.74E-05,42,63,81,,,
1.77E-05,94,21,86,,,
1.83E-05,11,30,88,,,
2.01E-05,24,63,87,,,
1.97E-05,15,45,88,,,
1.87E-05,23,49,88,,,
1.73E-05,15,102,111,,,
1.81E-05,3,67,112,,,
1.78E-05,18,17,112,,,
2.12E-05,40,90,113,,,
2.02E-05,18,72,115,,,
2.05E-05,15,115,117,,,
2.39E-05,42,106,119,,,
1.82E-05,30,26,104,,,
1.97E-05,27,55,102,,,
1.77E-05,11,84,108,,,
1.85E-05,34,75,110,,,
1.82E-05,20,26,105,,,
1.73E-05,40,96,103,,,
1.76E-05,94,12,101,,,
1.74E-05,33,13,102,,,
2.10E-05,4,47,94,,,
2.10E-05,91,58,93,,,
1.89E-05,8,73,93,,,
2.01E-05,18,40,92,,,
1.81E-05,24,30,99,,,
1.82E-05,34,64,99,,,
1.74E-05,23,9,92,,,
2.42E-05,3,33,90,,,
2.07E-05,27,44,89,,,
1.85E-05,42,78,91,,,
1.96E-05,33,26,98,,,
1.92E-05,27,58,96,,,
1.79E-05,41,10,94,,,
1.81E-05,24,76,96,,,
1.70E-05,22,2,96,,,
2.02E-05,30,24,100,,,
3.32E-05,36,80,109,,,
1.92E-05,94,41,112,,,
1.75E-05,6,92,113,,,
2.16E-05,4,1,113,,,
1.70E-05,9,2,119,,,
1.92E-05,31,52,111,,,
1.95E-05,93,56,123,,,
2.01E-05,45,96,120,,,
1.92E-05,40,49,119,,,
1.93E-05,20,83,120,,,
1.81E-05,33,21,116,,,
1.90E-05,30,8,109,,,
2.03E-05,28,68,108,,,
1.89E-05,11,37,115,,,
1.85E-05,14,110,136,,,
1.92E-05,11,41,123,,,
1.82E-05,30,5,120,,,
1.82E-05,93,100,117,,,
3.00E-05,18,56,121,,,
1.86E-05,95,67,118,,,
1.76E-05,5,101,120,,,
1.84E-05,11,38,129,,,
2.06E-05,16,49,131,,,
1.98E-05,30,60,123,,,
2.12E-05,21,77,126,,,
1.73E-05,44,116,124,,,
1.72E-05,10,6,127,,,
2.00E-05,41,85,141,,,
1.77E-05,3,116,130,,,
1.96E-05,18,61,134,,,
1.81E-05,32,7,132,,,
3.08E-05,13,72,131,,,
1.94E-05,91,65,118,,,
1.91E-05,10,42,114,,,
1.76E-05,5,99,112,,,
1.80E-05,2,92,114,,,
1.87E-05,18,48,109,,,
1.74E-05,3,2,105,,,
1.77E-05,26,12,93,,,
1.77E-05,92,69,92,,,
1.81E-05,22,13,91,,,
1.73E-05,93,82,96,,,
1.86E-05,18,52,95,,,
8.65E-05,9,31,89,,,
1.76E-05,8,62,81,,,
1.85E-05,15,32,73,,,
1.84E-05,12,34,76,,,
1.81E-05,5,30,78,,,
1.92E-05,11,39,74,,,
1.81E-05,9,49,74,,,
1.94E-05,92,33,72,,,
3.41E-05,22,15,71,,,
2.95E-05,12,70,77,,,
1.93E-05,14,45,59,,,
1.82E-05,11,52,58,,,
1.82E-05,26,28,58,,,
1.78E-05,26,36,57,,,
1.74E-05,21,56,63,,,
1.90E-05,95,44,61,,,
1.72E-05,33,4,67,,,
2.37E-05,39,40,58,,,
1.82E-05,37,43,62,,,
1.87E-05,3,25,61,,,
1.74E-05,37,50,61,,,
1.71E-05,13,2,60,,,
3.66E-05,39,7,65,,,
3.08E-05,10,31,65,,,
3.24E-05,9,8,67,,,
1.83E-05,16,31,70,,,
1.78E-05,2,50,72,,,
1.78E-05,39,4,70,,,
1.91E-05,25,48,78,,,
1.80E-05,25,25,80,,,
1.85E-05,25,8,73,,,
1.76E-05,10,57,73,,,
8.88E-05,39,48,67,,,
2.94E-05,35,30,77,,,
1.82E-05,29,0,76,,,
2.11E-05,33,64,73,,,
1.73E-05,1,9,78,,,
1.76E-05,26,52,77,,,
1.86E-05,1,31,76,,,
1.86E-05,3,49,71,,,
1.77E-05,15,61,88,,,
1.84E-05,3,54,88,,,
1.80E-05,7,73,93,,,
1.88E-05,94,55,92,,,
1.81E-05,92,26,94,,,
3.28E-05,45,7,95,,,
1.81E-05,13,0,99,,,
1.96E-05,3,42,100,,,
1.82E-05,16,6,101,,,
1.82E-05,6,7,101,,,
1.88E-05,32,37,100,,,
1.92E-05,11,56,104,,,
2.28E-05,40,57,125,,,
1.92E-05,45,62,125,,,
1.74E-05,33,8,125,,,
1.93E-05,40,62,125,,,
2.25E-05,23,80,126,,,
2.24E-05,3,94,135,,,
1.70E-05,42,3,134,,,
1.91E-05,22,56,131,,,
1.90E-05,93,111,135,,,
2.14E-05,4,48,134,,,
1.70E-05,16,132,138,,,
2.14E-05,10,71,138,,,
2.74E-05,25,99,134,,,
2.92E-05,19,44,133,,,
3.53E-05,95,84,138,,,
1.95E-05,36,72,145,,,
2.62E-05,94,107,146,,,
1.80E-05,25,1,157,,,
1.80E-05,93,16,157,,,
1.96E-05,33,109,155,,,
1.83E-05,41,114,152,,,
2.09E-05,41,11,157,,,
1.91E-05,7,100,155,,,
1.92E-05,7,38,155,,,
2.14E-05,36,146,150,,,
1.99E-05,95,84,146,,,
1.75E-05,13,131,145,,,
1.88E-05,34,5,149,,,
1.98E-05,15,70,148,,,
2.03E-05,42,74,152,,,
1.81E-05,3,123,156,,,
2.06E-05,93,115,148,,,
2.84E-05,4,134,146,,,
1.73E-05,8,0,160,,,
2.18E-05,5,109,155,,,
1.96E-05,91,111,156,,,
1.70E-05,40,148,153,,,
2.01E-05,6,6,159,,,
1.82E-05,91,137,173,,,
1.88E-05,91,142,177,,,
1.86E-05,14,38,168,,,
1.90E-05,25,45,166,,,
1.73E-05,44,12,170,,,
2.07E-05,42,74,171,,,
1.88E-05,91,106,163,,,
1.82E-05,13,124,160,,,
1.82E-05,91,30,159,,,
1.96E-05,35,61,171,,,
3.03E-05,18,20,173,,,
4.53E-05,11,74,171,,,
2.00E-05,4,41,167,,,
2.56E-05,2,60,170,,,
1.88E-05,13,138,169,,,
1.91E-05,43,28,171,,,
2.54E-05,31,95,172,,,
1.82E-05,5,146,172,,,
1.84E-05,25,124,169,,,
2.10E-05,42,79,163,,,
1.97E-05,32,128,164,,,
1.81E-05,95,9,164,,,
1.84E-05,23,26,166,,,
2.04E-05,40,79,168,,,
1.95E-05,15,93,168,,,
2.03E-05,16,81,172,,,
2.05E-05,18,100,180,,,
2.05E-05,13,153,175,,,
1.85E-05,13,8,162,,,
1.80E-05,12,157,162,,,
3.03E-05,19,107,152,,,
2.07E-05,95,89,158,,,
3.49E-05,5,145,161,,,
2.07E-05,26,74,162,,,
2.06E-05,13,66,162,,,
2.46E-05,40,87,167,,,
1.81E-05,14,150,173,,,
1.81E-05,17,139,173,,,
1.94E-05,3,134,178,,,
1.94E-05,11,39,181,,,
2.56E-05,95,50,183,,,
1.88E-05,14,39,195,,,
1.81E-05,18,27,191,,,
2.85E-05,44,128,190,,,
2.29E-05,38,1,187,,,
1.72E-05,8,182,193,,,
2.20E-05,28,89,195,,,
2.11E-05,44,96,194,,,
1.80E-05,12,21,196,,,
3.84E-05,20,64,202,,,
2.26E-05,8,96,203,,,
2.71E-05,28,57,202,,,
2.26E-05,43,49,198,,,
2.14E-05,27,125,200,,,
3.93E-05,95,156,198,,,
2.17E-05,35,78,179,,,
2.12E-05,32,70,183,,,
1.83E-05,4,18,176,,,
1.83E-05,6,30,183,,,
2.37E-05,21,170,184,,,
1.96E-05,3,96,183,,,
2.36E-05,38,96,183,,,
1.69E-05,8,1,185,,,
1.89E-05,3,163,187,,,
2.26E-05,2,80,188,,,
2.03E-05,94,71,170,,,
1.97E-05,38,84,161,,,
2.47E-05,14,128,147,,,
2.00E-05,24,67,145,,,
1.77E-05,92,15,137,,,
1.87E-05,25,4,135,,,
1.90E-05,94,98,132,,,
1.73E-05,24,7,138,,,
1.78E-05,18,24,140,,,
1.83E-05,24,84,126,,,
1.95E-05,40,66,119,,,
1.81E-05,93,86,120,,,
1.89E-05,15,45,123,,,
1.84E-05,38,39,121,,,
1.77E-05,43,15,122,,,
1.90E-05,33,47,123,,,
1.95E-05,22,59,123,,,
1.84E-05,12,87,122,,,
1.82E-05,3,1,122,,,
1.89E-05,6,42,117,,,
1.87E-05,91,94,122,,,
2.54E-05,93,7,124,,,
1.86E-05,36,104,124,,,
3.17E-05,40,59,125,,,
2.00E-05,35,47,94,,,
1.73E-05,36,8,87,,,
1.81E-05,27,93,98,,,
1.81E-05,9,86,97,,,
2.62E-05,95,71,110,,,
1.86E-05,94,26,117,,,
1.70E-05,33,114,117,,,
1.88E-05,36,64,120,,,
1.93E-05,38,55,123,,,
2.40E-05,31,13,121,,,
2.10E-05,23,72,120,,,
2.43E-05,30,28,117,,,
1.89E-05,20,46,98,,,
1.77E-05,41,85,103,,,
1.90E-05,44,57,103,,,
1.71E-05,24,3,99,,,
1.92E-05,13,49,104,,,
1.83E-05,16,62,101,,,
1.80E-05,32,78,102,,,
2.05E-05,4,47,105,,,
1.91E-05,16,72,105,,,
1.72E-05,12,100,105,,,
1.90E-05,6,81,125,,,
1.89E-05,10,86,122,,,
1.78E-05,38,20,127,,,
2.30E-05,41,121,130,,,
1.86E-05,4,80,119,,,
1.86E-05,24,41,119,,,
3.64E-05,30,104,111,,,
1.81E-05,42,90,102,,,
1.79E-05,25,16,106,,,
1.73E-05,26,90,98,,,
1.78E-05,17,69,94,,,
1.72E-05,5,89,97,,,
2.05E-05,34,40,98,,,
1.78E-05,10,72,99,,,
1.86E-05,6,13,97,,,
1.76E-05,23,84,103,,,
2.03E-05,23,21,105,,,
1.80E-05,28,92,109,,,
1.81E-05,35,88,117,,,
1.92E-05,14,51,110,,,
1.77E-05,33,18,111,,,
1.85E-05,14,70,121,,,
1.71E-05,30,109,116,,,
1.83E-05,36,12,112,,,
1.96E-05,13,42,105,,,
2.29E-05,16,34,106,,,
1.96E-05,6,47,120,,,
1.81E-05,35,14,121,,,
1.88E-05,21,33,131,,,
1.92E-05,10,90,131,,,
1.90E-05,2,32,135,,,
1.78E-05,15,105,134,,,
2.03E-05,25,49,134,,,
1.93E-05,20,74,142,,,
1.93E-05,3,104,128,,,
2.53E-05,38,3,125,,,
2.66E-05,20,109,123,,,
1.86E-05,38,113,123,,,
1.93E-05,8,24,128,,,
2.66E-05,22,97,128,,,
1.97E-05,14,34,124,,,
2.81E-05,11,9,113,,,
1.90E-05,18,13,119,,,
2.57E-05,4,89,118,,,
1.93E-05,25,19,117,,,
1.81E-05,37,111,123,,,
1.77E-05,26,1,123,,,
1.76E-05,17,13,118,,,
1.86E-05,30,107,119,,,
2.04E-05,10,79,124,,,
1.98E-05,25,20,125,,,
1.74E-05,15,107,123,,,
1.93E-05,42,78,121,,,
1.86E-05,5,78,121,,,
1.81E-05,8,83,116,,,
1.70E-05,2,4,126,,,
2.46E-05,13,69,128,,,
1.71E-05,26,128,135,,,
3.25E-05,16,124,126,,,
2.20E-05,44,116,129,,,
1.84E-05,30,10,135,,,
2.42E-05,92,37,132,,,
1.91E-05,34,37,138,,,
1.88E-05,35,41,142,,,
2.26E-05,31,64,143,,,
2.09E-05,23,146,148,,,
2.77E-05,18,105,145,,,
2.15E-05,8,47,139,,,
2.54E-05,40,122,132,,,
1.92E-05,29,105,130,,,
1.93E-05,25,21,132,,,
1.85E-05,27,120,130,,,
1.78E-05,95,113,129,,,
2.43E-05,45,57,135,,,
1.85E-05,25,83,128,,,
1.90E-05,10,111,115,,,
1.93E-05,44,32,111,,,
1.73E-05,30,9,99,,,
1.89E-05,40,25,92,,,
1.83E-05,3,72,87,,,
2.40E-05,25,49,87,,,
2.03E-05,45,41,84,,,
1.85E-05,45,22,79,,,
1.78E-05,43,16,83,,,
1.79E-05,45,51,80,,,
1.71E-05,12,76,82,,,
1.82E-05,22,71,77,,,
1.95E-05,10,29,77,,,
1.96E-05,41,43,77,,,
1.70E-05,10,9,81,,,
2.00E-05,4,55,84,,,
2.65E-05,35,25,82,,,
1.77E-05,7,79,86,,,
1.83E-05,45,53,82,,,
1.80E-05,26,56,90,,,
2.07E-05,93,48,95,,,
1.88E-05,16,79,96,,,
1.85E-05,94,38,100,,,
1.71E-05,33,103,105,,,
1.72E-05,94,80,90,,,
1.87E-05,11,19,99,,,
1.78E-05,18,18,98,,,
1.98E-05,26,55,97,,,
1.80E-05,20,73,92,,,
1.93E-05,20,73,95,,,
1.85E-05,7,79,91,,,
1.80E-05,25,3,89,,,
1.86E-05,20,86,91,,,
1.94E-05,42,66,91,,,
3.00E-05,91,52,78,,,
1.89E-05,21,46,75,,,
1.84E-05,41,43,78,,,
1.81E-05,45,21,82,,,
1.72E-05,13,87,96,,,
1.79E-05,11,21,93,,,
1.93E-05,39,40,85,,,
1.80E-05,92,25,95,,,
1.85E-05,94,34,95,,,
1.97E-05,94,73,85,,,
1.76E-05,92,17,78,,,
2.03E-05,45,28,76,,,
1.69E-05,36,76,81,,,
1.70E-05,21,1,93,,,
1.82E-05,34,50,92,,,
2.85E-05,45,15,97,,,
2.31E-05,94,75,99,,,
1.82E-05,40,26,97,,,
1.77E-05,25,74,86,,,
1.81E-05,45,22,84,,,
2.28E-05,16,15,86,,,
2.01E-05,43,41,86,,,
1.72E-05,45,76,86,,,
2.05E-05,36,40,81,,,
1.81E-05,7,71,93,,,
1.73E-05,36,11,90,,,
2.18E-05,4,33,86,,,
1.76E-05,45,79,92,,,
1.86E-05,43,35,84,,,
1.86E-05,8,30,84,,,
1.81E-05,42,28,83,,,
1.82E-05,32,42,82,,,
1.82E-05,3,0,86,,,
1.85E-05,26,56,89,,,
1.83E-05,26,36,91,,,
3.19E-05,18,53,88,,,
1.82E-05,4,84,89,,,
1.88E-05,17,51,94,,,
1.75E-05,22,9,94,,,
1.76E-05,13,12,90,,,
1.88E-05,42,51,94,,,
1.75E-05,3,15,94,,,
1.93E-05,26,75,111,,,
2.22E-05,12,46,109,,,
2.47E-05,14,56,105,,,
1.74E-05,9,88,95,,,
1.73E-05,25,87,97,,,
1.78E-05,38,20,96,,,
1.95E-05,38,91,107,,,
1.80E-05,39,102,106,,,
2.48E-05,45,45,112,,,
1.79E-05,24,20,113,,,
1.86E-05,1,27,114,,,
1.69E-05,28,0,115,,,
1.90E-05,34,61,117,,,
1.74E-05,3,109,124,,,
2.52E-05,18,0,119,,,
1.91E-05,24,44,115,,,
1.82E-05,12,91,114,,,
2.66E-05,26,75,128,,,
1.77E-05,28,19,133,,,
2.20E-05,37,128,138,,,
2.05E-05,16,56,137,,,
1.85E-05,35,37,138,,,
3.20E-05,18,85,134,,,
2.13E-05,26,77,129,,,
1.93E-05,19,80,131,,,
1.92E-05,11,50,128,,,
1.91E-05,93,65,128,,,
2.42E-05,12,106,129,,,
1.77E-05,23,22,130,,,
1.73E-05,35,4,138,,,
1.73E-05,20,126,137,,,
1.86E-05,10,84,133,,,
2.05E-05,14,51,137,,,
1.74E-05,35,9,137,,,
1.77E-05,14,18,137,,,
1.93E-05,24,45,140,,,
1.91E-05,40,81,141,,,
1.78E-05,7,20,136,,,
1.76E-05,34,124,134,,,
1.96E-05,23,61,156,,,
1.97E-05,19,114,168,,,
1.97E-05,34,35,165,,,
2.34E-05,42,101,156,,,
1.88E-05,8,92,148,,,
1.90E-05,18,124,143,,,
1.99E-05,27,63,142,,,
1.73E-05,15,131,136,,,
2.70E-05,7,12,144,,,
1.91E-05,94,104,146,,,
2.60E-05,39,50,144,,,
2.59E-05,35,130,144,,,
1.94E-05,29,43,147,,,
1.84E-05,95,108,146,,,
1.85E-05,32,129,148,,,
1.92E-05,95,106,139,,,
1.93E-05,36,98,139,,,
1.79E-05,1,11,146,,,
2.32E-05,91,113,149,,,
2.33E-05,33,79,144,,,
1.81E-05,3,27,139,,,
1.85E-05,1,109,143,,,
1.95E-05,11,43,146,,,
1.78E-05,18,16,148,,,
1.96E-05,34,64,150,,,
1.90E-05,19,94,159,,,
2.94E-05,10,129,156,,,
1.82E-05,29,146,154,,,
1.93E-05,33,20,156,,,
4.30E-05,18,51,146,,,
1.77E-05,34,135,148,,,
1.82E-05,16,29,139,,,
1.76E-05,18,124,141,,,
1.77E-05,91,17,137,,,
2.10E-05,18,50,135,,,
3.44E-05,28,18,124,,,
1.72E-05,36,118,120,,,
1.90E-05,11,48,122,,,
1.81E-05,28,86,120,,,
1.74E-05,13,131,143,,,
2.60E-05,22,34,145,,,
2.01E-05,93,70,139,,,
2.62E-05,31,0,140,,,
1.96E-05,1,64,133,,,
2.04E-05,38,90,133,,,
1.89E-05,3,38,134,,,
1.87E-05,18,108,140,,,
1.91E-05,34,50,142,,,
2.55E-05,16,91,145,,,
2.17E-05,45,57,142,,,
1.86E-05,32,126,141,,,
1.85E-05,3,33,132,,,
2.13E-05,8,70,132,,,
1.72E-05,13,122,132,,,
2.01E-05,24,86,137,,,
1.93E-05,93,57,137,,,
1.83E-05,15,32,136,,,
1.93E-05,9,112,138,,,
1.74E-05,5,131,137,,,
1.85E-05,17,128,140,,,
2.26E-05,26,74,140,,,
2.63E-05,92,113,141,,,
2.09E-05,93,68,139,,,
1.76E-05,92,14,140,,,
1.74E-05,5,131,138,,,
1.88E-05,28,45,137,,,
1.96E-05,9,51,139,,,
1.92E-05,31,69,133,,,
1.98E-05,3,46,140,,,
1.84E-05,1,24,136,,,
1.75E-05,13,114,133,,,
1.79E-05,43,100,127,,,
1.84E-05,17,84,119,,,
2.09E-05,12,47,112,,,
1.89E-05,9,48,125,,,
1.72E-05,14,6,117,,,
1.84E-05,33,2,117,,,
1.77E-05,20,108,119,,,
1.88E-05,24,64,121,,,
1.70E-05,35,0,120,,,
1.87E-05,1,41,118,,,
1.87E-05,95,71,114,,,
1.82E-05,5,74,109,,,
2.06E-05,31,46,103,,,
1.83E-05,41,5,104,,,
2.87E-05,2,56,107,,,
1.78E-05,42,80,104,,,
1.76E-05,95,9,98,,,
1.78E-05,44,5,101,,,
1.80E-05,28,21,109,,,
1.73E-05,31,101,111,,,
1.83E-05,31,72,104,,,
1.84E-05,20,70,107,,,
1.72E-05,37,4,120,,,
1.82E-05,43,88,122,,,
1.88E-05,31,31,124,,,
2.40E-05,22,48,133,,,
1.86E-05,15,104,137,,,
1.75E-05,19,12,137,,,
2.02E-05,37,67,138,,,
1.79E-05,25,22,134,,,
1.87E-05,35,24,133,,,
1.92E-05,21,58,139,,,
1.97E-05,35,19,147,,,
2.04E-05,10,49,141,,,
1.83E-05,11,24,141,,,
1.74E-05,14,133,142,,,
2.08E-05,95,71,138,,,
1.85E-05,8,31,137,,,
1.83E-05,26,99,123,,,
1.88E-05,8,22,118,,,
1.78E-05,33,75,97,,,
2.63E-05,17,84,99,,,
1.99E-05,28,30,98,,,
2.08E-05,95,50,102,,,
1.85E-05,40,66,114,,,
1.88E-05,24,12,118,,,
2.05E-05,3,71,93,,,
1.91E-05,10,56,91,,,
1.77E-05,15,84,92,,,
1.96E-05,32,48,87,,,
1.82E-05,1,22,86,,,
1.82E-05,34,41,82,,,
1.79E-05,32,38,69,,,
1.76E-05,40,49,67,,,
1.82E-05,11,8,76,,,
1.87E-05,41,5,92,,,
1.83E-05,37,29,88,,,
1.80E-05,14,16,84,,,
1.72E-05,42,5,66,,,
1.81E-05,37,17,64,,,
1.72E-05,91,73,85,,,
1.74E-05,38,12,73,,,
1.81E-05,31,37,72,,,
1.81E-05,17,24,67,,,
1.75E-05,17,12,72,,,
1.82E-05,10,40,74,,,
1.78E-05,28,38,63,,,
1.74E-05,4,13,63,,,
1.77E-05,3,45,70,,,
1.79E-05,44,32,62,,,
1.74E-05,26,9,61,,,
1.71E-05,3,57,61,,,
1.78E-05,2,17,58,,,
1.87E-05,17,4,70,,,
3.71E-05,18,39,71,,,
1.72E-05,22,6,75,,,
1.81E-05,11,30,77,,,
1.84E-05,21,44,78,,,
1.91E-05,28,27,75,,,
1.84E-05,41,72,77,,,
2.19E-05,29,7,78,,,
1.82E-05,45,27,69,,,
1.78E-05,16,54,75,,,
2.01E-05,32,21,77,,,
2.21E-05,43,69,76,,,
2.19E-05,11,4,78,,,
1.84E-05,42,67,76,,,
1.78E-05,93,16,83,,,
1.72E-05,45,77,81,,,
2.00E-05,43,28,80,,,
1.80E-05,35,21,83,,,
1.78E-05,12,24,83,,,
1.81E-05,16,50,83,,,
1.81E-05,41,50,80,,,
1.74E-05,37,13,83,,,
2.99E-05,9,73,88,,,
1.94E-05,45,72,87,,,
2.30E-05,3,71,86,,,
2.22E-05,14,81,86,,,
1.87E-05,93,25,87,,,
2.01E-05,32,20,81,,,
1.78E-05,43,15,83,,,
1.74E-05,5,10,85,,,
1.78E-05,9,22,91,,,
1.81E-05,12,62,91,,,
1.81E-05,14,54,91,,,
1.92E-05,16,36,102,,,
1.89E-05,45,77,100,,,
1.80E-05,6,20,100,,,
1.84E-05,1,36,103,,,
2.00E-05,26,16,108,,,
1.80E-05,23,84,104,,,
1.79E-05,37,79,106,,,
1.74E-05,91,117,123,,,
2.04E-05,1,99,129,,,
2.59E-05,15,57,130,,,
3.05E-05,25,112,131,,,
2.22E-05,4,72,142,,,
2.12E-05,12,120,140,,,
2.00E-05,13,26,136,,,
2.95E-05,39,57,133,,,
2.73E-05,13,20,123,,,
2.66E-05,20,48,123,,,
2.67E-05,16,71,121,,,
9.68E-05,95,32,114,,,
1.90E-05,29,47,124,,,
1.97E-05,14,88,136,,,
2.47E-05,23,65,154,,,
2.25E-05,21,90,164,,,
2.74E-05,36,74,164,,,
2.31E-05,4,100,164,,,
2.29E-05,29,6,164,,,
2.04E-05,1,160,164,,,
2.36E-05,7,79,164,,,
2.66E-05,4,100,164,,,
2.68E-05,42,85,164,,,
2.44E-05,15,49,164,,,
2.17E-05,37,123,164,,,
2.06E-05,9,118,164,,,
1.79E-05,93,145,164,,,
1.88E-05,18,41,164,,,
3.72E-05,16,89,164,,,
2.73E-05,34,132,164,,,
3.10E-05,29,62,164,,,
2.84E-05,17,95,164,,,
1.89E-05,93,119,164,,,
2.20E-05,4,162,164,,,
2.65E-05,1,65,164,,,
1.98E-05,28,60,164,,,
2.41E-05,94,102,164,,,
2.34E-05,36,75,164,,,
2.34E-05,19,121,164,,,
1.70E-05,3,0,164,,,
2.21E-05,30,71,164,,,
2.22E-05,45,55,164,,,
2.24E-05,15,133,164,,,
2.72E-05,95,53,164,,,
2.36E-05,25,22,164,,,
2.09E-05,20,136,164,,,
2.22E-05,2,99,164,,,
2.22E-05,35,10,164,,,
2.31E-05,15,134,164,,,
2.20E-05,1,65,164,,,
9.67E-05,44,33,164,,,
2.79E-05,22,21,164,,,
1.96E-05,1,57,164,,,
2.05E-05,29,62,164,,,
2.05E-05,30,71,164,,,
1.92E-05,13,131,164,,,
2.33E-05,1,25,164,,,
3.05E-05,93,94,164,,,
2.68E-05,94,22,164,,,
8.44E-05,93,1,164,,,
3.69E-05,1,57,164,,,
2.89E-05,95,84,164,,,
1.83E-05,95,144,164,,,
2.29E-05,15,134,164,,,
3.09E-05,94,102,164,,,
1.78E-05,29,150,164,,,
