cas operacie,vlozene cislo,index prvku,dlzka zoznamu,
1e-07,0,0,1,
1e-07,0,0,1,
1e-07,0,0,2,
1e-07,2,2,4,
1e-07,3,3,5,
1e-07,0,0,1,
1e-07,0,0,2,
1e-07,0,0,1,
2e-07,1,1,2,
2e-07,0,0,1,
2e-07,2,2,3,
1e-07,2,2,3,
1e-07,1,1,3,
1e-07,0,0,4,
2e-07,3,3,4,
1e-07,0,0,4,
1e-07,1,1,7,
2e-07,1,1,5,
1e-07,0,0,6,
1e-07,2,2,6,
1e-07,0,0,1,
2e-07,5,5,8,
1e-07,6,6,12,
1e-07,4,4,20,
2e-07,16,16,20,
1e-07,0,0,18,
1e-07,5,5,9,
1e-07,3,3,10,
1e-07,0,0,10,
2e-07,2,2,13,
2e-07,3,3,16,
2e-07,10,10,13,
2e-07,5,5,11,
2e-07,8,8,11,
1e-07,3,3,4,
2e-07,13,13,24,
1e-07,1,1,17,
1e-07,9,9,15,
2e-07,9,9,14,
3e-07,14,14,16,
2e-07,12,12,15,
2e-07,11,11,13,
2e-07,6,6,22,
2e-07,13,13,25,
3e-07,19,19,26,
3e-07,29,29,38,
3e-07,28,28,33,
1e-07,1,1,33,
3e-07,26,26,31,
3e-07,25,25,30,
3e-07,23,23,28,
3e-07,27,27,28,
2e-07,11,11,23,
3e-07,15,15,21,
2e-07,11,11,20,
1e-07,2,2,20,
2e-07,1,1,18,
2e-07,17,17,18,
1e-07,6,6,18,
1e-07,4,4,26,
1e-07,1,1,27,
2e-07,0,0,26,
2e-07,6,6,28,
2e-07,9,9,28,
1e-07,1,1,25,
2e-07,8,8,22,
2e-07,7,7,27,
2e-07,22,22,27,
2e-07,7,7,32,
1e-07,0,0,34,
3e-07,15,15,39,
1e-07,1,1,35,
1e-07,0,0,33,
3e-07,20,20,31,
2e-07,23,23,32,
2e-07,6,6,35,
2e-07,6,6,37,
3e-07,25,25,31,
3e-07,27,27,28,
4e-07,27,27,28,
2e-07,17,17,28,
2e-07,14,14,22,
1e-07,0,0,21,
2e-07,9,9,20,
2e-07,2,2,11,
2e-07,11,11,12,
2e-07,4,4,15,
2e-07,20,20,21,
3e-07,8,8,21,
3e-07,13,13,14,
2e-07,5,5,9,
1e-07,1,1,3,
1e-07,0,0,1,
1e-07,0,0,1,
2e-07,1,1,3,
1e-07,1,1,3,
1e-07,0,0,1,
1e-07,0,0,4,
2e-07,3,3,4,
1e-07,2,2,3,
1e-07,0,0,6,
3e-07,0,0,5,
1e-07,0,0,2,
1e-07,2,2,3,
2e-07,4,4,5,
3e-07,9,9,12,
2e-07,6,6,12,
2e-07,9,9,16,
2e-07,9,9,17,
2e-07,10,10,18,
3e-07,5,5,16,
2e-07,9,9,16,
2e-07,6,6,19,
2e-07,4,4,19,
4e-07,14,14,20,
2e-07,0,0,16,
3e-07,14,14,17,
2e-07,0,0,8,
1e-07,4,4,21,
2e-07,7,7,19,
1e-07,3,3,13,
3e-07,20,20,21,
2e-07,7,7,20,
2e-07,6,6,23,
4e-07,10,10,26,
3e-07,18,18,29,
3e-07,25,25,26,
2e-07,1,1,26,
2e-07,3,3,31,
3e-07,23,23,24,
2e-07,15,15,19,
3e-07,11,11,16,
2e-07,3,3,15,
3e-07,11,11,27,
1e-07,0,0,27,
2e-07,2,2,22,
2e-07,6,6,12,
4e-07,6,6,12,
2e-07,9,9,13,
3e-07,3,3,12,
2e-07,1,1,11,
2e-07,2,2,8,
2e-07,10,10,14,
2e-07,11,11,17,
2e-07,7,7,16,
2e-07,8,8,18,
1e-07,1,1,22,
2e-07,16,16,22,
1e-07,2,2,21,
1e-07,9,9,21,
3e-07,17,17,21,
1e-07,6,6,22,
2e-07,17,17,23,
2e-07,15,15,26,
4e-07,35,35,42,
2e-07,16,16,42,
2e-07,0,0,43,
2e-07,8,8,36,
1e-07,2,2,44,
3e-07,17,17,36,
1e-07,1,1,35,
3e-07,16,16,38,
2e-07,14,14,31,
2e-07,11,11,32,
1e-07,0,0,37,
3e-07,20,20,37,
2e-07,4,4,46,
4e-07,30,30,48,
1e-07,1,1,49,
3e-07,23,23,46,
2e-07,11,11,46,
2e-07,0,0,46,
2e-07,0,0,40,
3e-07,18,18,37,
1e-07,6,6,37,
3e-07,16,16,36,
3e-07,19,19,37,
3e-07,30,30,39,
1e-07,6,6,36,
2e-07,10,10,36,
3e-07,30,30,36,
4e-07,33,33,36,
2e-07,18,18,40,
3e-07,28,28,43,
3e-07,20,20,46,
2e-07,17,17,40,
4e-07,41,41,42,
3e-07,35,35,41,
2e-07,15,15,37,
2e-07,14,14,39,
1e-07,1,1,37,
3e-07,18,18,37,
4e-07,36,36,44,
2e-07,14,14,41,
3e-07,32,32,39,
2e-07,11,11,40,
1e-07,2,2,37,
3e-07,4,4,45,
2e-07,3,3,51,
2e-07,10,10,47,
3e-07,27,27,50,
2e-07,23,23,42,
2e-07,10,10,53,
2e-07,15,15,53,
4e-07,32,32,54,
4e-07,34,34,52,
1e-07,6,6,53,
4e-07,30,30,52,
2e-07,13,13,53,
2e-07,16,16,54,
4e-07,43,43,65,
1e-07,1,1,64,
2e-07,7,7,63,
2e-07,1,1,59,
2e-07,2,2,58,
2e-07,12,12,52,
2e-07,17,17,59,
2e-07,9,9,60,
2e-07,17,17,60,
2e-07,10,10,54,
2e-07,16,16,52,
2e-07,12,12,54,
1e-07,2,2,49,
4e-07,37,37,51,
3e-07,28,28,53,
1e-07,1,1,51,
1e-07,5,5,52,
2e-07,14,14,56,
2e-07,19,19,49,
1e-07,2,2,41,
3e-07,24,24,37,
3e-07,26,26,39,
1e-07,2,2,37,
1e-07,2,2,33,
3e-07,27,27,30,
2e-07,8,8,24,
2e-07,21,21,25,
2e-07,7,7,30,
2e-07,16,16,30,
2e-07,4,4,30,
3e-07,14,14,31,
1e-07,2,2,36,
2e-07,4,4,50,
2e-07,12,12,49,
3e-07,25,25,46,
2e-07,14,14,45,
1e-07,5,5,41,
2e-07,10,10,36,
2e-07,8,8,32,
3e-07,21,21,23,
2e-07,6,6,22,
1e-07,4,4,27,
2e-07,18,18,37,
2e-07,13,13,34,
3e-07,30,30,31,
3e-07,13,13,32,
2e-07,11,11,34,
2e-07,7,7,34,
2e-07,9,9,30,
2e-07,16,16,30,
2e-07,13,13,32,
1e-07,0,0,32,
2e-07,13,13,29,
1e-07,7,7,30,
3e-07,14,14,24,
2e-07,2,2,23,
2e-07,2,2,20,
2e-07,4,4,18,
2e-07,8,8,17,
2e-07,3,3,16,
2e-07,5,5,19,
2e-07,5,5,17,
2e-07,5,5,18,
2e-07,5,5,16,
3e-07,13,13,16,
2e-07,7,7,21,
2e-07,11,11,21,
3e-07,25,25,28,
2e-07,17,17,27,
1e-07,5,5,26,
3e-07,23,23,26,
2e-07,11,11,25,
2e-07,3,3,24,
2e-07,17,17,21,
1e-07,2,2,21,
1e-07,2,2,20,
3e-07,14,14,21,
2e-07,9,9,20,
1e-07,4,4,21,
1e-07,3,3,24,
1e-07,6,6,25,
2e-07,6,6,24,
2e-07,4,4,17,
2e-07,4,4,13,
2e-07,7,7,11,
2e-07,8,8,10,
1e-07,5,5,18,
3e-07,11,11,18,
1e-07,4,4,11,
2e-07,0,0,1,
2e-07,3,3,4,
2e-07,3,3,6,
1e-07,0,0,1,
1e-07,0,0,4,
2e-07,6,6,8,
1e-07,6,6,8,
2e-07,9,9,11,
1e-07,2,2,8,
1e-07,1,1,5,
1e-07,2,2,7,
1e-07,2,2,6,
1e-07,1,1,2,
2e-07,2,2,5,
1e-07,4,4,6,
2e-07,8,8,10,
1e-07,5,5,10,
2e-07,16,16,21,
2e-07,13,13,18,
2e-07,20,20,21,
1e-07,1,1,20,
1e-07,0,0,25,
3e-07,24,24,37,
3e-07,17,17,30,
2e-07,8,8,27,
2e-07,13,13,23,
3e-07,20,20,21,
1e-07,12,12,23,
3e-07,17,17,24,
1e-07,0,0,20,
2e-07,9,9,21,
2e-07,10,10,19,
2e-07,11,11,23,
1e-07,1,1,22,
2e-07,9,9,21,
2e-07,6,6,20,
1e-07,4,4,27,
1e-07,1,1,27,
2e-07,3,3,27,
2e-07,13,13,28,
2e-07,9,9,30,
2e-07,16,16,28,
2e-07,6,6,28,
2e-07,16,16,29,
2e-07,6,6,36,
1e-07,1,1,35,
2e-07,18,18,33,
3e-07,27,27,34,
2e-07,14,14,42,
3e-07,22,22,46,
1e-07,4,4,40,
2e-07,8,8,34,
2e-07,13,13,34,
1e-07,1,1,28,
3e-07,22,22,27,
2e-07,9,9,29,
1e-07,1,1,30,
2e-07,15,15,31,
2e-07,12,12,33,
3e-07,19,19,37,
3e-07,28,28,34,
1e-07,8,8,35,
2e-07,11,11,34,
3e-07,20,20,34,
2e-07,18,18,33,
3e-07,29,29,31,
2e-07,11,11,31,
2e-07,7,7,25,
1e-07,5,5,23,
2e-07,4,4,26,
3e-07,19,19,22,
2e-07,8,8,20,
3e-07,17,17,20,
1e-07,1,1,18,
1e-07,2,2,18,
1e-07,8,8,20,
2e-07,1,1,11,
1e-07,0,0,14,
2e-07,11,11,27,
3e-07,29,29,31,
1e-07,5,5,25,
2e-07,9,9,25,
1e-07,0,0,26,
2e-07,16,16,26,
2e-07,2,2,24,
1e-07,2,2,22,
2e-07,9,9,21,
3e-07,14,14,16,
2e-07,3,3,16,
3e-07,11,11,17,
2e-07,8,8,17,
1e-07,7,7,12,
1e-07,3,3,9,
1e-07,3,3,7,
1e-07,2,2,4,
2e-07,0,0,8,
1e-07,3,3,11,
2e-07,4,4,5,
2e-07,4,4,5,
2e-07,3,3,9,
3e-07,5,5,11,
1e-07,0,0,6,
1e-07,0,0,6,
1e-07,0,0,4,
2e-07,2,2,8,
2e-07,6,6,9,
2e-07,2,2,10,
2e-07,10,10,12,
3e-07,12,12,15,
2e-07,9,9,10,
1e-07,3,3,8,
2e-07,6,6,11,
2e-07,2,2,11,
2e-07,3,3,13,
1e-07,0,0,13,
1e-07,2,2,10,
2e-07,7,7,11,
2e-07,5,5,10,
3e-07,3,3,9,
1e-07,3,3,9,
2e-07,12,12,16,
2e-07,4,4,19,
2e-07,6,6,17,
1e-07,8,8,19,
2e-07,11,11,19,
2e-07,5,5,22,
2e-07,18,18,21,
1e-07,2,2,17,
2e-07,13,13,16,
2e-07,12,12,16,
2e-07,2,2,18,
2e-07,10,10,19,
1e-07,1,1,13,
1e-07,0,0,9,
1e-07,0,0,8,
1e-07,2,2,7,
1e-07,4,4,6,
2e-07,2,2,5,
2e-07,3,3,4,
2e-07,1,1,5,
1e-07,3,3,8,
2e-07,7,7,9,
1e-07,5,5,6,
1e-07,0,0,10,
1e-07,2,2,10,
1e-07,3,3,5,
1e-07,1,1,5,
1e-07,0,0,2,
1e-07,0,0,1,
1e-07,0,0,6,
2e-07,2,2,6,
2e-07,3,3,4,
1e-07,0,0,8,
1e-07,1,1,4,
2e-07,0,0,1,
1e-07,0,0,2,
2e-07,1,1,9,
2e-07,7,7,10,
1e-07,6,6,10,
2e-07,0,0,6,
1e-07,0,0,8,
2e-07,7,7,8,
1e-07,0,0,10,
3e-07,10,10,11,
1e-07,0,0,8,
3e-07,10,10,19,
3e-07,17,17,22,
1e-07,1,1,18,
2e-07,4,4,25,
3e-07,16,16,36,
3e-07,24,24,36,
2e-07,5,5,35,
2e-07,1,1,37,
4e-07,28,28,36,
3e-07,22,22,35,
2e-07,3,3,23,
1e-07,0,0,22,
2e-07,6,6,15,
3e-07,18,18,22,
2e-07,17,17,21,
2e-07,16,16,23,
2e-07,5,5,22,
3e-07,26,26,27,
1e-07,8,8,32,
2e-07,1,1,32,
3e-07,21,21,32,
2e-07,15,15,32,
4e-07,33,33,36,
4e-07,34,34,38,
2e-07,2,2,37,
1e-07,2,2,40,
2e-07,7,7,39,
2e-07,0,0,32,
1e-07,4,4,30,
2e-07,10,10,28,
2e-07,9,9,28,
3e-07,26,26,28,
3e-07,25,25,27,
2e-07,7,7,26,
2e-07,12,12,14,
2e-07,9,9,16,
2e-07,10,10,15,
2e-07,8,8,16,
1e-07,0,0,9,
2e-07,4,4,9,
1e-07,8,8,10,
1e-07,0,0,13,
2e-07,7,7,13,
1e-07,9,9,12,
2e-07,5,5,15,
2e-07,18,18,19,
2e-07,5,5,16,
3e-07,16,16,17,
1e-07,1,1,6,
1e-07,3,3,9,
1e-07,3,3,6,
1e-07,5,5,11,
1e-07,7,7,11,
2e-07,7,7,10,
1e-07,5,5,8,
2e-07,7,7,8,
2e-07,6,6,8,
1e-07,5,5,6,
1e-07,0,0,6,
2e-07,1,1,3,
2e-07,5,5,7,
2e-07,6,6,8,
1e-07,3,3,12,
2e-07,0,0,13,
1e-07,1,1,11,
1e-07,4,4,8,
1e-07,0,0,12,
2e-07,6,6,10,
1e-07,4,4,10,
1e-07,0,0,10,
1e-07,7,7,13,
2e-07,9,9,11,
2e-07,1,1,5,
2e-07,10,10,12,
2e-07,6,6,19,
2e-07,7,7,14,
1e-07,7,7,14,
1e-07,0,0,14,
1e-07,5,5,9,
2e-07,3,3,9,
2e-07,10,10,19,
2e-07,6,6,30,
1e-07,3,3,26,
2e-07,9,9,25,
3e-07,23,23,30,
3e-07,21,21,30,
3e-07,11,11,29,
3e-07,12,12,26,
3e-07,14,14,26,
2e-07,12,12,30,
2e-07,18,18,28,
2e-07,20,20,28,
2e-07,19,19,28,
2e-07,18,18,29,
2e-07,11,11,29,
2e-07,14,14,28,
2e-07,11,11,26,
2e-07,10,10,23,
2e-07,9,9,19,
2e-07,12,12,13,
1e-07,6,6,13,
1e-07,0,0,15,
1e-07,1,1,20,
2e-07,5,5,21,
3e-07,24,24,26,
3e-07,25,25,27,
2e-07,2,2,28,
3e-07,20,20,30,
3e-07,18,18,22,
1e-07,2,2,23,
1e-07,3,3,28,
5e-07,15,15,25,
2e-07,5,5,22,
1e-07,0,0,23,
3e-07,11,11,16,
3e-07,8,8,13,
3e-07,15,15,28,
1e-07,0,0,29,
3e-07,10,10,29,
3e-07,18,18,27,
2e-07,17,17,28,
2e-07,3,3,26,
3e-07,15,15,29,
2e-07,10,10,31,
2e-07,4,4,31,
2e-07,5,5,32,
2e-07,14,14,21,
2e-07,4,4,20,
1e-07,3,3,24,
1e-07,7,7,18,
2e-07,5,5,15,
1e-07,0,0,10,
2e-07,2,2,12,
1e-07,0,0,1,
2e-07,2,2,3,
1e-07,0,0,1,
2e-07,1,1,3,
1e-07,2,2,3,
2e-07,3,3,5,
1e-07,0,0,5,
1e-07,0,0,1,
2e-07,3,3,4,
2e-07,10,10,11,
1e-07,7,7,13,
1e-07,0,0,13,
3e-07,16,16,17,
2e-07,10,10,18,
2e-07,9,9,16,
2e-07,3,3,17,
1e-07,8,8,14,
1e-07,0,0,16,
2e-07,8,8,16,
2e-07,12,12,18,
3e-07,19,19,24,
2e-07,18,18,25,
3e-07,17,17,22,
1e-07,0,0,26,
3e-07,24,24,29,
2e-07,11,11,29,
6e-07,2,2,30,
2e-07,9,9,50,
3e-07,25,25,47,
4e-07,38,38,47,
4e-07,26,26,42,
2e-07,11,11,41,
2e-07,5,5,39,
2e-07,9,9,39,
2e-07,14,14,39,
2e-07,5,5,39,
2e-07,9,9,44,
3e-07,36,36,49,
1e-07,4,4,47,
2e-07,2,2,36,
4e-07,38,38,59,
2e-07,3,3,59,
3e-07,22,22,63,
2e-07,17,17,62,
2e-07,12,12,68,
2e-07,15,15,70,
2e-07,11,11,70,
3e-07,20,20,75,
2e-07,8,8,63,
2e-07,15,15,63,
1e-07,2,2,73,
2e-07,4,4,74,
2e-07,15,15,81,
5e-07,49,49,77,
1e-07,3,3,81,
5e-07,42,42,70,
6e-07,63,63,70,
5e-07,10,10,72,
4e-07,25,25,68,
6e-07,64,64,71,
1e-07,1,1,67,
3e-07,27,27,65,
3e-07,20,20,63,
6e-07,59,59,71,
1e-07,7,7,71,
2e-07,11,11,65,
2e-07,7,7,60,
4e-07,28,28,50,
2e-07,15,15,49,
6.6e-06,28,28,46,
1e-07,1,1,49,
2e-07,11,11,49,
4e-07,34,34,53,
2e-07,3,3,53,
2e-07,8,8,45,
2e-07,5,5,48,
1e-07,5,5,47,
2e-07,13,13,46,
1e-07,9,9,43,
1e-07,0,0,49,
3e-07,24,24,42,
2e-07,5,5,43,
4e-07,33,33,40,
2e-07,11,11,45,
2e-07,0,0,44,
2e-07,2,2,45,
3e-07,26,26,45,
1e-07,3,3,43,
4e-07,33,33,48,
2e-07,14,14,44,
2e-07,5,5,47,
2e-07,14,14,46,
3e-07,17,17,48,
2e-07,1,1,48,
3e-07,23,23,45,
2e-07,13,13,45,
4e-07,33,33,50,
4e-07,40,40,48,
2e-07,5,5,47,
2e-07,18,18,40,
2e-07,8,8,37,
2e-07,6,6,35,
2e-07,14,14,34,
1e-07,0,0,33,
4e-07,33,33,35,
1e-07,0,0,36,
2e-07,13,13,42,
1e-07,6,6,48,
2e-07,2,2,39,
1e-07,0,0,38,
2e-07,5,5,41,
2e-07,8,8,44,
3e-07,19,19,46,
2e-07,2,2,42,
3e-07,17,17,41,
2e-07,5,5,38,
1e-07,3,3,40,
3e-07,18,18,36,
1e-07,8,8,35,
2e-07,5,5,41,
1e-07,2,2,35,
1e-07,1,1,36,
1e-07,2,2,35,
1e-07,5,5,34,
4e-07,27,27,28,
2e-07,6,6,34,
2e-07,8,8,33,
2e-07,4,4,26,
1e-07,7,7,26,
2e-07,3,3,25,
1e-07,5,5,23,
2e-07,4,4,17,
2e-07,5,5,16,
2e-07,18,18,24,
1e-07,2,2,25,
1e-07,2,2,22,
2e-07,6,6,22,
1e-07,1,1,20,
2e-07,13,13,19,
2e-07,17,17,21,
2e-07,12,12,19,
2e-07,15,15,18,
2e-07,7,7,17,
1e-07,9,9,21,
2e-07,14,14,22,
1e-07,3,3,18,
2e-07,6,6,16,
3e-07,14,14,17,
2e-07,4,4,14,
1e-07,1,1,15,
1e-07,1,1,14,
2e-07,12,12,15,
2e-07,0,0,18,
1e-07,4,4,21,
1e-07,2,2,16,
2e-07,9,9,12,
2e-07,6,6,9,
2e-07,3,3,11,
1e-07,8,8,11,
2e-07,8,8,11,
2e-07,7,7,9,
2e-07,8,8,10,
1e-07,0,0,10,
2e-07,10,10,12,
2e-07,2,2,14,
1e-07,2,2,9,
2e-07,7,7,9,
2e-07,11,11,13,
1e-07,7,7,10,
1e-07,2,2,9,
1e-07,1,1,10,
1e-07,2,2,13,
1e-07,4,4,12,
2e-07,0,0,15,
1e-07,1,1,12,
2e-07,1,1,13,
2e-07,6,6,16,
1e-07,1,1,19,
1e-07,10,10,18,
2e-07,7,7,19,
1e-07,4,4,21,
2e-07,8,8,20,
3e-07,13,13,20,
2e-07,7,7,18,
2e-07,5,5,18,
1e-07,5,5,20,
3e-07,13,13,24,
1e-07,8,8,27,
2e-07,6,6,31,
1e-07,0,0,30,
2e-07,4,4,25,
2e-07,4,4,25,
3e-07,8,8,41,
3e-07,18,18,42,
2e-07,10,10,36,
2e-07,7,7,38,
1e-07,1,1,35,
3e-07,9,9,36,
3e-07,15,15,30,
1e-07,3,3,32,
3e-07,26,26,31,
1e-07,7,7,28,
2e-07,9,9,28,
3e-07,15,15,27,
3e-07,21,21,30,
2e-07,7,7,37,
3e-07,27,27,31,
2e-07,10,10,23,
1e-07,0,0,25,
3e-07,11,11,25,
2e-07,15,15,24,
3e-07,20,20,28,
1e-07,5,5,33,
2e-07,3,3,34,
2e-07,13,13,34,
3e-07,16,16,47,
3e-07,13,13,47,
3e-07,11,11,49,
2e-07,9,9,48,
2e-07,12,12,49,
1e-07,9,9,50,
2e-07,9,9,49,
2e-07,14,14,53,
1e-07,6,6,52,
1e-07,2,2,51,
2e-07,12,12,50,
4e-07,41,41,50,
5e-07,46,46,56,
2e-07,6,6,56,
2e-07,9,9,42,
2e-07,12,12,40,
2e-07,7,7,39,
1e-07,10,10,33,
3e-07,28,28,31,
2e-07,0,0,32,
1e-07,0,0,27,
2e-07,6,6,30,
2e-07,13,13,39,
2e-07,15,15,39,
4e-07,33,33,42,
3e-07,29,29,53,
2e-07,12,12,51,
2e-07,3,3,53,
1e-07,0,0,53,
4e-07,36,36,58,
3e-07,38,38,57,
4e-07,30,30,57,
2e-07,7,7,55,
1e-07,1,1,58,
2e-07,15,15,55,
2e-07,10,10,59,
2e-07,12,12,53,
1e-07,0,0,54,
4e-07,37,37,52,
1e-07,1,1,53,
4e-07,32,32,49,
4e-07,30,30,48,
4e-07,27,27,44,
3e-07,27,27,46,
3e-07,28,28,47,
2e-07,9,9,47,
2e-07,11,11,47,
1e-07,0,0,46,
1e-07,4,4,50,
1e-07,3,3,49,
3e-07,31,31,49,
2e-07,5,5,47,
2e-07,4,4,47,
2e-07,11,11,53,
5e-07,48,48,52,
4e-07,48,48,52,
2e-07,17,17,52,
4e-07,47,47,50,
5e-07,45,45,47,
2e-07,6,6,45,
2e-07,15,15,41,
1e-07,0,0,35,
2e-07,9,9,28,
2e-07,12,12,28,
4e-07,27,27,28,
3e-07,23,23,29,
2e-07,6,6,36,
1e-07,2,2,35,
1e-07,3,3,35,
1e-07,7,7,33,
2e-07,5,5,36,
4e-07,36,36,37,
3e-07,24,24,38,
2e-07,2,2,37,
2e-07,9,9,35,
2e-07,2,2,35,
2e-07,7,7,38,
2e-07,9,9,44,
2e-07,15,15,45,
1e-07,1,1,45,
1e-07,2,2,38,
3e-07,15,15,33,
2e-07,15,15,32,
3e-07,18,18,35,
3e-07,23,23,39,
3e-07,17,17,39,
3e-07,29,29,35,
2e-07,2,2,42,
1e-07,2,2,42,
1e-07,2,2,41,
2e-07,20,20,41,
2e-07,18,18,42,
6e-07,30,30,39,
4e-07,30,30,34,
3e-07,17,17,32,
3e-07,27,27,28,
2e-07,10,10,27,
3e-07,6,6,32,
1e-07,0,0,27,
1e-07,2,2,27,
3e-07,5,5,36,
2e-07,25,25,37,
2e-07,10,10,41,
1e-07,5,5,40,
4e-07,35,35,43,
2e-07,3,3,42,
3e-07,37,37,42,
1e-07,0,0,43,
4e-07,39,39,43,
1e-07,8,8,44,
2e-07,7,7,46,
4e-07,30,30,45,
4e-07,42,42,45,
2e-07,17,17,44,
1e-07,4,4,53,
5e-07,44,44,53,
3e-07,23,23,54,
2e-07,4,4,55,
4e-07,36,36,55,
2e-07,2,2,55,
4e-07,44,44,55,
3e-07,29,29,54,
4e-07,41,41,52,
2e-07,1,1,56,
4e-07,34,34,58,
1e-07,2,2,57,
1e-07,7,7,60,
4e-07,46,46,59,
2e-07,7,7,59,
2e-07,6,6,60,
2e-07,7,7,64,
4e-07,35,35,66,
2e-07,0,0,68,
2e-07,12,12,64,
3e-07,22,22,56,
3e-07,12,12,54,
4e-07,37,37,57,
2e-07,12,12,55,
1e-07,3,3,51,
1e-07,4,4,41,
3e-07,21,21,41,
1e-07,2,2,40,
3e-07,24,24,41,
1e-07,1,1,42,
3e-07,18,18,41,
2e-07,4,4,37,
3e-07,25,25,36,
3e-07,16,16,36,
2e-07,7,7,36,
2e-07,17,17,36,
2e-07,10,10,35,
3e-07,27,27,33,
2e-07,16,16,28,
2e-07,11,11,30,
1e-07,1,1,26,
2e-07,15,15,24,
3e-07,15,15,16,
2e-07,10,10,17,
1e-07,4,4,16,
2e-07,12,12,20,
2e-07,16,16,21,
2e-07,8,8,21,
2e-07,15,15,16,
1e-07,4,4,19,
3e-07,19,19,23,
1e-07,4,4,26,
2e-07,4,4,27,
2e-07,15,15,25,
2e-07,1,1,23,
2e-07,12,12,21,
2e-07,13,13,21,
2e-07,1,1,18,
2e-07,12,12,32,
3e-07,27,27,29,
2e-07,11,11,30,
1e-07,2,2,25,
2e-07,21,21,27,
2e-07,14,14,27,
2e-07,6,6,28,
1e-07,0,0,27,
2e-07,2,2,26,
2e-07,19,19,27,
3e-07,17,17,21,
2e-07,7,7,27,
3e-07,16,16,21,
2e-07,6,6,18,
1e-07,2,2,18,
2e-07,7,7,21,
1e-07,2,2,20,
2e-07,9,9,21,
2e-07,6,6,21,
3e-07,10,10,13,
2e-07,13,13,14,
2e-07,1,1,2,
2e-07,2,2,12,
2e-07,2,2,14,
2e-07,11,11,18,
3e-07,13,13,22,
3e-07,10,10,23,
2e-07,8,8,22,
3e-07,18,18,23,
2e-07,11,11,24,
2e-07,4,4,15,
2e-07,7,7,14,
1e-07,7,7,14,
2e-07,4,4,23,
2e-07,17,17,18,
2e-07,8,8,18,
2e-07,1,1,11,
2e-07,12,12,14,
2e-07,10,10,11,
2e-07,7,7,16,
3e-07,0,0,18,
2e-07,7,7,18,
2e-07,6,6,13,
1e-07,2,2,8,
1e-07,0,0,9,
2e-07,5,5,8,
2e-07,4,4,9,
1e-07,4,4,5,
1e-07,0,0,8,
1e-07,0,0,4,
1e-07,3,3,4,
1e-07,1,1,4,
1e-07,1,1,3,
2e-07,1,1,2,
2e-07,6,6,7,
2e-07,15,15,16,
2e-07,10,10,16,
1e-07,2,2,10,
1e-07,6,6,9,
2e-07,2,2,8,
1e-07,4,4,9,
2e-07,6,6,13,
1e-07,2,2,14,
3e-07,6,6,19,
3e-07,12,12,22,
2e-07,14,14,23,
2e-07,16,16,27,
2e-07,7,7,25,
3e-07,20,20,27,
2e-07,20,20,27,
2e-07,1,1,25,
2e-07,8,8,24,
2e-07,11,11,24,
2e-07,12,12,22,
2e-07,11,11,23,
1e-07,0,0,24,
2e-07,14,14,21,
2e-07,14,14,21,
3e-07,16,16,22,
2e-07,13,13,22,
2e-07,3,3,16,
2e-07,8,8,16,
3e-07,6,6,8,
2e-07,8,8,14,
1e-07,1,1,15,
2e-07,12,12,15,
1e-07,3,3,15,
2e-07,6,6,16,
2e-07,1,1,2,
2e-07,5,5,6,
2e-07,0,0,1,
1e-07,0,0,6,
2e-07,0,0,1,
1e-07,0,0,1,
1e-07,2,2,4,
2e-07,2,2,3,
1e-07,0,0,2,
2e-07,4,4,5,
1e-07,0,0,9,
1e-07,2,2,8,
1e-07,5,5,11,
1e-07,0,0,11,
2e-07,9,9,14,
3e-07,15,15,18,
2e-07,9,9,16,
2e-07,5,5,7,
2e-07,3,3,10,
1e-07,7,7,9,
2e-07,13,13,15,
1e-07,1,1,19,
2e-07,6,6,7,
2e-07,5,5,7,
1e-07,1,1,11,
2e-07,8,8,14,
2e-07,8,8,32,
2e-07,3,3,34,
3e-07,18,18,35,
1e-07,2,2,39,
1e-07,7,7,39,
4e-07,33,33,38,
2e-07,8,8,34,
3e-07,21,21,36,
3e-07,20,20,35,
2e-07,8,8,33,
2e-07,15,15,36,
2e-07,7,7,35,
3e-07,29,29,30,
2e-07,7,7,30,
2e-07,5,5,32,
3e-07,11,11,30,
2e-07,10,10,33,
2e-07,12,12,31,
2e-07,20,20,34,
2e-07,16,16,37,
2e-07,1,1,37,
4e-07,38,38,40,
4e-07,19,19,39,
2e-07,13,13,41,
3e-07,16,16,43,
2e-07,2,2,47,
2e-07,8,8,45,
3e-07,24,24,39,
2e-07,14,14,40,
3e-07,17,17,39,
2e-07,6,6,50,
2e-07,8,8,51,
2e-07,11,11,56,
1e-07,6,6,53,
1e-07,6,6,53,
1e-07,3,3,59,
1e-07,9,9,59,
1e-07,4,4,61,
1e-07,0,0,63,
2e-07,8,8,69,
5e-07,52,52,77,
2e-07,6,6,72,
3e-07,26,26,75,
5e-07,58,58,71,
2e-07,5,5,68,
2e-07,7,7,66,
1e-07,6,6,67,
2e-07,3,3,78,
2e-07,7,7,74,
4e-07,38,38,73,
1e-07,2,2,79,
2e-07,13,13,77,
4e-07,40,40,66,
2e-07,15,15,66,
2e-07,12,12,64,
1e-07,8,8,77,
2e-07,6,6,80,
4e-07,43,43,80,
5e-07,56,56,81,
1e-07,3,3,81,
2e-07,18,18,77,
3e-07,29,29,84,
1e-07,6,6,86,
3e-07,27,27,85,
1e-07,3,3,83,
4e-07,32,32,96,
7e-07,81,81,95,
1e-07,1,1,95,
2e-07,19,19,94,
6e-07,62,62,93,
2e-07,18,18,92,
3e-07,23,23,92,
4e-07,38,38,79,
6e-07,64,64,77,
2e-07,19,19,75,
4e-07,45,45,74,
1e-07,2,2,72,
1e-07,4,4,70,
5e-07,63,63,71,
1e-07,4,4,72,
5e-07,47,47,72,
2e-07,9,9,64,
2e-07,0,0,58,
2e-07,13,13,59,
5e-07,50,50,58,
1e-07,5,5,54,
2e-07,3,3,51,
2e-07,14,14,48,
3e-07,21,21,49,
2e-07,17,17,49,
3e-07,16,16,50,
1e-07,0,0,54,
2e-07,16,16,54,
2e-07,15,15,57,
2e-07,9,9,60,
1e-07,0,0,65,
1e-07,0,0,66,
3e-07,19,19,70,
3e-07,34,34,70,
2e-07,15,15,72,
4e-07,43,43,69,
3e-07,31,31,66,
2e-07,11,11,59,
3e-07,24,24,61,
2e-07,5,5,62,
4e-07,44,44,59,
3e-07,15,15,56,
3e-07,27,27,55,
3e-07,17,17,54,
4e-07,41,41,51,
2e-07,15,15,49,
2e-07,16,16,52,
3e-07,16,16,52,
2e-07,0,0,58,
3e-07,23,23,60,
4e-07,26,26,58,
4e-07,36,36,56,
4e-07,46,46,59,
3e-07,19,19,64,
5e-07,54,54,68,
4e-07,39,39,68,
3e-07,25,25,60,
3e-07,6,6,63,
2e-07,2,2,63,
3e-07,19,19,65,
2e-07,17,17,70,
2e-07,7,7,69,
5e-07,47,47,67,
1e-07,3,3,70,
1e-07,2,2,69,
2e-07,0,0,74,
3e-07,18,18,79,
3e-07,16,16,71,
3e-07,25,25,72,
3e-07,18,18,74,
2e-07,15,15,80,
2e-07,15,15,77,
4e-07,31,31,77,
4e-07,40,40,88,
2e-07,6,6,85,
2e-07,0,0,84,
4e-07,37,37,82,
2e-07,5,5,82,
4e-07,32,32,74,
3e-07,30,30,69,
1e-07,0,0,68,
4e-07,38,38,68,
2e-07,1,1,61,
2e-07,20,20,60,
3e-07,38,38,56,
1e-07,2,2,58,
2e-07,24,24,67,
4e-07,36,36,67,
5e-07,56,56,66,
1e-07,3,3,74,
2e-07,1,1,76,
2e-07,11,11,72,
2e-07,6,6,72,
3e-07,26,26,75,
2e-07,10,10,73,
3e-07,25,25,76,
3e-07,26,26,81,
3e-07,34,34,78,
4e-07,46,46,77,
4e-07,49,49,70,
2e-07,14,14,72,
4e-07,34,34,72,
2e-07,10,10,77,
2e-07,11,11,81,
3e-07,17,17,86,
2e-07,5,5,86,
4e-07,37,37,86,
2e-07,21,21,89,
3e-07,41,41,91,
2e-07,12,12,73,
2e-07,6,6,74,
2e-07,8,8,73,
3e-07,25,25,72,
5e-07,53,53,73,
4e-07,38,38,76,
3e-07,25,25,73,
1e-07,1,1,78,
5e-07,43,43,77,
4e-07,43,43,81,
1e-07,2,2,77,
2e-07,11,11,85,
2e-07,10,10,80,
2e-07,16,16,78,
3e-07,26,26,84,
5e-07,56,56,82,
2e-07,13,13,82,
4e-07,34,34,83,
1e-07,1,1,86,
2e-07,6,6,82,
5e-07,54,54,75,
1e-07,0,0,78,
5e-07,57,57,80,
4e-07,45,45,82,
2e-07,9,9,82,
2e-07,0,0,82,
5e-07,44,44,83,
2e-07,12,12,83,
2e-07,17,17,97,
3e-07,16,16,98,
3e-07,33,33,110,
8e-07,101,101,105,
5e-07,57,57,105,
3e-07,34,34,106,
2e-07,13,13,105,
8e-07,86,86,101,
2e-07,10,10,98,
7e-07,84,84,101,
2e-07,8,8,99,
2e-07,18,18,98,
3e-07,27,27,97,
4e-07,36,36,92,
4e-07,40,40,89,
2e-07,3,3,90,
6e-07,68,68,91,
2e-07,15,15,87,
2e-07,14,14,85,
1e-07,5,5,84,
2e-07,18,18,82,
4e-07,41,41,89,
4e-07,45,45,87,
4e-07,30,30,85,
1e-07,0,0,83,
2e-07,16,16,84,
2e-07,9,9,83,
2e-07,24,24,85,
4e-07,37,37,91,
2e-07,9,9,81,
2e-07,9,9,79,
7e-07,67,67,80,
4e-07,44,44,84,
2e-07,7,7,83,
3e-07,15,15,94,
4e-07,38,38,92,
4e-07,38,38,92,
2e-07,4,4,90,
3e-07,36,36,89,
2e-07,10,10,88,
1e-07,6,6,84,
2e-07,9,9,86,
2e-07,21,21,86,
4e-07,37,37,97,
2e-07,16,16,96,
1e-07,0,0,97,
2e-07,8,8,106,
6e-07,59,59,106,
1e-07,2,2,109,
2e-07,12,12,111,
4e-07,40,40,109,
2e-07,16,16,107,
2e-07,4,4,131,
4e-07,36,36,121,
2e-07,8,8,132,
2e-07,4,4,132,
3e-07,19,19,148,
2e-07,10,10,147,
3e-07,26,26,133,
2e-07,6,6,136,
4e-07,31,31,144,
2e-07,14,14,142,
1e-07,4,4,133,
9e-07,104,104,134,
2e-07,4,4,133,
1e-07,3,3,135,
4e-07,52,52,136,
8e-07,93,93,140,
3e-07,31,31,142,
5e-07,38,38,141,
4e-07,46,46,141,
1e-06,125,125,144,
4e-07,41,41,154,
3e-07,25,25,151,
5e-07,52,52,148,
3e-07,24,24,145,
1e-07,4,4,145,
4e-07,39,39,141,
3e-07,20,20,138,
4e-07,42,42,138,
1e-07,3,3,138,
1e-07,0,0,133,
7e-07,85,85,130,
4e-07,28,28,132,
2e-07,6,6,129,
4e-07,31,31,131,
2e-07,19,19,129,
8e-07,98,98,128,
4e-07,36,36,129,
3e-07,13,13,130,
4e-07,30,30,131,
7e-07,91,91,129,
4e-07,36,36,133,
1e-06,121,121,138,
1e-07,5,5,138,
2e-07,16,16,138,
2e-07,6,6,138,
2e-07,13,13,139,
4e-07,38,38,136,
2e-07,14,14,136,
6e-07,69,69,137,
1e-07,4,4,146,
3e-07,24,24,151,
2e-07,17,17,153,
6e-07,66,66,162,
3e-07,33,33,159,
2e-07,7,7,148,
2e-07,3,3,147,
3e-07,28,28,143,
2e-07,12,12,141,
1e-07,1,1,139,
4e-07,47,47,143,
2e-07,9,9,153,
1.1e-06,127,127,154,
1e-06,123,123,156,
6e-07,73,73,153,
2e-07,9,9,161,
3e-07,33,33,162,
3e-07,37,37,169,
2e-07,18,18,169,
2e-07,4,4,166,
5e-07,55,55,170,
2e-07,13,13,172,
5e-07,48,48,172,
9e-07,107,107,177,
3e-07,28,28,175,
3e-07,17,17,178,
5e-07,50,50,175,
3e-07,21,21,170,
5e-07,47,47,170,
9e-07,101,101,180,
8e-07,98,98,173,
3e-07,18,18,172,
3e-07,20,20,169,
2e-07,1,1,161,
4e-07,41,41,161,
2e-07,10,10,159,
2e-07,8,8,152,
2e-07,5,5,150,
3e-07,20,20,154,
2e-07,8,8,161,
3e-07,26,26,160,
5e-07,53,53,149,
2e-07,9,9,153,
3e-07,20,20,164,
2e-07,1,1,165,
5e-07,58,58,165,
4e-07,26,26,165,
1.2e-06,141,141,170,
1.2e-06,142,142,171,
3e-07,32,32,173,
4e-07,28,28,164,
4e-07,35,35,165,
1e-07,6,6,165,
3e-07,21,21,165,
4e-07,26,26,161,
7e-07,75,75,165,
2e-07,1,1,164,
9e-07,108,108,162,
4e-07,43,43,162,
2e-07,10,10,156,
3e-07,31,31,158,
4e-07,47,47,162,
4e-07,33,33,161,
2e-07,14,14,160,
4e-07,42,42,159,
3e-07,35,35,160,
4e-07,32,32,160,
1e-07,5,5,158,
1e-07,3,3,149,
2e-07,14,14,147,
1.1e-06,133,133,141,
4e-07,44,44,142,
1e-07,0,0,143,
4e-07,47,47,138,
3e-07,19,19,136,
2e-07,20,20,135,
7e-07,84,84,135,
1e-07,2,2,137,
2e-07,13,13,138,
5e-07,47,47,136,
4e-07,46,46,136,
3e-07,24,24,138,
4e-07,41,41,134,
6e-07,70,70,134,
4e-07,41,41,120,
3e-07,28,28,126,
1e-07,10,10,126,
4e-07,44,44,123,
8e-07,107,107,123,
1e-07,1,1,124,
2e-07,4,4,123,
4e-07,31,31,123,
2e-07,2,2,118,
2e-07,2,2,117,
5e-07,48,48,120,
5e-07,53,53,126,
8e-07,98,98,125,
3e-07,24,24,127,
3e-07,26,26,129,
2e-07,11,11,128,
8e-07,100,100,131,
1e-07,4,4,132,
1e-07,11,11,132,
1e-07,0,0,129,
9e-07,105,105,133,
2e-07,22,22,133,
6e-07,71,71,128,
1e-07,7,7,133,
4e-07,30,30,140,
4e-07,44,44,139,
5e-07,48,48,138,
8e-07,94,94,137,
5e-07,48,48,136,
8e-07,111,111,128,
5e-07,48,48,124,
3e-07,21,21,125,
4e-07,36,36,124,
3e-07,18,18,126,
2e-07,11,11,129,
3e-07,35,35,133,
3e-07,22,22,131,
6e-07,67,67,131,
4e-07,50,50,135,
3e-07,23,23,136,
4e-07,43,43,137,
4e-07,36,36,141,
6e-07,60,60,139,
2e-07,17,17,139,
2e-07,13,13,139,
2e-07,15,15,139,
1e-07,9,9,135,
3e-07,15,15,147,
2e-07,9,9,143,
7e-07,85,85,142,
3e-07,12,12,143,
8e-07,86,86,144,
2e-07,17,17,143,
2e-07,12,12,140,
3e-07,18,18,138,
7e-07,86,86,140,
5e-07,47,47,139,
2e-07,8,8,142,
5e-07,56,56,141,
3e-07,30,30,138,
4e-07,39,39,132,
8e-07,92,92,134,
2e-07,17,17,143,
2e-07,5,5,143,
4e-07,41,41,145,
7e-07,87,87,145,
5e-07,44,44,145,
1e-07,7,7,141,
2e-07,10,10,140,
6e-07,55,55,138,
3e-07,27,27,141,
1e-07,3,3,141,
2e-07,2,2,147,
3e-07,25,25,154,
4e-07,39,39,153,
2e-07,5,5,151,
4e-07,32,32,150,
2e-07,17,17,146,
4e-07,40,40,139,
3e-07,14,14,138,
2e-07,5,5,137,
2e-07,6,6,138,
3e-07,17,17,137,
4e-07,37,37,139,
2e-07,1,1,138,
1e-07,6,6,133,
1e-07,4,4,136,
8e-07,89,89,138,
3e-07,6,6,135,
1e-07,1,1,136,
3e-07,27,27,125,
4e-07,39,39,129,
3e-07,22,22,121,
1e-07,1,1,123,
6e-07,69,69,117,
2e-07,19,19,121,
5e-07,49,49,125,
3e-07,16,16,124,
3e-07,25,25,123,
3e-07,23,23,117,
7e-07,85,85,113,
3e-07,20,20,111,
2e-07,15,15,105,
6e-07,67,67,106,
2e-07,9,9,101,
7e-07,79,79,100,
2e-07,2,2,102,
6e-07,78,78,102,
1e-07,6,6,102,
2e-07,20,20,104,
2e-07,1,1,109,
5e-07,56,56,113,
2e-07,6,6,120,
2e-07,7,7,117,
7e-07,84,84,117,
3e-07,28,28,116,
2e-07,17,17,112,
2e-07,3,3,104,
6e-07,70,70,101,
2e-07,12,12,98,
5e-07,56,56,95,
2e-07,8,8,96,
5e-07,49,49,101,
8e-07,94,94,101,
2e-07,6,6,101,
6e-07,74,74,111,
2e-07,5,5,108,
1e-07,6,6,113,
2e-07,1,1,104,
2e-07,6,6,111,
2e-07,4,4,111,
6e-07,75,75,114,
5e-07,53,53,110,
2e-07,10,10,108,
2e-07,13,13,109,
1e-07,4,4,103,
3e-07,22,22,103,
3e-07,28,28,107,
2e-07,11,11,118,
1e-07,2,2,118,
2e-07,1,1,122,
3e-07,26,26,126,
2e-07,2,2,125,
1e-07,4,4,127,
2e-07,4,4,130,
6e-07,53,53,124,
4e-07,35,35,123,
1e-07,4,4,118,
2e-07,10,10,120,
2e-07,20,20,126,
2e-07,13,13,125,
3e-07,29,29,124,
2e-07,2,2,128,
3e-07,25,25,127,
1e-07,0,0,126,
1e-07,0,0,126,
2e-07,5,5,126,
3e-07,28,28,125,
4e-07,38,38,126,
2e-07,11,11,126,
2e-07,9,9,128,
7e-07,86,86,141,
3e-07,1,1,151,
3e-07,11,11,162,
9e-07,111,111,168,
3e-07,29,29,168,
4e-07,30,30,168,
1e-07,3,3,170,
4e-07,35,35,169,
3e-07,10,10,168,
5e-07,53,53,166,
3e-07,25,25,159,
1e-07,4,4,160,
7e-07,82,82,154,
1e-07,1,1,159,
2e-07,16,16,158,
9e-07,109,109,157,
7e-07,74,74,163,
2e-07,20,20,160,
6e-07,68,68,165,
3e-07,32,32,164,
4e-07,43,43,162,
1e-07,1,1,160,
8e-07,96,96,164,
2e-07,2,2,168,
1e-07,3,3,166,
2e-07,16,16,173,
2e-07,4,4,173,
2e-07,22,22,172,
3e-07,28,28,170,
2e-07,7,7,170,
1e-07,6,6,171,
2e-07,8,8,172,
6e-07,61,61,177,
3e-07,28,28,177,
4e-07,34,34,176,
1e-07,4,4,176,
2e-07,14,14,178,
2e-07,20,20,176,
3e-07,16,16,175,
3e-07,21,21,182,
3e-07,26,26,178,
2e-07,15,15,189,
1.4e-06,177,177,191,
1e-06,111,111,191,
6e-07,56,56,194,
3e-07,20,20,188,
4e-07,31,31,187,
5e-07,58,58,188,
7e-07,83,83,188,
5e-07,51,51,173,
5e-07,46,46,178,
5e-07,56,56,185,
2e-07,9,9,184,
3e-07,30,30,185,
5e-07,68,68,181,
2e-07,8,8,172,
2e-07,5,5,167,
1e-07,9,9,168,
2e-07,16,16,167,
2e-07,3,3,167,
3e-07,19,19,170,
1e-07,2,2,170,
2e-07,6,6,178,
2e-07,18,18,177,
2e-07,1,1,181,
2e-07,1,1,183,
4e-07,51,51,179,
3e-07,24,24,179,
1e-07,9,9,176,
2e-07,14,14,164,
2e-07,9,9,166,
2e-07,17,17,166,
2e-07,6,6,166,
7e-07,91,91,165,
9e-07,107,107,166,
8e-07,95,95,165,
2e-07,5,5,163,
1e-07,4,4,155,
5e-07,47,47,153,
2e-07,25,25,153,
6e-07,67,67,156,
7e-07,78,78,154,
5e-07,40,40,163,
9e-07,109,109,159,
3e-07,25,25,150,
5e-07,57,57,148,
2e-07,0,0,153,
2e-07,2,2,153,
5e-07,44,44,153,
1e-06,125,125,152,
4e-07,33,33,157,
1e-07,4,4,156,
6e-07,70,70,155,
4e-07,37,37,153,
6e-07,66,66,153,
3e-07,28,28,166,
2e-07,12,12,163,
5e-07,54,54,171,
1e-07,8,8,167,
2e-07,5,5,169,
5e-07,52,52,167,
2e-07,13,13,166,
1e-07,4,4,165,
5e-07,49,49,167,
7e-07,12,12,167,
4e-07,37,37,169,
6e-07,68,68,168,
5e-07,39,39,167,
2e-07,10,10,168,
3e-07,20,20,162,
2e-07,8,8,159,
3e-07,18,18,150,
4e-07,39,39,148,
3e-07,30,30,146,
5e-07,48,48,147,
2e-07,18,18,152,
1e-07,5,5,149,
2e-07,13,13,150,
2e-07,10,10,154,
3e-07,26,26,160,
3e-07,33,33,161,
3e-07,17,17,159,
5e-07,62,62,143,
1e-07,2,2,146,
5e-07,58,58,147,
6e-07,63,63,143,
3e-07,23,23,148,
6e-07,64,64,148,
4e-07,41,41,148,
2e-07,14,14,148,
1e-07,5,5,154,
1e-07,7,7,154,
5e-07,49,49,153,
2e-07,3,3,156,
2e-07,4,4,150,
2e-07,7,7,148,
2e-07,12,12,151,
4e-07,43,43,166,
4e-07,46,46,165,
1.2e-06,150,150,159,
2e-07,10,10,158,
5e-07,59,59,165,
2e-07,18,18,166,
2e-07,5,5,161,
2e-07,7,7,155,
1e-07,7,7,159,
2e-07,14,14,153,
1.1e-06,135,135,158,
2e-07,15,15,155,
1e-07,3,3,162,
1e-07,0,0,164,
5e-07,48,48,164,
6e-07,68,68,164,
1e-07,1,1,165,
2e-07,13,13,165,
6e-07,68,68,174,
4e-07,42,42,173,
2e-07,7,7,184,
7e-07,89,89,185,
6e-07,68,68,188,
1e-07,8,8,187,
4e-07,36,36,189,
6e-07,57,57,187,
2e-07,16,16,176,
2e-07,1,1,178,
2e-07,11,11,181,
4e-07,48,48,182,
5e-07,61,61,185,
2e-07,1,1,184,
2e-07,13,13,183,
2e-07,7,7,180,
3e-07,33,33,181,
5e-07,45,45,177,
3e-07,32,32,175,
4e-07,45,45,176,
2e-07,14,14,172,
2e-07,4,4,172,
9e-07,101,101,180,
3e-07,13,13,179,
4e-07,43,43,188,
2e-07,12,12,194,
2e-07,16,16,193,
4e-07,39,39,192,
2e-07,14,14,190,
5e-07,46,46,188,
3e-07,23,23,184,
5e-07,57,57,177,
3e-07,20,20,176,
3e-07,25,25,180,
4e-07,44,44,174,
4e-07,45,45,175,
2e-07,5,5,178,
6e-07,73,73,180,
4e-07,41,41,179,
3e-07,23,23,176,
5e-07,63,63,176,
7e-07,77,77,178,
3e-07,30,30,179,
2e-07,25,25,188,
2e-07,3,3,190,
5e-07,54,54,190,
6e-07,70,70,192,
7e-07,73,73,192,
2e-07,7,7,193,
2e-07,6,6,193,
6e-07,72,72,194,
3e-07,27,27,194,
1e-07,7,7,194,
8e-07,98,98,187,
5e-07,58,58,187,
7e-07,73,73,183,
7e-07,87,87,190,
5e-07,56,56,192,
2e-07,13,13,193,
1.3e-06,177,177,193,
9e-07,114,114,194,
1e-07,2,2,195,
1e-07,3,3,190,
4e-07,40,40,190,
2e-07,4,4,191,
3e-07,29,29,195,
3e-07,20,20,194,
3e-07,23,23,191,
2e-07,4,4,194,
3e-07,35,35,197,
1.2e-06,148,148,199,
1e-07,2,2,199,
1.5e-06,197,197,204,
2e-07,6,6,201,
2e-07,8,8,205,
5e-07,57,57,204,
2e-07,17,17,205,
6e-07,63,63,210,
4e-07,29,29,212,
6e-07,78,78,209,
4e-07,43,43,211,
3e-07,27,27,210,
2e-07,14,14,211,
2e-07,9,9,211,
1.1e-06,140,140,211,
2e-07,7,7,209,
5e-07,60,60,212,
3e-07,26,26,213,
4e-07,47,47,215,
1e-07,3,3,213,
1e-07,3,3,212,
3e-07,16,16,209,
1e-07,1,1,205,
5e-07,48,48,210,
1e-07,2,2,211,
2e-07,16,16,215,
3e-07,34,34,216,
3e-07,33,33,216,
1e-06,134,134,216,
1.5e-06,207,207,225,
2e-07,10,10,228,
1e-07,2,2,223,
1e-06,132,132,223,
2e-07,8,8,218,
4e-07,30,30,213,
3e-07,32,32,213,
5e-07,49,49,212,
2e-07,14,14,212,
4e-07,42,42,202,
2e-07,5,5,209,
2e-07,7,7,210,
6e-07,55,55,210,
1.4e-06,180,180,212,
4e-07,48,48,215,
4e-07,45,45,214,
3e-07,27,27,213,
1.4e-06,172,172,206,
2e-07,12,12,210,
3e-07,27,27,202,
2e-07,9,9,199,
2e-07,4,4,201,
2e-07,8,8,202,
2e-07,14,14,202,
3e-07,23,23,208,
2e-07,13,13,204,
2e-07,11,11,205,
4e-07,36,36,207,
2e-07,12,12,210,
5e-07,59,59,211,
2e-07,13,13,213,
1e-07,0,0,201,
1.1e-06,126,126,200,
2e-07,8,8,192,
2e-07,5,5,191,
2e-07,9,9,191,
1e-07,7,7,193,
4e-07,31,31,197,
2e-07,14,14,197,
9e-07,103,103,200,
1e-07,1,1,200,
8e-07,102,102,202,
2e-07,11,11,209,
3e-07,23,23,209,
4e-07,43,43,205,
3e-07,25,25,205,
4e-07,39,39,202,
9e-07,112,112,200,
6e-07,64,64,198,
1e-07,5,5,201,
4e-07,42,42,205,
3e-07,28,28,207,
2e-07,6,6,207,
2e-07,8,8,207,
3e-07,24,24,209,
1e-07,6,6,211,
1e-07,9,9,210,
3e-07,13,13,210,
1e-07,1,1,213,
3e-07,23,23,210,
3e-07,29,29,208,
3e-07,26,26,204,
3e-07,13,13,197,
6e-07,63,63,193,
2e-07,2,2,201,
6e-07,66,66,193,
7e-07,72,72,189,
2e-07,11,11,187,
1e-07,0,0,186,
4e-07,28,28,191,
2e-07,16,16,191,
5e-07,54,54,192,
2e-07,7,7,201,
6e-07,71,71,200,
3e-07,25,25,199,
3e-07,24,24,204,
9e-07,109,109,209,
4e-07,35,35,222,
6e-07,66,66,222,
3e-07,36,36,220,
7e-07,88,88,217,
3e-07,20,20,222,
2e-07,20,20,220,
3e-07,36,36,233,
3e-07,28,28,223,
1.4e-06,180,180,223,
2e-07,19,19,220,
2e-07,22,22,220,
3e-07,29,29,222,
2e-07,1,1,230,
5e-07,42,42,233,
2e-07,5,5,233,
2e-07,10,10,233,
2e-07,0,0,233,
5e-07,45,45,237,
5e-07,49,49,236,
5e-07,53,53,233,
5e-07,53,53,235,
3e-07,22,22,239,
4e-07,44,44,239,
8e-07,91,91,237,
5e-07,30,30,246,
1e-07,1,1,249,
3e-07,20,20,249,
4e-07,39,39,250,
2e-07,8,8,245,
6e-07,80,80,245,
2e-07,7,7,245,
5e-07,59,59,246,
2e-07,4,4,248,
4e-07,39,39,242,
3e-07,18,18,247,
2e-07,19,19,248,
4e-07,42,42,246,
1e-07,3,3,242,
1e-07,1,1,241,
1.1e-06,134,134,233,
2e-07,18,18,229,
5e-07,55,55,227,
2e-07,3,3,227,
6e-07,64,64,227,
3e-07,25,25,231,
8e-07,97,97,233,
3e-07,29,29,236,
2e-07,5,5,234,
5e-07,63,63,240,
2e-07,27,27,237,
6e-07,75,75,237,
3e-07,28,28,238,
3e-07,18,18,243,
3e-07,23,23,245,
4e-07,43,43,242,
2e-07,7,7,246,
2e-07,5,5,247,
3e-07,17,17,250,
1e-07,2,2,240,
5e-07,46,46,244,
2e-07,10,10,245,
5e-07,48,48,244,
2e-07,24,24,243,
2e-07,9,9,245,
1e-07,2,2,245,
4e-07,42,42,251,
2e-07,13,13,254,
7e-07,87,87,252,
1.2e-06,160,160,261,
3e-07,21,21,266,
4e-07,30,30,268,
6e-07,68,68,268,
3e-07,31,31,269,
3e-07,32,32,265,
7e-07,74,74,256,
3e-07,26,26,255,
8e-07,92,92,255,
8e-07,96,96,254,
3e-07,11,11,256,
2e-07,6,6,254,
3e-07,24,24,252,
3e-07,25,25,249,
2e-07,15,15,252,
8e-07,99,99,253,
2e-07,14,14,252,
8e-07,93,93,252,
2e-07,5,5,250,
7e-07,77,77,250,
3e-07,20,20,251,
5e-07,54,54,252,
1e-07,1,1,256,
7e-07,74,74,260,
7e-07,82,82,259,
1e-07,0,0,255,
2e-07,7,7,255,
4e-07,31,31,257,
3e-07,28,28,258,
3e-07,26,26,251,
3e-07,27,27,250,
3e-07,24,24,251,
1e-07,0,0,253,
3e-07,31,31,255,
7e-07,89,89,257,
7e-07,85,85,253,
2e-07,12,12,241,
3e-07,15,15,243,
1e-07,0,0,243,
4e-07,29,29,245,
4e-07,35,35,249,
4e-07,44,44,251,
4e-07,30,30,254,
2e-07,4,4,247,
3e-07,25,25,241,
5e-07,51,51,239,
2e-07,5,5,239,
2e-07,9,9,239,
2e-07,11,11,243,
3e-07,28,28,246,
3e-07,29,29,242,
9e-07,99,99,256,
4e-07,36,36,254,
1e-07,0,0,254,
2e-07,13,13,252,
4e-07,40,40,252,
2e-07,5,5,251,
9e-07,99,99,244,
2e-07,3,3,249,
2e-07,7,7,253,
4e-07,40,40,250,
2e-07,17,17,247,
6e-07,65,65,255,
5e-07,39,39,259,
9e-07,94,94,256,
4e-07,33,33,257,
5e-07,43,43,248,
5e-07,50,50,252,
2e-07,8,8,252,
2e-07,9,9,253,
1e-07,1,1,239,
2e-07,11,11,239,
6e-07,75,75,240,
8e-07,106,106,240,
4e-07,30,30,245,
2e-07,10,10,252,
6e-07,48,48,264,
2e-07,5,5,261,
8e-07,93,93,259,
4e-07,5,5,264,
9e-07,97,97,262,
8e-07,97,97,262,
4e-07,35,35,260,
5e-07,41,41,259,
5e-07,44,44,263,
5e-07,42,42,262,
3e-07,11,11,273,
4e-07,35,35,269,
5e-07,44,44,269,
5e-07,52,52,262,
2e-07,8,8,261,
4e-07,34,34,264,
3e-07,26,26,267,
5e-07,39,39,271,
5e-07,54,54,261,
6e-07,57,57,261,
6e-07,50,50,258,
3e-07,19,19,262,
3e-07,22,22,258,
6e-07,75,75,264,
2e-07,3,3,265,
5e-07,55,55,265,
8e-07,90,90,260,
5e-07,44,44,260,
7e-07,89,89,260,
2e-07,8,8,264,
5e-07,62,62,264,
4e-07,20,20,263,
2e-07,14,14,263,
7e-07,92,92,265,
4e-07,33,33,254,
2e-07,10,10,253,
4e-07,39,39,263,
4e-07,39,39,264,
2e-07,9,9,263,
2e-07,4,4,262,
4e-07,29,29,261,
2e-07,13,13,263,
2e-07,11,11,259,
3e-07,14,14,257,
1e-07,2,2,253,
2e-07,7,7,253,
8e-07,96,96,252,
1e-07,4,4,244,
3e-07,8,8,243,
3e-07,20,20,241,
5e-07,47,47,242,
1e-07,0,0,240,
8e-07,100,100,234,
3e-07,6,6,230,
9e-07,104,104,233,
2e-07,7,7,235,
4e-07,29,29,227,
4e-07,37,37,223,
2e-07,9,9,224,
3e-07,18,18,225,
3e-07,23,23,226,
6e-07,58,58,229,
6e-07,60,60,228,
7e-07,44,44,235,
2e-07,4,4,240,
2e-07,7,7,229,
7e-07,91,91,228,
5e-07,44,44,229,
2e-07,10,10,223,
5e-07,59,59,225,
5e-07,57,57,231,
2e-07,20,20,231,
2e-07,1,1,232,
5e-07,51,51,228,
2e-07,6,6,226,
1e-07,6,6,230,
6e-07,60,60,234,
2e-07,13,13,232,
6e-07,69,69,226,
9e-07,103,103,227,
4e-07,37,37,229,
5e-07,46,46,230,
1e-07,2,2,228,
6e-07,58,58,228,
8e-07,96,96,225,
5e-07,53,53,226,
2e-07,6,6,234,
8e-07,86,86,237,
6e-07,39,39,233,
4e-07,36,36,228,
3e-07,6,6,226,
3e-07,3,3,224,
4e-07,16,16,224,
3e-07,2,2,223,
8e-07,95,95,223,
2e-07,12,12,221,
2e-07,16,16,218,
1e-07,4,4,217,
2e-07,2,2,217,
2e-07,4,4,213,
2e-07,15,15,213,
2e-07,10,10,214,
6e-07,50,50,207,
4e-07,40,40,207,
3e-07,29,29,208,
4e-07,32,32,204,
3e-07,23,23,201,
6e-07,70,70,216,
4e-07,25,25,216,
4e-07,35,35,217,
5e-07,48,48,215,
3e-07,21,21,210,
8e-07,101,101,212,
4e-07,18,18,212,
7e-07,61,61,215,
2e-07,21,21,219,
4e-07,38,38,216,
6e-07,64,64,216,
2e-07,6,6,214,
5e-07,4,4,213,
4e-07,23,23,212,
1e-06,111,111,211,
4e-07,44,44,206,
9e-07,108,108,204,
4e-07,43,43,205,
3e-07,24,24,204,
2e-07,1,1,203,
2e-07,12,12,198,
1e-07,3,3,194,
5e-07,29,29,194,
4e-07,20,20,194,
5e-07,48,48,188,
5e-07,64,64,186,
5e-07,23,23,194,
7e-07,73,73,184,
3e-07,14,14,177,
2e-07,2,2,180,
4e-07,26,26,181,
6e-07,65,65,181,
2e-07,6,6,179,
2e-07,1,1,173,
5e-07,51,51,163,
3e-07,22,22,160,
2e-07,4,4,159,
7e-07,75,75,157,
1e-07,0,0,156,
6e-07,67,67,149,
9e-07,103,103,151,
5e-07,51,51,148,
7e-07,85,85,150,
9e-07,104,104,151,
7e-07,84,84,151,
6e-07,82,82,160,
3e-07,31,31,154,
2e-07,3,3,152,
1e-06,120,120,150,
2e-07,11,11,148,
2e-07,13,13,149,
3e-07,20,20,152,
4e-07,33,33,149,
5e-07,56,56,149,
1.1e-06,138,138,147,
5e-07,50,50,149,
1.3e-06,96,96,143,
2e-07,1,1,151,
1.4e-06,146,146,154,
5e-07,46,46,156,
1e-07,4,4,155,
1e-07,5,5,155,
1e-07,1,1,155,
9e-07,116,116,159,
1e-07,2,2,164,
3e-07,27,27,164,
3e-07,18,18,163,
2e-07,5,5,155,
5e-07,48,48,157,
2e-07,23,23,160,
2e-07,20,20,156,
3e-07,16,16,157,
3e-07,16,16,160,
3e-07,34,34,171,
3e-07,20,20,165,
3e-07,28,28,169,
5e-07,66,66,174,
5e-07,48,48,159,
3e-07,39,39,159,
1e-07,7,7,157,
9e-07,106,106,157,
2e-07,16,16,156,
1e-07,5,5,160,
5e-07,44,44,156,
3e-07,21,21,153,
6e-07,71,71,152,
2e-07,19,19,156,
1e-07,4,4,157,
3e-07,17,17,157,
1e-07,4,4,154,
2e-07,10,10,145,
5e-07,50,50,151,
2e-07,11,11,140,
2e-07,3,3,136,
8e-07,85,85,137,
4e-07,41,41,140,
2e-07,1,1,137,
4e-07,27,27,137,
3e-07,23,23,142,
1e-07,4,4,139,
2e-07,12,12,145,
6e-07,79,79,149,
1.1e-06,134,134,151,
2e-07,25,25,158,
4e-07,34,34,158,
2e-07,11,11,158,
2e-07,1,1,167,
2e-07,3,3,165,
3e-07,38,38,168,
1e-07,0,0,160,
3e-07,18,18,163,
8e-07,95,95,165,
3e-07,15,15,162,
1e-07,1,1,173,
3e-07,27,27,166,
2e-07,15,15,165,
4e-07,39,39,165,
3e-07,28,28,169,
2e-07,12,12,176,
7e-07,79,79,173,
2e-07,8,8,172,
9e-07,118,118,173,
2e-07,14,14,168,
4e-07,47,47,164,
3e-07,19,19,159,
2e-07,10,10,162,
2e-07,14,14,166,
4e-07,28,28,175,
5e-07,35,35,175,
2e-07,8,8,178,
2e-07,8,8,178,
1e-07,1,1,189,
1e-06,134,134,189,
2e-07,19,19,190,
1e-06,132,132,201,
2e-07,12,12,208,
6e-07,65,65,201,
3e-07,32,32,202,
6e-07,64,64,201,
5e-07,49,49,200,
7e-07,77,77,203,
5e-07,61,61,205,
3e-07,34,34,212,
6e-07,77,77,212,
4e-07,44,44,215,
3e-07,23,23,215,
5e-07,53,53,216,
1e-06,122,122,214,
2e-07,7,7,215,
6e-07,66,66,214,
2e-07,7,7,215,
6e-07,65,65,215,
7e-07,75,75,215,
5e-07,49,49,220,
4e-07,34,34,223,
2e-07,17,17,222,
1e-06,120,120,224,
6e-07,65,65,223,
5e-07,63,63,228,
2e-07,10,10,227,
6e-07,63,63,223,
1e-06,116,116,226,
3e-07,25,25,229,
1e-07,1,1,227,
2e-07,6,6,234,
3e-07,26,26,231,
4e-07,38,38,231,
3e-07,24,24,233,
1e-07,2,2,233,
3e-07,15,15,235,
3e-07,17,17,238,
4e-07,45,45,242,
7e-07,82,82,242,
6e-07,67,67,246,
1e-07,0,0,252,
7e-07,90,90,251,
7e-07,83,83,250,
1e-07,2,2,248,
9e-07,92,92,253,
3e-07,26,26,254,
7e-07,58,58,259,
3e-07,21,21,261,
4e-07,48,48,262,
4e-07,32,32,263,
7e-07,86,86,261,
1.1e-06,95,95,264,
4e-07,32,32,256,
5e-07,50,50,258,
2e-07,10,10,260,
9e-07,108,108,262,
6e-07,64,64,262,
3e-07,20,20,266,
2e-07,3,3,266,
2e-07,8,8,266,
4e-07,39,39,265,
6e-07,67,67,263,
2e-07,1,1,262,
7e-07,84,84,264,
1e-07,1,1,263,
1e-07,1,1,264,
2e-07,14,14,258,
2e-07,10,10,253,
5e-07,26,26,255,
6e-07,69,69,255,
2e-07,22,22,253,
8e-07,91,91,252,
9e-07,111,111,250,
6e-07,75,75,252,
7e-07,83,83,252,
6e-07,73,73,250,
3e-07,25,25,252,
2e-07,18,18,252,
8e-07,85,85,254,
8e-07,88,88,256,
4e-07,44,44,254,
5e-07,51,51,247,
1e-06,117,117,237,
4e-07,28,28,237,
2e-07,18,18,242,
2e-07,3,3,241,
5e-07,55,55,241,
2e-07,9,9,241,
2e-07,4,4,241,
4e-07,39,39,233,
1e-07,1,1,233,
3e-07,29,29,231,
5e-07,49,49,238,
1e-06,119,119,237,
2e-07,18,18,240,
6e-07,77,77,239,
1.7e-06,165,165,242,
4e-07,48,48,244,
3e-07,16,16,245,
1e-06,133,133,243,
1e-07,5,5,246,
6e-07,70,70,232,
2e-07,18,18,228,
5e-07,62,62,224,
1e-06,118,118,220,
4e-07,50,50,216,
1.2e-06,150,150,222,
5e-07,57,57,223,
2e-07,6,6,226,
1.1e-06,129,129,228,
2e-07,12,12,233,
7e-07,73,73,237,
1e-07,3,3,236,
2e-07,3,3,236,
5e-07,56,56,230,
7e-07,82,82,230,
5e-07,59,59,228,
5e-07,50,50,227,
2e-07,24,24,231,
2e-07,11,11,232,
3e-07,20,20,223,
2e-07,23,23,224,
2e-07,14,14,223,
2e-07,4,4,222,
2e-07,19,19,229,
9e-07,113,113,231,
1e-07,2,2,229,
3e-07,26,26,231,
1.2e-06,165,165,231,
2e-07,6,6,227,
1e-07,10,10,222,
1e-06,131,131,221,
3e-07,24,24,219,
3e-07,25,25,221,
7e-07,80,80,223,
2e-07,16,16,223,
8e-07,95,95,219,
3e-07,30,30,219,
3e-07,22,22,220,
2e-07,8,8,215,
6e-07,20,20,221,
6e-07,70,70,223,
2e-07,17,17,222,
3e-07,35,35,223,
2e-07,15,15,223,
5e-07,51,51,228,
2e-07,18,18,228,
7e-07,83,83,224,
4e-07,26,26,221,
3e-07,25,25,221,
4e-07,34,34,212,
7e-07,75,75,212,
6e-07,59,59,206,
1e-07,0,0,208,
4e-07,38,38,217,
2e-07,2,2,220,
4e-07,11,11,221,
2e-07,9,9,223,
2e-07,13,13,225,
1e-07,4,4,229,
4e-07,34,34,226,
2e-07,19,19,228,
2e-07,18,18,231,
3e-07,17,17,228,
7e-07,85,85,230,
3e-07,22,22,237,
4e-07,39,39,236,
3e-07,22,22,251,
1e-06,124,124,244,
2e-07,17,17,241,
4e-07,49,49,236,
6e-07,77,77,234,
3e-07,29,29,247,
6e-07,60,60,248,
2e-07,3,3,250,
2e-07,10,10,253,
2e-07,10,10,260,
2e-07,11,11,264,
1e-07,2,2,260,
7e-07,75,75,263,
2e-07,20,20,248,
2e-07,10,10,252,
8e-07,98,98,258,
6e-07,76,76,259,
3e-07,20,20,261,
8e-07,87,87,258,
8e-07,97,97,258,
2e-07,1,1,261,
4e-07,35,35,255,
4e-07,35,35,257,
1.1e-06,139,139,256,
1e-07,8,8,256,
4e-07,51,51,257,
4e-07,30,30,261,
2e-07,3,3,268,
4e-07,45,45,268,
2e-07,3,3,266,
2e-07,1,1,267,
2e-07,17,17,270,
3e-07,24,24,264,
2e-07,12,12,265,
3e-07,26,26,263,
7e-07,76,76,268,
3e-07,33,33,275,
2e-07,2,2,275,
1e-07,5,5,276,
7e-07,78,78,276,
2e-07,8,8,270,
2e-07,8,8,272,
4e-07,51,51,278,
4e-07,33,33,282,
1e-07,3,3,281,
4e-07,47,47,280,
5e-07,59,59,279,
2e-07,19,19,278,
1.3e-06,160,160,278,
6e-07,68,68,269,
3e-07,39,39,268,
2e-07,4,4,267,
4e-07,43,43,268,
2e-07,10,10,265,
3e-07,25,25,264,
8e-07,100,100,268,
4e-07,36,36,274,
6e-07,61,61,277,
4e-07,39,39,275,
3e-07,30,30,273,
6e-07,71,71,271,
2e-07,10,10,273,
1e-07,6,6,272,
1e-06,119,119,264,
1e-07,5,5,260,
7e-07,70,70,263,
4e-07,33,33,262,
1e-07,3,3,261,
8e-07,98,98,265,
6e-07,78,78,253,
2e-07,10,10,252,
1e-07,1,1,252,
2e-07,11,11,259,
4e-07,37,37,258,
2e-07,8,8,251,
3e-07,9,9,250,
5e-07,42,42,250,
3e-07,30,30,250,
2e-07,8,8,250,
3e-07,26,26,252,
5e-07,48,48,253,
5e-07,56,56,253,
5e-07,51,51,251,
1.1e-06,142,142,249,
2e-07,6,6,249,
2e-07,17,17,250,
2e-07,19,19,246,
2e-07,12,12,244,
2e-07,19,19,245,
3e-07,8,8,244,
3e-07,18,18,243,
3e-07,24,24,241,
2e-07,19,19,242,
2e-07,11,11,246,
3e-07,12,12,246,
3e-07,19,19,244,
6e-07,59,59,244,
1e-07,5,5,257,
3e-07,25,25,256,
6e-07,45,45,259,
1.2e-06,137,137,250,
2e-07,5,5,250,
1.1e-06,134,134,249,
3e-07,30,30,247,
1e-07,9,9,247,
3e-07,11,11,242,
2e-07,9,9,236,
4e-07,37,37,236,
3e-07,16,16,233,
4e-07,44,44,222,
2e-07,18,18,224,
4e-07,40,40,224,
1e-06,123,123,222,
1.2e-06,158,158,221,
3e-07,29,29,221,
5e-07,56,56,224,
1.3e-06,160,160,227,
2e-07,12,12,222,
5e-07,39,39,220,
2e-07,13,13,223,
4e-07,41,41,221,
3e-07,27,27,217,
3e-07,24,24,213,
4e-07,32,32,214,
4e-07,43,43,219,
3e-07,28,28,218,
7e-07,82,82,219,
2e-07,11,11,215,
5e-07,49,49,214,
8e-07,100,100,213,
1e-07,4,4,216,
4e-07,37,37,221,
2e-07,12,12,222,
2e-07,3,3,221,
4e-07,34,34,221,
4e-07,46,46,222,
5e-07,49,49,223,
2e-07,16,16,226,
5e-07,50,50,225,
4e-07,38,38,225,
7e-07,81,81,225,
3e-07,23,23,225,
3e-07,23,23,224,
3e-07,19,19,223,
1e-07,0,0,232,
2e-07,4,4,232,
7e-07,72,72,231,
1e-06,123,123,229,
6e-07,65,65,227,
1e-06,130,130,227,
4e-07,28,28,228,
5e-07,51,51,230,
3e-07,19,19,233,
3e-07,26,26,235,
4e-07,38,38,234,
2e-07,18,18,233,
1.7e-06,213,213,231,
1e-07,4,4,233,
5e-07,57,57,228,
6e-07,65,65,223,
2e-07,21,21,226,
3e-07,23,23,229,
5e-07,48,48,231,
1e-07,3,3,226,
3e-07,33,33,226,
5e-07,47,47,228,
6e-07,76,76,219,
3e-07,23,23,222,
3e-07,14,14,220,
5e-07,45,45,217,
4e-07,31,31,216,
2e-07,9,9,218,
5e-07,63,63,219,
3e-07,28,28,216,
5e-07,44,44,217,
3e-07,24,24,221,
5e-07,44,44,221,
6e-07,58,58,223,
6e-07,75,75,219,
7e-07,73,73,218,
3e-07,23,23,217,
2e-07,3,3,223,
6e-07,72,72,226,
3e-07,17,17,224,
5e-07,48,48,228,
5e-07,42,42,228,
1e-07,5,5,233,
3e-07,32,32,231,
4e-07,46,46,225,
1e-07,0,0,225,
3e-07,13,13,226,
6e-07,76,76,226,
4e-07,37,37,219,
3e-07,9,9,219,
3e-07,19,19,215,
2e-07,15,15,218,
3e-07,27,27,219,
1.4e-06,193,193,223,
2e-07,18,18,222,
7e-07,85,85,224,
4e-07,29,29,222,
4e-07,30,30,225,
4e-07,33,33,240,
1e-07,0,0,230,
4e-07,42,42,225,
4e-07,32,32,223,
6e-07,80,80,220,
1e-07,9,9,214,
1.2e-06,148,148,214,
3e-07,26,26,207,
1e-07,0,0,206,
4e-07,35,35,214,
4e-07,40,40,206,
1e-07,6,6,210,
3e-07,32,32,208,
1.1e-06,139,139,212,
4e-07,36,36,208,
6e-07,65,65,208,
1.1e-06,136,136,204,
3e-07,16,16,208,
2e-07,8,8,200,
6e-07,60,60,199,
3e-07,28,28,201,
3e-07,19,19,198,
2e-07,20,20,199,
3e-07,24,24,201,
3e-07,20,20,200,
5e-07,52,52,205,
2e-07,5,5,205,
4e-07,36,36,206,
2e-07,5,5,209,
3e-07,18,18,210,
6e-07,67,67,210,
5e-07,55,55,212,
2e-07,14,14,206,
4e-07,43,43,206,
1e-07,0,0,205,
3e-07,28,28,209,
2e-07,14,14,206,
5e-07,59,59,206,
3e-07,19,19,209,
2e-07,13,13,201,
3e-07,15,15,203,
2e-07,18,18,209,
4e-07,31,31,208,
3e-07,17,17,208,
4e-07,47,47,203,
1e-07,7,7,208,
5e-07,60,60,201,
7e-07,76,76,198,
1.1e-06,135,135,191,
1.3e-06,168,168,198,
2e-07,4,4,199,
4e-07,44,44,196,
7e-07,88,88,200,
6e-07,71,71,198,
1e-07,1,1,199,
1e-07,0,0,197,
4e-07,32,32,202,
3e-07,23,23,196,
2e-07,10,10,195,
4e-07,34,34,194,
4e-07,31,31,198,
4e-07,41,41,198,
1.1e-06,135,135,196,
2e-07,11,11,197,
1.2e-06,150,150,207,
1e-07,0,0,208,
5e-07,43,43,209,
8e-07,85,85,207,
4e-07,49,49,205,
2e-07,0,0,209,
4e-07,43,43,209,
4e-07,34,34,211,
3e-07,19,19,213,
4e-07,31,31,211,
1.4e-06,178,178,213,
2e-07,18,18,213,
4e-07,42,42,205,
2e-07,9,9,205,
4e-07,38,38,208,
8e-07,84,84,209,
2e-07,5,5,209,
5e-07,44,44,209,
3e-07,23,23,216,
5e-07,41,41,217,
3e-07,20,20,218,
1.3e-06,165,165,222,
4e-07,42,42,222,
3e-07,26,26,227,
8e-07,108,108,235,
1e-07,4,4,234,
6e-07,72,72,237,
1e-07,0,0,236,
2e-07,4,4,232,
7e-07,85,85,230,
7e-07,88,88,231,
3e-07,30,30,230,
2e-07,1,1,229,
1e-06,130,130,228,
2e-07,19,19,230,
3e-07,28,28,218,
1e-07,0,0,216,
1e-06,117,117,209,
6e-07,78,78,202,
5e-07,56,56,199,
2e-07,22,22,201,
9e-07,117,117,202,
5e-07,48,48,209,
1e-07,2,2,210,
6e-07,65,65,212,
4e-07,38,38,211,
8e-07,87,87,223,
1.3e-06,160,160,223,
8e-07,71,71,228,
2e-07,10,10,229,
1.2e-06,152,152,234,
4e-07,43,43,234,
3e-07,27,27,233,
3e-07,30,30,236,
1.4e-06,170,170,239,
4e-07,31,31,235,
2e-07,9,9,236,
3e-07,25,25,233,
2e-07,1,1,234,
4e-07,37,37,236,
2e-07,22,22,233,
4e-07,48,48,232,
1e-07,0,0,232,
2e-07,11,11,225,
4e-07,44,44,228,
2e-07,14,14,228,
2e-07,14,14,226,
7e-07,77,77,222,
4e-07,35,35,222,
3e-07,14,14,218,
4e-07,32,32,217,
2e-07,14,14,214,
2e-07,11,11,217,
2e-07,17,17,217,
5e-07,55,55,217,
2e-07,21,21,217,
4e-07,34,34,215,
3e-07,19,19,210,
2e-07,24,24,210,
3e-07,40,40,214,
2e-07,19,19,217,
1e-07,7,7,220,
3e-07,14,14,233,
7e-07,84,84,233,
2e-07,6,6,238,
7e-07,76,76,238,
3e-07,28,28,241,
2e-07,16,16,247,
4e-07,30,30,241,
8e-07,95,95,239,
4e-07,47,47,238,
4e-07,28,28,239,
5e-07,55,55,238,
4e-07,47,47,239,
6e-07,75,75,241,
1.3e-06,174,174,243,
1e-07,0,0,245,
2e-07,10,10,244,
1.1e-06,144,144,244,
5e-07,65,65,243,
2e-07,17,17,237,
5e-07,55,55,237,
3e-07,29,29,237,
5e-07,41,41,236,
2e-07,9,9,232,
1.1e-06,133,133,233,
6e-07,83,83,229,
5e-07,43,43,231,
2e-07,10,10,230,
7e-07,86,86,232,
3e-07,17,17,230,
2e-07,18,18,230,
4e-07,27,27,230,
5e-07,53,53,235,
3e-07,12,12,231,
3e-07,30,30,224,
5e-07,58,58,229,
7e-07,87,87,234,
5e-07,47,47,228,
2e-07,11,11,227,
6e-07,55,55,227,
7e-07,73,73,222,
1e-07,3,3,226,
1e-06,123,123,226,
1.1e-06,145,145,226,
6e-07,68,68,206,
2e-07,1,1,205,
9e-07,121,121,206,
3e-07,32,32,205,
2e-07,12,12,205,
6e-07,73,73,199,
1.1e-06,140,140,197,
4e-07,38,38,190,
2e-07,14,14,184,
8e-07,109,109,188,
2e-07,12,12,188,
1e-07,5,5,187,
2e-07,20,20,188,
3e-07,37,37,187,
2e-07,11,11,192,
2e-07,8,8,189,
1e-07,0,0,191,
3e-07,29,29,191,
5e-07,61,61,188,
4e-07,36,36,180,
6e-07,84,84,176,
1.1e-06,137,137,183,
3e-07,28,28,184,
4e-07,30,30,183,
4e-07,47,47,175,
3e-07,26,26,174,
2e-07,15,15,168,
1e-06,134,134,165,
2e-07,18,18,164,
8e-07,90,90,164,
3e-07,20,20,167,
4e-07,33,33,164,
5e-07,43,43,164,
4e-07,43,43,164,
4e-07,44,44,157,
1e-07,1,1,139,
3e-07,21,21,142,
5e-07,64,64,143,
1e-07,1,1,144,
4e-07,39,39,142,
2e-07,1,1,142,
1e-07,0,0,144,
9e-07,121,121,147,
1e-07,4,4,146,
5e-07,53,53,146,
4e-07,33,33,153,
3e-07,19,19,150,
2e-07,6,6,148,
2e-07,18,18,149,
5e-07,59,59,150,
1e-07,0,0,150,
5e-07,64,64,148,
6e-07,70,70,147,
5e-07,62,62,147,
2e-07,20,20,151,
2e-07,4,4,147,
4e-07,40,40,147,
3e-07,35,35,141,
3e-07,34,34,144,
2e-07,8,8,142,
4e-07,48,48,143,
1e-07,8,8,143,
5e-07,56,56,142,
3e-07,18,18,146,
3e-07,31,31,142,
7e-07,74,74,144,
4e-07,41,41,142,
2e-07,8,8,130,
3e-07,25,25,134,
6e-07,71,71,140,
1e-06,120,120,143,
1e-06,122,122,139,
2e-07,12,12,138,
1e-07,0,0,137,
7e-07,71,71,138,
2e-07,12,12,138,
7e-07,77,77,142,
2e-07,2,2,142,
9e-07,111,111,141,
2e-07,9,9,152,
9e-07,107,107,150,
4e-07,48,48,153,
3e-07,36,36,152,
1e-07,0,0,150,
3e-07,34,34,150,
2e-07,2,2,153,
3e-07,34,34,159,
1e-07,5,5,159,
3e-07,34,34,153,
2e-07,17,17,155,
3e-07,22,22,154,
5e-07,54,54,153,
2e-07,13,13,148,
2e-07,16,16,147,
1e-07,5,5,148,
3e-07,29,29,141,
3e-07,17,17,136,
8e-07,95,95,136,
4e-07,45,45,134,
4e-07,42,42,134,
1e-07,3,3,128,
3e-07,31,31,126,
3e-07,31,31,126,
2e-07,4,4,126,
2e-07,19,19,126,
3e-07,32,32,120,
2e-07,12,12,117,
5e-07,61,61,118,
3e-07,27,27,119,
1e-07,7,7,128,
6e-07,68,68,125,
7e-07,84,84,124,
7e-07,83,83,119,
3e-07,17,17,114,
7e-07,85,85,111,
6e-07,79,79,115,
4e-07,32,32,114,
4e-07,48,48,118,
2e-07,0,0,121,
5e-07,58,58,128,
1e-07,3,3,137,
2e-07,8,8,133,
5e-07,59,59,132,
5e-07,63,63,136,
6e-07,64,64,113,
5e-07,62,62,122,
2e-07,11,11,122,
2e-07,4,4,113,
6e-07,58,58,101,
2e-07,14,14,106,
4e-07,48,48,114,
2e-07,12,12,113,
2e-07,11,11,116,
3e-07,27,27,102,
5e-07,48,48,98,
4e-07,40,40,98,
3e-07,18,18,96,
1e-07,4,4,96,
2e-07,3,3,100,
2e-07,15,15,98,
2e-07,3,3,99,
3e-07,21,21,99,
2e-07,15,15,99,
4e-07,28,28,104,
4e-07,40,40,107,
6e-07,59,59,106,
1e-07,2,2,100,
5e-07,45,45,102,
5e-07,48,48,100,
4e-07,29,29,105,
3e-07,25,25,98,
2e-07,4,4,99,
2e-07,2,2,102,
5e-07,45,45,99,
7e-07,72,72,108,
2e-07,1,1,99,
3e-07,24,24,97,
2e-07,12,12,90,
3e-07,19,19,88,
3e-07,21,21,91,
2e-07,13,13,86,
2e-07,15,15,90,
4e-07,39,39,89,
2e-07,8,8,88,
2e-07,8,8,84,
2e-07,10,10,89,
5e-07,61,61,88,
4e-07,42,42,88,
2e-07,9,9,95,
5e-07,60,60,94,
4e-07,38,38,93,
4e-07,34,34,91,
2e-07,13,13,93,
5e-07,55,55,97,
1e-07,2,2,93,
2e-07,1,1,97,
3e-07,32,32,97,
5e-07,53,53,96,
2e-07,21,21,98,
2e-07,9,9,102,
3e-07,29,29,105,
2e-07,6,6,104,
3e-07,34,34,102,
3e-07,18,18,113,
2e-07,4,4,100,
5e-07,44,44,101,
2e-07,11,11,112,
1e-07,7,7,118,
4e-07,51,51,123,
2e-07,10,10,125,
3e-07,20,20,125,
2e-07,6,6,138,
3e-07,20,20,137,
3e-07,24,24,144,
3e-07,20,20,144,
2e-07,15,15,146,
1e-07,0,0,146,
8e-07,99,99,144,
6e-07,68,68,149,
3e-07,27,27,147,
8e-07,99,99,145,
6e-07,71,71,145,
6e-07,70,70,137,
8e-07,110,110,130,
3e-07,22,22,131,
4e-07,36,36,125,
5e-07,46,46,122,
2e-07,22,22,100,
1e-07,7,7,109,
2e-07,1,1,112,
2e-07,9,9,113,
3e-07,30,30,111,
6e-07,74,74,105,
1e-07,2,2,107,
3e-07,15,15,104,
1e-07,2,2,98,
3e-07,15,15,99,
2e-07,19,19,101,
3e-07,20,20,105,
3e-07,26,26,105,
5e-07,57,57,108,
2e-07,2,2,108,
4e-07,29,29,106,
3e-07,18,18,107,
3e-07,16,16,112,
3e-07,17,17,104,
2e-07,20,20,104,
4e-07,43,43,107,
2e-07,7,7,107,
1e-07,4,4,105,
3e-07,16,16,105,
2e-07,15,15,100,
3e-07,25,25,99,
2e-07,10,10,100,
5e-07,53,53,100,
2e-07,19,19,103,
6e-07,68,68,103,
6e-07,67,67,103,
4e-07,38,38,103,
5e-07,57,57,108,
3e-07,27,27,109,
1e-07,2,2,109,
6e-07,59,59,114,
3e-07,36,36,97,
3e-07,18,18,102,
3e-07,27,27,92,
8e-07,88,88,92,
5e-07,45,45,85,
3e-07,27,27,79,
5e-07,59,59,76,
2e-07,4,4,69,
4e-07,44,44,72,
2e-07,12,12,72,
4e-07,38,38,69,
6e-07,70,70,71,
5e-07,44,44,71,
3e-07,24,24,72,
5e-07,51,51,75,
1e-07,7,7,73,
1e-07,8,8,64,
1e-07,7,7,65,
3e-07,27,27,60,
3e-07,15,15,51,
2e-07,1,1,52,
3e-07,26,26,53,
1e-07,6,6,54,
2e-07,17,17,50,
3e-07,38,38,55,
3e-07,34,34,40,
1e-07,6,6,42,
2e-07,6,6,35,
7e-07,31,31,39,
3e-07,19,19,37,
2e-07,0,0,36,
2e-07,3,3,35,
3e-07,23,23,33,
2e-07,8,8,32,
2e-07,3,3,35,
3e-07,20,20,35,
2e-07,6,6,28,
3e-07,21,21,28,
2e-07,19,19,21,
1e-07,6,6,18,
1e-07,2,2,18,
2e-07,3,3,20,
2e-07,7,7,21,
2e-07,8,8,21,
2e-07,10,10,20,
3e-07,26,26,27,
2e-07,15,15,28,
1e-07,3,3,18,
1e-07,1,1,12,
2e-07,9,9,11,
2e-07,2,2,13,
2e-07,2,2,14,
3e-07,13,13,18,
1e-07,2,2,14,
2e-07,5,5,13,
2e-07,3,3,24,
3e-07,12,12,25,
3e-07,20,20,29,
2e-07,9,9,34,
2e-07,21,21,32,
3e-07,8,8,30,
3e-07,21,21,31,
4e-07,25,25,35,
1e-07,5,5,34,
3e-07,28,28,39,
3e-07,20,20,36,
2e-07,15,15,35,
2e-07,11,11,36,
2e-07,8,8,36,
2e-07,13,13,36,
3e-07,28,28,31,
4e-07,28,28,32,
2e-07,11,11,27,
2e-07,1,1,30,
2e-07,9,9,28,
3e-07,12,12,33,
4e-07,34,34,38,
3e-07,37,37,40,
2e-07,14,14,39,
2e-07,20,20,48,
3e-07,17,17,46,
3e-07,29,29,48,
2e-07,2,2,49,
4e-07,41,41,51,
2e-07,6,6,52,
2e-07,10,10,52,
2e-07,4,4,51,
3e-07,16,16,51,
4e-07,40,40,54,
4e-07,36,36,47,
4e-07,39,39,49,
1e-07,3,3,48,
2e-07,4,4,49,
1e-07,3,3,46,
2e-07,4,4,37,
2e-07,5,5,36,
2e-07,12,12,39,
1e-07,5,5,43,
3e-07,29,29,44,
2e-07,10,10,43,
3e-07,17,17,43,
2e-07,6,6,41,
2e-07,11,11,43,
1e-07,6,6,45,
2e-07,8,8,52,
1e-07,1,1,49,
1e-07,5,5,45,
2e-07,1,1,46,
1e-07,5,5,45,
4e-07,36,36,45,
3e-07,26,26,46,
2e-07,6,6,48,
3e-07,22,22,47,
2e-07,20,20,45,
2e-07,20,20,45,
3e-07,14,14,44,
2e-07,13,13,50,
3e-07,18,18,54,
2e-07,15,15,74,
3e-07,25,25,75,
1e-07,2,2,74,
5e-07,48,48,77,
5e-07,47,47,81,
2e-07,26,26,80,
2e-07,10,10,76,
2e-07,2,2,81,
4e-07,51,51,75,
3e-07,17,17,70,
2e-07,3,3,69,
3e-07,18,18,61,
3e-07,34,34,60,
3e-07,36,36,61,
2e-07,16,16,61,
3e-07,20,20,75,
3e-07,19,19,75,
4e-07,41,41,78,
4e-07,29,29,78,
1e-07,0,0,78,
2e-07,6,6,79,
2e-07,11,11,82,
4e-07,29,29,74,
4e-07,35,35,74,
3e-07,27,27,65,
2e-07,21,21,66,
3e-07,36,36,67,
3e-07,22,22,69,
2e-07,0,0,61,
1e-07,1,1,61,
3e-07,18,18,61,
3e-07,18,18,60,
2e-07,8,8,59,
5e-07,48,48,56,
2e-07,7,7,60,
3e-07,22,22,59,
5e-07,54,54,59,
3e-07,15,15,56,
5e-07,53,53,56,
2e-07,22,22,56,
2e-07,5,5,58,
1e-07,3,3,58,
5e-07,62,62,64,
1e-07,1,1,65,
3e-07,15,15,60,
2e-07,10,10,58,
4e-07,36,36,57,
3e-07,18,18,54,
3e-07,22,22,55,
1e-07,0,0,57,
3e-07,25,25,56,
3e-07,15,15,54,
5e-07,50,50,56,
5e-07,43,43,56,
2e-07,6,6,67,
2e-07,3,3,64,
1e-07,0,0,66,
1e-07,6,6,63,
2e-07,10,10,55,
2e-07,9,9,56,
1e-07,7,7,54,
2e-07,7,7,57,
2e-07,4,4,56,
1e-07,8,8,54,
5e-07,54,54,57,
3e-07,27,27,56,
3e-07,19,19,58,
3e-07,29,29,48,
2e-07,9,9,52,
3e-07,20,20,46,
1e-07,6,6,41,
1e-07,3,3,39,
2e-07,15,15,34,
3e-07,16,16,35,
2e-07,13,13,30,
3e-07,25,25,33,
2e-07,13,13,33,
2e-07,5,5,29,
1e-07,6,6,26,
1e-07,0,0,26,
3e-07,13,13,27,
2e-07,12,12,25,
1e-07,4,4,12,
2e-07,0,0,1,
1e-07,0,0,2,
2e-07,0,0,1,
1e-07,0,0,7,
2e-07,2,2,10,
1e-07,0,0,11,
1e-07,2,2,8,
2e-07,5,5,6,
2e-07,3,3,4,
1e-07,1,1,4,
2e-07,2,2,5,
2e-07,4,4,5,
1e-07,5,5,6,
1e-07,0,0,10,
2e-07,3,3,13,
1e-07,0,0,16,
2e-07,9,9,15,
1e-07,2,2,19,
1e-07,3,3,13,
1e-07,0,0,8,
1e-07,0,0,4,
2e-07,6,6,7,
1e-07,0,0,8,
1e-07,2,2,6,
1e-07,3,3,12,
2e-07,6,6,9,
1e-07,2,2,10,
1e-07,2,2,7,
1e-07,1,1,12,
1e-07,1,1,12,
2e-07,1,1,11,
2e-07,4,4,11,
2e-07,3,3,13,
2e-07,6,6,9,
2e-07,5,5,9,
1e-07,5,5,9,
2e-07,7,7,9,
2e-07,10,10,11,
1e-07,3,3,10,
2e-07,2,2,17,
1e-07,4,4,16,
2e-07,6,6,17,
2e-07,7,7,9,
2e-07,2,2,9,
1e-07,5,5,9,
1e-07,2,2,8,
1e-07,2,2,3,
2e-07,0,0,4,
1e-07,0,0,7,
1e-07,2,2,5,
1e-07,1,1,3,
2e-07,3,3,6,
1e-07,3,3,8,
2e-07,7,7,9,
2e-07,9,9,22,
1e-07,1,1,17,
2e-07,1,1,13,
1e-07,3,3,12,
2e-07,5,5,8,
1e-07,4,4,5,
1e-07,0,0,5,
1e-07,2,2,3,
1e-07,1,1,2,
1e-07,1,1,3,
2e-07,0,0,1,
2e-07,3,3,6,
1e-07,0,0,5,
1e-07,0,0,2,
1e-07,2,2,4,
1e-07,2,2,9,
1e-07,2,2,8,
1e-07,1,1,9,
1e-07,7,7,11,
1e-07,0,0,6,
1e-07,1,1,9,
2e-07,2,2,10,
1e-07,1,1,13,
1e-07,7,7,17,
2e-07,2,2,8,
1e-07,3,3,8,
1e-07,1,1,9,
1e-07,1,1,12,
2e-07,7,7,12,
2e-07,7,7,10,
1e-07,0,0,10,
1e-07,2,2,9,
2e-07,8,8,10,
1e-07,5,5,11,
2e-07,8,8,9,
2e-07,3,3,8,
1e-07,8,8,11,
1e-07,1,1,4,
1e-07,1,1,11,
1e-07,3,3,12,
2e-07,13,13,26,
2e-07,7,7,30,
2e-07,8,8,29,
2e-07,14,14,29,
3e-07,20,20,29,
1e-07,6,6,29,
2e-07,3,3,29,
2e-07,6,6,31,
1e-07,6,6,31,
2e-07,10,10,40,
2e-07,11,11,38,
2e-07,15,15,26,
2e-07,14,14,19,
1e-07,0,0,16,
1e-07,0,0,1,
1e-07,1,1,3,
2e-07,4,4,7,
2e-07,1,1,8,
1e-07,4,4,11,
2e-07,8,8,16,
3e-07,21,21,22,
2e-07,2,2,14,
1e-07,0,0,12,
2e-07,8,8,13,
1e-07,2,2,11,
2e-07,5,5,9,
1e-07,3,3,8,
1e-07,0,0,11,
2e-07,13,13,14,
2e-07,10,10,14,
2e-07,5,5,11,
1e-07,3,3,7,
2e-07,1,1,2,
1e-07,1,1,2,
2e-07,5,5,10,
1e-07,5,5,9,
1e-07,0,0,8,
2e-07,3,3,6,
1e-07,2,2,6,
1e-07,4,4,6,
1e-07,3,3,5,
2e-07,2,2,7,
1e-07,1,1,7,
1e-07,1,1,7,
1e-07,2,2,7,
1e-07,0,0,1,
1e-07,0,0,3,
1e-07,2,2,5,
1e-07,0,0,1,
1e-07,0,0,3,
1e-07,1,1,2,
1e-07,0,0,2,
2e-07,9,9,11,
1e-07,1,1,11,
2e-07,10,10,14,
1e-07,3,3,13,
1e-07,4,4,13,
2e-07,2,2,6,
2e-07,0,0,1,
1e-07,1,1,5,
2e-07,5,5,6,
2e-07,2,2,7,
1e-07,2,2,6,
1e-07,2,2,12,
1e-07,5,5,8,
2e-07,2,2,6,
2e-07,0,0,4,
2e-07,4,4,5,
2e-07,0,0,2,
1e-07,0,0,3,
2e-07,5,5,6,
1e-07,1,1,6,
2e-07,0,0,1,
1e-07,0,0,1,
2e-07,4,4,5,
1e-07,0,0,5,
1e-07,2,2,3,
1e-07,0,0,2,
1e-07,0,0,1,
1e-07,4,4,8,
2e-07,5,5,12,
3e-07,13,13,15,
1e-07,1,1,12,
2e-07,9,9,11,
2e-07,6,6,7,
1e-07,0,0,7,
2e-07,9,9,10,
2e-07,8,8,10,
1e-07,4,4,12,
2e-07,9,9,12,
2e-07,3,3,14,
1e-07,0,0,13,
1e-07,1,1,12,
2e-07,9,9,10,
2e-07,9,9,14,
2e-07,6,6,7,
2e-07,2,2,5,
2e-07,1,1,4,
1e-07,6,6,8,
2e-07,7,7,8,
1e-07,1,1,13,
3e-07,21,21,29,
2e-07,5,5,30,
2e-07,12,12,24,
3e-07,13,13,18,
1e-07,0,0,8,
1e-07,2,2,9,
1e-07,2,2,13,
2e-07,0,0,17,
1e-07,2,2,8,
1e-07,1,1,12,
2e-07,11,11,12,
2e-07,13,13,15,
1e-07,2,2,15,
2e-07,2,2,3,
1e-07,0,0,1,
2e-07,4,4,6,
2e-07,10,10,20,
2e-07,6,6,22,
3e-07,16,16,23,
2e-07,16,16,23,
1e-07,2,2,21,
2e-07,7,7,22,
1e-07,11,11,16,
2e-07,9,9,10,
2e-07,9,9,15,
2e-07,2,2,18,
1e-07,3,3,24,
1e-07,5,5,30,
3e-07,22,22,30,
2e-07,4,4,35,
2e-07,4,4,36,
2e-07,23,23,36,
2e-07,3,3,38,
2e-07,19,19,38,
2e-07,17,17,39,
4e-07,41,41,44,
2e-07,4,4,41,
4e-07,36,36,40,
2e-07,5,5,39,
2e-07,5,5,41,
2e-07,14,14,44,
2e-07,10,10,43,
2e-07,7,7,50,
2e-07,22,22,52,
1e-07,2,2,42,
2e-07,7,7,45,
3e-07,4,4,46,
5e-07,33,33,48,
2e-07,15,15,46,
4e-07,31,31,44,
2e-07,4,4,44,
1e-07,4,4,47,
3e-07,31,31,46,
3e-07,30,30,46,
3e-07,26,26,46,
2e-07,19,19,52,
4e-07,36,36,51,
2e-07,16,16,51,
5e-07,45,45,49,
3e-07,19,19,51,
1e-07,1,1,52,
2e-07,6,6,48,
2e-07,10,10,56,
2e-07,8,8,61,
4e-07,39,39,62,
4e-07,35,35,63,
3e-07,24,24,63,
2e-07,10,10,63,
1e-07,4,4,60,
1e-07,2,2,58,
1e-07,5,5,57,
2e-07,12,12,58,
3e-07,30,30,57,
3e-07,22,22,58,
3e-07,34,34,54,
1e-07,7,7,54,
1e-07,1,1,52,
2e-07,13,13,46,
2e-07,8,8,47,
1e-07,0,0,49,
4e-07,29,29,55,
2e-07,18,18,55,
4e-07,48,48,55,
4e-07,38,38,56,
2e-07,16,16,54,
1e-07,9,9,51,
3e-07,18,18,49,
1e-07,6,6,49,
2e-07,12,12,50,
2e-07,9,9,49,
2e-07,15,15,51,
2e-07,14,14,51,
1e-07,2,2,46,
3e-07,20,20,43,
2e-07,11,11,43,
4e-07,35,35,38,
2e-07,6,6,39,
2e-07,9,9,38,
1e-07,5,5,38,
3e-07,23,23,38,
1e-07,0,0,42,
2e-07,12,12,42,
2e-07,21,21,41,
2e-07,21,21,42,
2e-07,5,5,49,
3e-07,21,21,52,
4e-07,40,40,52,
3e-07,27,27,48,
2e-07,14,14,39,
2e-07,8,8,44,
1e-07,0,0,58,
4e-07,38,38,60,
2e-07,21,21,57,
3e-07,32,32,52,
5e-07,47,47,55,
2e-07,7,7,51,
1e-07,3,3,43,
2e-07,5,5,47,
3e-07,22,22,44,
2e-07,2,2,51,
1e-07,1,1,54,
3e-07,22,22,51,
2e-07,16,16,48,
4e-07,40,40,43,
2e-07,9,9,54,
3e-07,34,34,49,
1e-07,7,7,51,
3e-07,27,27,50,
1e-07,0,0,55,
2e-07,18,18,53,
2e-07,12,12,54,
1e-07,2,2,49,
2e-07,9,9,49,
4e-07,41,41,54,
3e-07,20,20,49,
4e-07,30,30,46,
3e-07,27,27,45,
3e-07,31,31,37,
3e-07,30,30,37,
1e-07,4,4,37,
2e-07,15,15,36,
2e-07,11,11,38,
3e-07,22,22,35,
2e-07,9,9,34,
2e-07,10,10,35,
2e-07,11,11,38,
3e-07,33,33,35,
1e-07,2,2,36,
2e-07,12,12,42,
2e-07,14,14,42,
2e-07,9,9,34,
2e-07,4,4,20,
1e-07,3,3,21,
1e-07,0,0,26,
1e-07,3,3,24,
1e-07,1,1,2,
2e-07,0,0,1,
1e-07,0,0,1,
2e-07,4,4,6,
2e-07,0,0,2,
2e-07,0,0,1,
2e-07,3,3,5,
1e-07,3,3,4,
2e-07,0,0,2,
1e-07,0,0,1,
1e-07,1,1,2,
1e-07,1,1,3,
2e-07,2,2,5,
2e-07,4,4,5,
2e-07,0,0,7,
2e-07,5,5,7,
2e-07,4,4,11,
4e-07,8,8,9,
4e-07,4,4,10,
4e-07,4,4,9,
2e-07,5,5,15,
2e-07,3,3,15,
2e-07,5,5,13,
2e-07,2,2,13,
7e-07,9,9,15,
2e-07,7,7,19,
2e-07,11,11,19,
2e-07,14,14,19,
2e-07,17,17,19,
2e-07,0,0,26,
1e-07,6,6,19,
1e-07,8,8,18,
2e-07,5,5,14,
3e-07,6,6,9,
2e-07,0,0,6,
2e-07,0,0,5,
2e-07,3,3,6,
1e-07,0,0,3,
1e-07,0,0,1,
1e-07,1,1,4,
1e-07,3,3,4,
2e-07,3,3,4,
2e-07,0,0,23,
2e-07,15,15,22,
1e-07,2,2,27,
2e-07,11,11,24,
2e-07,5,5,26,
1e-07,0,0,22,
1e-07,8,8,21,
2e-07,7,7,23,
2e-07,12,12,21,
3e-07,16,16,27,
2e-07,5,5,24,
2e-07,3,3,19,
1e-07,1,1,19,
2e-07,1,1,20,
1e-07,4,4,22,
2e-07,9,9,22,
1e-07,1,1,19,
2e-07,5,5,19,
2e-07,6,6,18,
2e-07,8,8,19,
1e-07,2,2,17,
2e-07,4,4,19,
2e-07,8,8,17,
2e-07,6,6,17,
1e-07,4,4,18,
2e-07,15,15,18,
1e-07,4,4,16,
2e-07,1,1,11,
2e-07,3,3,10,
2e-07,10,10,11,
2e-07,6,6,11,
3e-07,6,6,12,
2e-07,6,6,10,
2e-07,3,3,9,
2e-07,8,8,13,
2e-07,4,4,13,
2e-07,6,6,12,
1e-07,8,8,13,
1e-07,5,5,13,
2e-07,1,1,13,
2e-07,11,11,19,
1e-07,0,0,22,
1e-07,9,9,21,
3e-07,17,17,20,
1e-07,5,5,19,
2e-07,7,7,20,
3e-07,21,21,23,
2e-07,3,3,23,
1e-07,3,3,26,
2e-07,16,16,20,
2e-07,1,1,17,
2e-07,8,8,26,
2e-07,20,20,27,
2e-07,20,20,24,
1e-07,0,0,29,
3e-07,15,15,28,
1e-07,8,8,27,
1e-07,3,3,22,
1e-07,0,0,25,
3e-07,26,26,27,
2e-07,6,6,26,
2e-07,14,14,28,
2e-07,10,10,26,
2e-07,9,9,26,
2e-07,13,13,26,
2e-07,13,13,30,
1e-07,0,0,36,
1e-07,3,3,36,
4e-07,34,34,37,
2e-07,10,10,38,
3e-07,15,15,38,
2e-07,13,13,38,
2e-07,19,19,37,
1e-07,5,5,44,
2e-07,17,17,41,
2e-07,2,2,41,
2e-07,10,10,38,
3e-07,17,17,33,
3e-07,25,25,33,
3e-07,24,24,31,
1e-07,1,1,34,
1e-07,3,3,37,
3e-07,20,20,29,
3e-07,24,24,28,
3e-07,19,19,26,
3e-07,18,18,29,
2e-07,12,12,29,
2e-07,17,17,30,
4e-07,39,39,40,
3e-07,31,31,46,
3e-07,13,13,47,
2e-07,3,3,52,
1e-07,0,0,53,
3e-07,27,27,53,
3e-07,14,14,56,
3e-07,19,19,57,
5e-07,44,44,58,
6e-07,65,65,66,
6e-07,62,62,67,
5e-07,59,59,68,
3e-07,19,19,66,
3e-07,38,38,65,
2e-07,11,11,65,
3e-07,20,20,65,
2e-07,10,10,61,
5e-07,49,49,55,
2e-07,15,15,59,
3e-07,17,17,64,
3e-07,25,25,62,
3e-07,32,32,68,
3e-07,34,34,69,
4e-07,31,31,65,
2e-07,4,4,57,
2e-07,12,12,55,
2e-07,7,7,56,
3e-07,21,21,61,
2e-07,3,3,58,
1e-07,2,2,60,
4e-07,44,44,63,
5e-07,59,59,63,
2e-07,13,13,72,
4e-07,43,43,77,
1e-07,8,8,82,
1e-07,6,6,87,
2e-07,6,6,85,
5e-07,59,59,85,
4e-07,39,39,85,
3e-07,18,18,91,
2e-07,17,17,89,
7e-07,80,80,95,
4e-07,44,44,95,
2e-07,14,14,96,
3e-07,14,14,97,
2e-07,16,16,97,
1e-07,11,11,99,
2e-07,21,21,98,
2e-07,12,12,99,
7e-07,75,75,103,
2e-07,4,4,102,
1e-07,6,6,100,
4e-07,39,39,92,
3e-07,35,35,90,
7e-07,79,79,90,
2e-07,9,9,84,
2e-07,11,11,87,
3e-07,24,24,82,
2e-07,9,9,80,
1e-07,10,10,87,
2e-07,11,11,89,
3e-07,35,35,84,
1e-07,8,8,90,
4e-07,52,52,76,
2e-07,9,9,78,
5e-07,48,48,78,
3e-07,14,14,74,
3e-07,24,24,66,
5e-07,52,52,68,
1e-07,3,3,73,
2e-07,10,10,72,
5e-07,48,48,72,
2e-07,5,5,69,
1e-07,8,8,66,
3e-07,24,24,67,
1e-07,0,0,65,
4e-07,46,46,60,
5e-07,36,36,48,
4e-07,41,41,44,
2e-07,12,12,56,
3e-07,39,39,59,
1e-07,8,8,55,
2e-07,13,13,50,
2e-07,9,9,44,
2e-07,9,9,45,
1e-07,0,0,48,
2e-07,12,12,53,
5e-07,49,49,53,
2e-07,14,14,50,
2e-07,13,13,50,
4e-07,37,37,52,
1e-07,4,4,54,
1e-07,5,5,50,
2e-07,10,10,49,
3e-07,32,32,46,
3e-07,27,27,44,
2e-07,7,7,42,
3e-07,21,21,40,
2e-07,21,21,39,
2e-07,3,3,39,
4e-07,40,40,47,
2e-07,17,17,47,
2e-07,16,16,44,
3e-07,30,30,51,
3e-07,21,21,48,
2e-07,18,18,50,
1e-07,1,1,48,
3e-07,19,19,58,
2e-07,2,2,59,
3e-07,33,33,56,
1e-07,1,1,57,
1e-07,4,4,59,
2e-07,15,15,58,
2e-07,15,15,58,
4e-07,45,45,58,
1e-07,4,4,51,
1e-07,6,6,53,
2e-07,17,17,53,
3e-07,32,32,51,
3e-07,26,26,46,
3e-07,24,24,45,
3e-07,20,20,52,
2e-07,9,9,48,
3e-07,23,23,48,
3e-07,22,22,47,
3e-07,19,19,45,
2e-07,13,13,42,
2e-07,23,23,39,
3e-07,12,12,34,
3e-07,21,21,24,
2e-07,20,20,21,
1e-07,0,0,19,
2e-07,17,17,22,
2e-07,13,13,18,
2e-07,13,13,21,
1e-07,2,2,22,
1e-07,2,2,21,
3e-07,16,16,19,
2e-07,14,14,19,
3e-07,14,14,19,
2e-07,9,9,21,
2e-07,17,17,19,
2e-07,13,13,22,
2e-07,9,9,25,
2e-07,10,10,25,
2e-07,9,9,25,
2e-07,9,9,25,
2e-07,11,11,24,
2e-07,8,8,24,
3e-07,20,20,24,
3e-07,16,16,24,
2e-07,15,15,24,
3e-07,23,23,25,
3e-07,18,18,22,
2e-07,9,9,23,
3e-07,24,24,25,
1e-07,2,2,23,
2e-07,3,3,24,
2e-07,7,7,28,
2e-07,8,8,27,
2e-07,2,2,30,
2e-07,8,8,28,
1e-07,5,5,34,
3e-07,27,27,34,
2e-07,12,12,34,
2e-07,14,14,38,
3e-07,24,24,38,
2e-07,8,8,34,
2e-07,13,13,38,
2e-07,5,5,35,
1e-07,1,1,34,
2e-07,4,4,33,
1e-07,6,6,29,
2e-07,11,11,23,
1e-07,4,4,23,
2e-07,2,2,23,
3e-07,9,9,30,
4e-07,28,28,32,
4e-07,12,12,28,
2e-07,14,14,30,
3e-07,8,8,31,
1e-07,0,0,29,
2e-07,1,1,30,
2e-07,6,6,32,
2e-07,6,6,33,
2e-07,11,11,34,
2e-07,10,10,32,
1e-07,6,6,29,
1e-07,0,0,37,
4e-07,33,33,37,
1e-07,3,3,34,
2e-07,10,10,34,
3e-07,18,18,35,
3e-07,21,21,32,
2e-07,17,17,35,
2e-07,11,11,37,
2e-07,12,12,30,
1e-07,6,6,24,
2e-07,9,9,26,
3e-07,21,21,33,
1e-07,8,8,33,
2e-07,10,10,36,
3e-07,34,34,43,
1e-07,0,0,39,
1e-07,9,9,41,
2e-07,15,15,36,
2e-07,10,10,35,
3e-07,12,12,35,
2e-07,4,4,37,
3e-07,30,30,33,
2e-07,13,13,34,
4e-07,29,29,35,
2e-07,9,9,34,
1e-07,0,0,36,
3e-07,21,21,36,
4e-07,39,39,43,
1e-07,1,1,44,
3e-07,24,24,43,
4e-07,31,31,44,
3e-07,24,24,39,
3e-07,38,38,39,
3e-07,13,13,38,
1e-07,3,3,34,
1e-07,2,2,32,
2e-07,9,9,32,
1e-07,1,1,34,
2e-07,5,5,35,
1e-07,7,7,36,
2e-07,15,15,38,
3e-07,17,17,38,
3e-07,25,25,31,
2e-07,1,1,27,
2e-07,15,15,24,
1e-07,0,0,17,
2e-07,2,2,15,
2e-07,9,9,12,
2e-07,7,7,9,
1e-07,8,8,10,
1e-07,7,7,11,
1e-07,5,5,9,
2e-07,7,7,15,
2e-07,15,15,17,
1e-07,5,5,15,
2e-07,3,3,16,
1e-07,1,1,16,
1e-07,1,1,16,
1e-07,2,2,20,
1e-07,0,0,29,
3e-07,14,14,29,
2e-07,11,11,27,
2e-07,9,9,20,
2e-07,9,9,21,
2e-07,9,9,17,
2e-07,10,10,22,
3e-07,12,12,24,
2e-07,19,19,23,
2e-07,13,13,20,
2e-07,13,13,20,
2e-07,7,7,19,
1e-07,4,4,30,
2e-07,4,4,31,
3e-07,21,21,32,
3e-07,26,26,30,
2e-07,11,11,15,
2e-07,9,9,16,
1e-07,4,4,21,
2e-07,8,8,21,
1e-07,4,4,12,
2e-07,1,1,13,
1e-07,4,4,12,
2e-07,10,10,14,
2e-07,5,5,11,
2e-07,10,10,11,
2e-07,5,5,10,
2e-07,9,9,12,
2e-07,6,6,11,
1e-07,3,3,14,
1e-07,0,0,14,
2e-07,10,10,16,
2e-07,2,2,9,
2e-07,3,3,22,
2e-07,5,5,22,
3e-07,16,16,22,
2e-07,15,15,18,
1e-07,3,3,18,
2e-07,9,9,13,
2e-07,11,11,12,
2e-07,12,12,17,
3e-07,17,17,25,
2e-07,16,16,27,
2e-07,14,14,27,
2e-07,23,23,25,
1e-07,2,2,35,
4e-07,39,39,45,
3e-07,35,35,45,
2e-07,8,8,46,
2e-07,6,6,49,
2e-07,19,19,44,
4e-07,42,42,47,
2e-07,4,4,49,
1e-07,0,0,50,
3e-07,22,22,54,
2e-07,10,10,55,
1e-07,3,3,56,
2e-07,9,9,57,
3e-07,29,29,54,
3e-07,23,23,62,
2e-07,12,12,63,
4e-07,34,34,63,
2e-07,2,2,62,
3e-07,20,20,62,
3e-07,28,28,61,
3e-07,17,17,63,
2e-07,11,11,63,
1e-07,11,11,51,
2e-07,9,9,48,
3e-07,37,37,48,
4e-07,43,43,45,
2e-07,12,12,40,
3e-07,16,16,40,
2e-07,18,18,40,
3e-07,18,18,38,
4e-07,36,36,38,
2e-07,14,14,38,
2e-07,13,13,40,
1e-07,4,4,41,
2e-07,2,2,43,
2e-07,11,11,40,
2e-07,9,9,41,
2e-07,15,15,41,
2e-07,7,7,48,
2e-07,16,16,44,
4e-07,38,38,48,
3e-07,27,27,47,
2e-07,13,13,49,
2e-07,5,5,52,
1e-07,6,6,56,
2e-07,9,9,57,
2e-07,11,11,47,
1e-07,6,6,50,
2e-07,16,16,50,
1e-07,3,3,49,
1e-07,1,1,51,
4e-07,33,33,44,
4e-07,25,25,41,
2e-07,14,14,36,
2e-07,8,8,33,
2e-07,2,2,32,
4e-07,28,28,31,
2e-07,10,10,29,
2e-07,9,9,31,
4e-07,29,29,32,
2e-07,5,5,36,
2e-07,2,2,37,
4e-07,31,31,37,
1e-07,5,5,38,
3e-07,29,29,34,
2e-07,14,14,30,
2e-07,8,8,27,
3e-07,19,19,32,
2e-07,15,15,32,
3e-07,20,20,36,
1e-07,3,3,34,
2e-07,17,17,25,
2e-07,13,13,29,
2e-07,4,4,32,
2e-07,5,5,37,
2e-07,5,5,37,
1e-07,4,4,36,
3e-07,21,21,35,
1e-07,3,3,36,
2e-07,9,9,42,
2e-07,1,1,41,
2e-07,6,6,38,
1e-07,1,1,38,
2e-07,15,15,36,
3e-07,29,29,32,
4e-07,32,32,35,
1e-07,5,5,29,
2e-07,7,7,30,
2e-07,5,5,29,
2e-07,6,6,29,
2e-07,5,5,26,
2e-07,12,12,25,
2e-07,19,19,21,
2e-07,9,9,19,
1e-07,2,2,19,
2e-07,7,7,13,
1e-07,5,5,6,
1e-07,0,0,6,
1e-07,0,0,2,
1e-07,2,2,3,
1e-07,0,0,2,
2e-07,4,4,10,
1e-07,2,2,6,
1e-07,3,3,9,
2e-07,5,5,11,
2e-07,2,2,18,
1e-07,1,1,20,
2e-07,12,12,20,
3e-07,18,18,24,
3e-07,28,28,33,
2e-07,17,17,44,
2e-07,9,9,44,
2e-07,11,11,45,
2e-07,11,11,42,
2e-07,4,4,50,
2e-07,9,9,51,
4e-07,33,33,57,
2e-07,15,15,56,
4e-07,51,51,60,
4e-07,37,37,54,
5e-07,48,48,52,
4e-07,33,33,50,
4e-07,45,45,51,
3e-07,34,34,55,
1e-07,3,3,55,
2e-07,8,8,51,
3e-07,31,31,51,
1e-07,3,3,46,
1e-07,4,4,48,
1e-07,1,1,50,
2e-07,15,15,48,
1e-07,5,5,47,
4e-07,37,37,62,
2e-07,12,12,60,
2e-07,11,11,62,
2e-07,13,13,67,
2e-07,4,4,66,
4e-07,31,31,68,
3e-07,26,26,67,
6e-07,66,66,74,
5e-07,67,67,69,
3e-07,22,22,74,
6e-07,64,64,84,
7e-07,82,82,83,
2e-07,6,6,84,
2e-07,15,15,80,
2e-07,15,15,80,
2e-07,11,11,83,
2e-07,3,3,84,
2e-07,1,1,87,
4e-07,34,34,93,
2e-07,3,3,81,
2e-07,16,16,88,
3e-07,17,17,89,
3e-07,7,7,89,
3e-07,20,20,87,
5e-07,54,54,93,
2e-07,5,5,93,
2e-07,18,18,93,
2e-07,14,14,94,
5e-07,52,52,96,
8e-07,88,88,96,
4e-07,34,34,95,
2e-07,14,14,96,
9e-07,99,99,102,
3e-07,30,30,101,
3e-07,26,26,103,
2e-07,4,4,105,
4e-07,36,36,112,
2e-07,11,11,103,
1e-07,7,7,101,
4e-07,42,42,104,
6e-07,74,74,113,
3e-07,21,21,110,
3e-07,25,25,110,
3e-07,23,23,110,
2e-07,20,20,113,
3e-07,31,31,113,
4e-07,11,11,105,
4e-07,39,39,104,
2e-07,18,18,106,
7e-07,86,86,103,
2e-07,1,1,110,
2e-07,8,8,116,
3e-07,26,26,116,
1e-07,4,4,119,
4e-07,41,41,112,
2e-07,2,2,113,
3e-07,18,18,113,
1e-07,1,1,113,
3e-07,23,23,117,
6e-07,59,59,121,
3e-07,31,31,120,
4e-07,29,29,119,
5e-07,53,53,118,
6e-07,56,56,119,
4e-07,48,48,119,
3e-07,31,31,119,
4e-07,42,42,126,
1e-07,8,8,123,
4e-07,28,28,121,
1e-07,3,3,122,
6e-07,65,65,124,
3e-07,22,22,136,
1e-06,128,128,135,
4e-07,36,36,135,
6e-07,69,69,128,
9e-07,99,99,127,
3e-07,16,16,127,
1e-06,123,123,126,
2e-07,14,14,122,
2e-07,8,8,121,
6e-07,78,78,118,
2e-07,9,9,120,
5e-07,50,50,122,
1e-07,9,9,120,
2e-07,6,6,122,
3e-07,22,22,121,
4e-07,46,46,120,
2e-07,10,10,122,
5e-07,59,59,123,
7e-07,79,79,123,
2e-07,7,7,124,
3e-07,32,32,118,
2e-07,10,10,115,
1e-07,6,6,113,
5e-07,51,51,110,
1e-07,0,0,115,
3e-07,33,33,104,
8e-07,98,98,104,
3e-07,19,19,105,
5e-07,55,55,103,
3e-07,31,31,104,
2e-07,15,15,101,
3e-07,18,18,101,
2e-07,15,15,100,
8e-07,87,87,102,
4e-07,42,42,107,
2e-07,8,8,107,
7e-07,77,77,108,
5e-07,52,52,106,
7e-07,87,87,103,
3e-07,13,13,116,
3e-07,25,25,117,
2e-07,8,8,114,
2e-07,13,13,110,
7e-07,83,83,108,
2e-07,4,4,109,
3e-07,12,12,108,
2e-07,9,9,103,
2e-07,16,16,102,
4e-07,46,46,106,
3e-07,19,19,110,
5e-07,59,59,106,
1e-07,6,6,108,
2e-07,0,0,105,
1e-07,4,4,103,
4e-07,46,46,104,
5e-07,56,56,105,
1e-07,9,9,117,
4e-07,40,40,125,
4e-07,55,55,137,
4e-07,48,48,135,
1e-07,8,8,137,
3e-07,29,29,137,
3e-07,33,33,140,
4e-07,47,47,144,
6e-07,72,72,143,
4e-07,36,36,144,
2e-07,8,8,149,
4e-07,40,40,151,
6e-07,60,60,153,
2e-07,14,14,151,
3e-07,34,34,150,
3e-07,33,33,150,
3e-07,26,26,147,
2e-07,2,2,151,
2e-07,15,15,146,
5e-07,50,50,154,
3e-07,17,17,160,
4e-07,40,40,163,
4e-07,41,41,166,
2e-07,5,5,166,
7e-07,69,69,160,
2e-07,11,11,160,
2e-07,13,13,161,
1.1e-06,146,146,161,
2e-07,7,7,150,
3e-07,20,20,146,
1e-07,2,2,148,
6e-07,68,68,151,
5e-07,57,57,149,
2e-07,16,16,149,
2e-07,15,15,149,
2e-07,4,4,150,
2e-07,5,5,150,
2e-07,20,20,143,
5e-07,48,48,151,
2e-07,0,0,150,
1e-07,1,1,152,
3e-07,29,29,151,
4e-07,45,45,148,
2e-07,19,19,147,
2e-07,21,21,144,
5e-07,63,63,143,
7e-07,78,78,143,
1e-07,0,0,140,
2e-07,10,10,142,
3e-07,17,17,138,
9e-07,118,118,141,
3e-07,33,33,140,
2e-07,7,7,140,
3e-07,16,16,139,
3e-07,29,29,138,
3e-07,26,26,138,
1e-07,0,0,137,
3e-07,26,26,138,
3e-07,35,35,131,
5e-07,56,56,132,
1e-07,0,0,140,
2e-07,4,4,139,
4e-07,34,34,142,
1e-07,5,5,142,
3e-07,28,28,145,
4e-07,31,31,153,
2e-07,13,13,150,
4e-07,45,45,142,
4e-07,31,31,143,
2e-07,20,20,142,
4e-07,46,46,139,
8e-07,62,62,141,
3e-07,20,20,144,
3e-07,22,22,141,
4e-07,27,27,137,
8e-07,95,95,134,
3e-07,22,22,134,
4e-07,33,33,134,
4e-07,19,19,137,
6e-07,61,61,133,
5e-07,53,53,136,
2e-07,21,21,136,
2e-07,14,14,136,
2e-07,8,8,132,
6e-07,78,78,130,
2e-07,22,22,118,
5e-07,45,45,121,
2e-07,17,17,125,
2e-07,7,7,126,
9e-07,110,110,126,
1e-07,0,0,130,
3e-07,18,18,128,
2e-07,9,9,127,
4e-07,42,42,133,
2e-07,13,13,134,
4e-07,38,38,139,
6e-07,66,66,137,
7e-07,83,83,137,
3e-07,35,35,138,
3e-07,20,20,136,
2e-07,17,17,134,
4e-07,39,39,119,
4e-07,28,28,127,
2e-07,4,4,131,
7e-07,82,82,134,
2e-07,13,13,140,
2e-07,6,6,141,
3e-07,27,27,145,
2e-07,9,9,147,
2e-07,9,9,147,
4e-07,28,28,149,
3e-07,29,29,148,
1e-06,135,135,151,
6e-07,65,65,151,
7e-07,81,81,139,
2e-07,7,7,140,
3e-07,33,33,139,
2e-07,1,1,145,
1e-07,2,2,151,
2e-07,11,11,148,
2e-07,6,6,149,
2e-07,2,2,156,
2e-07,11,11,155,
2e-07,15,15,156,
3e-07,28,28,155,
2e-07,11,11,157,
4e-07,46,46,159,
1.1e-06,138,138,153,
4e-07,28,28,147,
2e-07,24,24,134,
4e-07,39,39,137,
2e-07,9,9,137,
7e-07,82,82,136,
2e-07,12,12,140,
2e-07,17,17,136,
4e-07,35,35,137,
4e-07,34,34,145,
5e-07,47,47,134,
5e-07,49,49,134,
3e-07,6,6,135,
5e-07,40,40,136,
6e-07,61,61,129,
1e-07,1,1,129,
4e-07,29,29,119,
7e-07,90,90,115,
1e-07,6,6,114,
3e-07,30,30,114,
6e-07,60,60,116,
2e-07,20,20,114,
2e-07,10,10,117,
4e-07,36,36,117,
5e-07,50,50,119,
2e-07,21,21,127,
6e-07,80,80,125,
2e-07,10,10,129,
2e-07,4,4,132,
4e-07,34,34,132,
3e-07,27,27,135,
3e-07,30,30,148,
5e-07,53,53,138,
3e-07,29,29,125,
3e-07,31,31,128,
2e-07,8,8,128,
6e-07,54,54,124,
1e-06,125,125,127,
1e-07,8,8,125,
2e-07,4,4,128,
1e-07,3,3,129,
1e-07,6,6,129,
3e-07,19,19,127,
6e-07,68,68,127,
5e-07,64,64,125,
1e-07,2,2,121,
7e-07,85,85,121,
2e-07,15,15,122,
6e-07,66,66,110,
6e-07,63,63,107,
1e-07,0,0,114,
2e-07,15,15,115,
3e-07,21,21,120,
2e-07,6,6,116,
5e-07,57,57,111,
8e-07,84,84,113,
5e-07,44,44,113,
3e-07,22,22,112,
1e-07,8,8,112,
1e-07,12,12,119,
8e-07,107,107,118,
3e-07,34,34,106,
2e-07,5,5,103,
2e-07,6,6,102,
3e-07,20,20,99,
2e-07,10,10,101,
3e-07,26,26,97,
4e-07,37,37,105,
2e-07,10,10,98,
4e-07,35,35,98,
3e-07,19,19,99,
3e-07,26,26,97,
3e-07,27,27,96,
4e-07,37,37,95,
5e-07,64,64,102,
3e-07,20,20,99,
6e-07,66,66,105,
7e-07,84,84,106,
2e-07,4,4,103,
2e-07,3,3,97,
2e-07,12,12,96,
2e-07,6,6,96,
3e-07,27,27,99,
3e-07,25,25,99,
2e-07,4,4,95,
2e-07,16,16,92,
2e-07,14,14,93,
3e-07,22,22,96,
5e-07,53,53,97,
2e-07,9,9,96,
1e-07,7,7,97,
7e-07,84,84,88,
6e-07,81,81,86,
4e-07,49,49,87,
3e-07,20,20,87,
2e-07,11,11,87,
3e-07,34,34,84,
6e-07,61,61,86,
4e-07,49,49,85,
4e-07,34,34,86,
1e-07,3,3,89,
1e-07,4,4,95,
1e-07,0,0,95,
2e-07,11,11,93,
2e-07,11,11,93,
4e-07,53,53,91,
2e-07,18,18,88,
6e-07,62,62,90,
2e-07,13,13,88,
2e-07,16,16,88,
4e-07,49,49,91,
3e-07,31,31,93,
3e-07,13,13,92,
4e-07,42,42,98,
4e-07,32,32,103,
4e-07,43,43,108,
5e-07,56,56,108,
2e-07,10,10,110,
5e-07,55,55,107,
3e-07,21,21,108,
2e-07,11,11,110,
3e-07,23,23,111,
4e-07,40,40,119,
3e-07,23,23,106,
2e-07,3,3,103,
3e-07,24,24,101,
3e-07,21,21,98,
1e-07,5,5,96,
4e-07,21,21,102,
1e-07,2,2,101,
4e-07,39,39,103,
6e-07,52,52,97,
4e-07,27,27,97,
5e-07,61,61,112,
2e-07,9,9,127,
2e-07,7,7,126,
2e-07,13,13,126,
3e-07,13,13,126,
1e-07,5,5,134,
2e-07,6,6,133,
1e-07,0,0,146,
3e-07,14,14,147,
2e-07,23,23,132,
4e-07,45,45,129,
2e-07,9,9,131,
1e-07,3,3,130,
3e-07,39,39,130,
2e-07,7,7,130,
3e-07,21,21,130,
4e-07,38,38,129,
2e-07,4,4,134,
7e-07,90,90,133,
6e-07,71,71,133,
2e-07,21,21,123,
2e-07,17,17,123,
4e-07,41,41,124,
4e-07,51,51,120,
5e-07,51,51,119,
2e-07,3,3,124,
2e-07,5,5,133,
3e-07,20,20,135,
2e-07,8,8,138,
2e-07,6,6,141,
4e-07,41,41,143,
5e-07,47,47,143,
2e-07,2,2,141,
5e-07,44,44,140,
3e-07,20,20,137,
2e-07,13,13,135,
6e-07,69,69,126,
2e-07,14,14,121,
1e-07,1,1,125,
6e-07,78,78,132,
5e-07,54,54,133,
8e-07,96,96,133,
2e-07,14,14,136,
1e-07,1,1,140,
5e-07,55,55,132,
3e-07,22,22,126,
2e-07,9,9,128,
3e-07,28,28,126,
3e-07,16,16,127,
2e-07,13,13,127,
2e-07,2,2,118,
2e-07,6,6,117,
2e-07,26,26,121,
3e-07,25,25,105,
5e-07,48,48,103,
2e-07,16,16,103,
3e-07,24,24,104,
6e-07,67,67,102,
2e-07,1,1,104,
2e-07,2,2,110,
5e-07,52,52,114,
5e-07,55,55,109,
1e-07,1,1,106,
2e-07,12,12,104,
9e-07,104,104,105,
5e-07,53,53,104,
7e-07,93,93,104,
2e-07,16,16,104,
2e-07,8,8,97,
2e-07,15,15,100,
3e-07,28,28,100,
4e-07,41,41,101,
3e-07,16,16,105,
2e-07,21,21,107,
5e-07,44,44,111,
5e-07,57,57,112,
4e-07,48,48,105,
5e-07,45,45,105,
4e-07,45,45,105,
3e-07,21,21,101,
5e-07,50,50,102,
4e-07,43,43,104,
7e-07,74,74,105,
2e-07,21,21,107,
3e-07,23,23,104,
6e-07,73,73,104,
3e-07,31,31,103,
2e-07,4,4,106,
3e-07,25,25,112,
1e-07,0,0,112,
3e-07,17,17,112,
5e-07,57,57,111,
7e-07,79,79,113,
3e-07,17,17,106,
2e-07,20,20,101,
2e-07,20,20,104,
5e-07,62,62,103,
3e-07,23,23,101,
2e-07,15,15,101,
5e-07,51,51,103,
3e-07,30,30,99,
3e-07,29,29,96,
6e-07,71,71,97,
5e-07,47,47,93,
4e-07,35,35,93,
7e-07,71,71,88,
1e-07,3,3,89,
3e-07,27,27,92,
6e-07,33,33,85,
6e-07,37,37,66,
2e-07,7,7,66,
4e-07,40,40,64,
3e-07,15,15,59,
3e-07,28,28,58,
5e-07,54,54,60,
4e-07,45,45,66,
5e-07,39,39,71,
1e-07,3,3,73,
2e-07,13,13,71,
2e-07,3,3,71,
4e-07,40,40,70,
3e-07,27,27,72,
1e-07,5,5,72,
4e-07,35,35,73,
2e-07,18,18,76,
5e-07,44,44,76,
2e-07,13,13,67,
2e-07,7,7,65,
3e-07,7,7,64,
6e-07,63,63,67,
6e-07,60,60,67,
2e-07,10,10,71,
3e-07,16,16,72,
3e-07,29,29,63,
2e-07,1,1,66,
4e-07,35,35,63,
2e-07,10,10,63,
4e-07,49,49,64,
4e-07,31,31,67,
6e-07,63,63,69,
1e-07,9,9,72,
3e-07,26,26,72,
2e-07,11,11,73,
3e-07,18,18,73,
2e-07,12,12,79,
4e-07,46,46,79,
4e-07,37,37,76,
5e-07,54,54,82,
2e-07,7,7,80,
3e-07,19,19,81,
4e-07,32,32,83,
2e-07,6,6,89,
2e-07,15,15,84,
3e-07,33,33,84,
5e-07,60,60,84,
3e-07,28,28,87,
3e-07,37,37,86,
6e-07,69,69,83,
2e-07,18,18,105,
2e-07,12,12,91,
2e-07,14,14,94,
2e-07,1,1,93,
1e-07,10,10,96,
2e-07,11,11,97,
1e-07,3,3,95,
4e-07,33,33,95,
1e-07,10,10,95,
4e-07,43,43,96,
5e-07,49,49,96,
1e-07,0,0,93,
1e-07,4,4,90,
2e-07,11,11,97,
6e-07,70,70,97,
3e-07,32,32,97,
2e-07,10,10,97,
2e-07,9,9,97,
5e-07,56,56,94,
1e-07,2,2,95,
6e-07,72,72,97,
6e-07,74,74,99,
7e-07,86,86,98,
5e-07,60,60,103,
2e-07,10,10,112,
1e-07,4,4,110,
1e-07,5,5,104,
2e-07,23,23,97,
4e-07,32,32,104,
5e-07,54,54,103,
6e-07,70,70,100,
2e-07,16,16,101,
2e-07,12,12,106,
4e-07,38,38,109,
6e-07,73,73,109,
1e-07,1,1,109,
2e-07,18,18,106,
1e-07,6,6,106,
4e-07,49,49,105,
2e-07,1,1,103,
5e-07,64,64,98,
2e-07,10,10,99,
7e-07,84,84,101,
4e-07,49,49,106,
1e-07,9,9,105,
7e-07,98,98,105,
4e-07,35,35,105,
3e-07,36,36,100,
1e-07,1,1,105,
1e-07,5,5,110,
1e-07,5,5,112,
1e-07,7,7,114,
5e-07,54,54,121,
2e-07,7,7,123,
3e-07,29,29,123,
2e-07,0,0,116,
3e-07,29,29,114,
1e-07,2,2,122,
4e-07,48,48,121,
1e-07,2,2,121,
2e-07,14,14,116,
2e-07,25,25,114,
3e-07,25,25,113,
3e-07,15,15,119,
4e-07,40,40,120,
4e-07,31,31,121,
2e-07,16,16,121,
2e-07,11,11,125,
2e-07,11,11,125,
2e-07,10,10,125,
1e-07,5,5,128,
4e-07,48,48,127,
6e-07,68,68,130,
6e-07,67,67,129,
5e-07,53,53,118,
3e-07,22,22,119,
2e-07,11,11,118,
2e-07,7,7,118,
2e-07,3,3,124,
3e-07,19,19,155,
4e-07,40,40,161,
1e-07,0,0,177,
4e-07,44,44,177,
2e-07,20,20,177,
5e-07,60,60,177,
4e-07,37,37,177,
2e-07,11,11,177,
2e-07,11,11,177,
2e-07,20,20,177,
2e-07,24,24,177,
3e-07,24,24,177,
1e-07,3,3,177,
1e-07,0,0,177,
8e-07,90,90,177,
1e-07,1,1,177,
7e-07,85,85,177,
3e-07,17,17,177,
2e-07,15,15,177,
2e-07,7,7,177,
2e-07,13,13,177,
2e-07,11,11,177,
2e-07,13,13,177,
3e-07,20,20,177,
3e-07,11,11,177,
3e-07,19,19,177,
8e-07,102,102,177,
5e-07,59,59,177,
9e-07,102,102,177,
5e-07,59,59,177,
4e-07,30,30,177,
2e-07,1,1,177,
1e-07,8,8,177,
6e-07,64,64,177,
7e-07,77,77,177,
3e-07,22,22,177,
3e-07,24,24,177,
1e-07,2,2,177,
1e-07,1,1,177,
1.3e-06,173,173,177,
2e-07,11,11,177,
2e-07,17,17,177,
3e-07,23,23,177,
3e-07,30,30,177,
6e-07,79,79,177,
1e-07,1,1,177,
2e-07,10,10,177,
4e-07,36,36,177,
4e-07,50,50,177,
6e-07,64,64,177,
3e-07,14,14,177,
4e-07,37,37,177,
1e-07,5,5,177,
3e-07,15,15,177,
5e-07,50,50,177,
2e-07,11,11,177,
1e-07,2,2,177,
3e-07,22,22,177,
4e-07,37,37,177,
1.2e-06,156,156,177,
5e-07,56,56,177,
2e-07,4,4,177,
3e-07,33,33,177,
1e-07,7,7,177,
4e-07,44,44,177,
6e-07,70,70,177,
7e-07,77,77,177,
2e-07,8,8,177,
3e-07,33,33,177,
2e-07,8,8,177,
2e-07,20,20,177,
2e-07,4,4,177,
2e-07,13,13,177,
2e-07,4,4,177,
3e-07,20,20,177,
7e-07,77,77,177,
5e-07,4,4,177,
2e-07,11,11,177,
4e-07,30,30,177,
2e-07,4,4,177,
2e-07,4,4,177,
1e-07,4,4,177,
8e-07,85,85,177,
2e-07,17,17,177,
1e-07,0,0,177,
1e-07,2,2,177,
2e-07,4,4,177,
2e-07,4,4,177,
2e-07,11,11,177,
3e-07,20,20,177,
5e-07,50,50,177,
4e-07,30,30,177,
5e-07,61,61,177,
2e-07,22,22,177,
3e-07,33,33,177,
2e-07,7,7,177,
2e-07,11,11,177,
1e-07,0,0,177,
7e-07,67,67,177,
2e-07,13,13,177,
7e-07,79,79,177,
5e-07,46,46,177,
2e-07,7,7,177,
2e-07,14,14,177,
4e-07,33,33,177,
3e-07,33,33,177,
1.4e-06,173,173,177,
3e-07,22,22,177,
