cas operacie,cislo na indexe,index prvku,dlzka zoznamu,
1e-07,5,0,1,
1e-07,13,0,1,
2e-07,16,0,4,
1e-07,17,1,8,
1e-07,12,0,1,
2e-07,28,0,1,
1e-07,92,1,3,
1e-07,2,2,5,
1e-07,16,3,5,
2e-07,92,0,3,
2e-07,42,3,8,
1e-07,32,0,16,
2e-07,92,16,21,
2e-07,30,2,16,
2e-07,23,6,18,
1e-07,30,1,7,
2e-07,19,3,10,
2e-07,43,0,11,
1e-07,10,0,3,
1e-07,22,0,1,
2e-07,22,0,1,
2e-07,10,0,1,
2e-07,38,2,4,
1e-07,4,8,14,
2e-07,33,7,9,
3e-07,37,27,29,
3e-07,23,26,30,
1e-07,14,2,22,
1e-07,15,1,20,
2e-07,6,15,18,
2e-07,5,10,18,
2e-07,43,11,18,
2e-07,24,15,26,
2e-07,35,21,24,
1e-07,10,4,26,
1e-07,42,4,22,
2e-07,93,18,27,
2e-07,91,17,33,
2e-07,14,5,21,
2e-07,20,10,24,
3e-07,16,20,27,
3e-07,24,24,28,
1e-07,44,8,12,
2e-07,42,6,15,
1e-07,14,7,17,
2e-07,12,18,23,
2e-07,38,0,6,
2e-07,45,2,6,
1e-07,44,2,5,
2e-07,1,0,2,
1e-07,33,0,2,
1e-07,1,1,3,
2e-07,11,4,6,
2e-07,37,7,20,
1e-07,37,7,20,
1e-07,29,3,19,
2e-07,34,18,20,
3e-07,33,20,26,
2e-07,3,8,21,
3e-07,1,11,29,
1e-07,31,3,20,
2e-07,44,2,27,
4e-07,43,20,28,
3e-07,20,18,24,
3e-07,20,17,23,
2e-07,26,0,22,
2e-07,45,10,22,
2e-07,1,13,21,
1e-07,27,3,16,
2e-07,1,7,13,
2e-07,94,7,10,
2e-07,44,7,14,
1e-07,18,3,13,
2e-07,36,12,15,
3e-07,37,20,24,
1e-07,30,3,20,
2e-07,26,1,21,
1e-07,10,2,37,
3e-07,8,25,45,
1e-07,24,4,41,
1e-07,9,3,33,
2e-07,29,9,44,
2e-07,8,14,47,
3e-07,93,36,50,
3e-07,12,31,37,
2e-07,5,11,36,
1e-07,44,3,35,
3e-07,25,34,40,
1e-07,13,0,36,
2e-07,4,10,37,
3e-07,35,24,35,
2e-07,93,10,43,
4e-07,42,41,44,
3e-07,28,35,42,
3e-07,42,36,42,
3e-07,17,30,37,
2e-07,36,12,43,
2e-07,9,19,39,
3e-07,2,32,38,
3e-07,92,24,38,
3e-07,13,29,41,
2e-07,15,15,35,
2e-07,8,18,37,
3e-07,25,23,41,
2e-07,16,4,49,
3e-07,29,16,47,
4e-07,93,32,48,
3e-07,44,40,50,
3e-07,26,35,43,
4e-07,28,34,46,
3e-07,29,24,52,
4e-07,17,39,54,
2e-07,39,20,56,
3e-07,17,43,63,
2e-07,16,12,63,
1e-07,23,0,60,
2e-07,39,15,60,
4e-07,6,35,58,
4e-07,42,45,56,
5e-07,17,47,56,
2e-07,16,5,53,
3e-07,39,22,52,
2e-07,38,19,55,
2e-07,25,13,55,
2e-07,7,13,50,
2e-07,25,16,53,
5e-07,95,48,50,
2e-07,32,19,41,
1e-07,25,8,31,
3e-07,30,19,31,
4e-07,20,23,26,
3e-07,6,23,33,
4e-07,8,24,28,
3e-07,29,26,30,
1e-07,24,1,48,
3e-07,36,22,47,
2e-07,23,13,40,
1e-07,20,0,41,
2e-07,43,14,34,
1e-07,43,4,34,
3e-07,33,18,32,
2e-07,8,7,18,
1e-07,15,4,25,
3e-07,25,16,41,
3e-07,19,28,39,
3e-07,19,27,38,
1e-07,38,8,34,
3e-07,7,30,33,
2e-07,32,7,37,
3e-07,6,20,31,
2e-07,6,13,24,
2e-07,17,15,28,
2e-07,39,7,22,
1e-07,9,5,20,
2e-07,33,14,17,
2e-07,14,2,15,
3e-07,13,15,17,
2e-07,36,15,21,
2e-07,4,4,19,
2e-07,43,13,22,
1e-07,4,3,20,
1e-07,94,7,18,
1e-07,38,3,15,
2e-07,2,8,10,
2e-07,13,4,10,
1e-07,26,1,3,
1e-07,1,0,2,
1e-07,33,0,2,
2e-07,39,3,5,
1e-07,33,1,5,
2e-07,24,5,7,
2e-07,27,1,8,
1e-07,38,3,6,
1e-07,1,3,8,
1e-07,35,1,8,
1e-07,35,0,7,
2e-07,1,5,9,
3e-07,18,16,21,
3e-07,29,20,32,
3e-07,29,27,32,
3e-07,35,25,33,
3e-07,31,14,22,
2e-07,22,9,22,
2e-07,16,16,21,
2e-07,30,16,21,
1e-07,10,5,28,
3e-07,4,21,29,
3e-07,36,15,27,
1e-07,33,3,29,
2e-07,33,3,29,
2e-07,25,11,30,
3e-07,34,29,34,
2e-07,20,13,25,
3e-07,2,19,21,
2e-07,37,10,20,
3e-07,6,15,18,
1e-07,33,0,7,
1e-07,2,6,15,
3e-07,35,11,17,
2e-07,21,14,27,
1e-07,18,1,27,
2e-07,31,1,13,
1e-07,92,9,11,
2e-07,23,1,5,
2e-07,43,1,3,
2e-07,21,3,6,
1e-07,14,3,7,
2e-07,5,0,9,
2e-07,41,4,11,
2e-07,9,5,8,
1e-07,30,2,8,
1e-07,24,5,11,
2e-07,27,1,16,
2e-07,36,1,6,
2e-07,91,1,10,
1e-07,31,2,10,
1e-07,36,1,6,
2e-07,32,0,7,
1e-07,30,5,12,
2e-07,14,1,11,
2e-07,16,7,10,
2e-07,3,11,18,
3e-07,16,20,22,
2e-07,34,13,21,
3e-07,44,14,17,
2e-07,35,7,15,
1e-07,33,7,13,
1e-07,91,8,10,
1e-07,43,6,12,
1e-07,13,0,4,
2e-07,14,1,5,
1e-07,29,0,7,
1e-07,94,3,6,
1e-07,38,8,10,
1e-07,7,2,6,
1e-07,40,1,6,
1e-07,27,0,6,
2e-07,34,7,9,
2e-07,34,1,4,
1e-07,26,0,5,
3e-07,8,0,7,
1e-07,45,0,3,
2e-07,8,7,12,
2e-07,36,3,10,
4e-07,10,26,37,
3e-07,9,22,36,
2e-07,1,2,30,
1e-07,3,5,30,
2e-07,37,2,22,
1e-07,4,1,22,
1e-07,43,1,20,
3e-07,34,18,25,
1e-07,34,2,10,
2e-07,19,17,21,
2e-07,21,13,32,
2e-07,95,24,39,
2e-07,24,9,41,
3e-07,43,26,41,
1e-07,4,0,26,
3e-07,27,20,27,
2e-07,33,17,28,
2e-07,22,15,28,
2e-07,25,14,27,
2e-07,93,4,9,
1e-07,29,0,17,
2e-07,23,13,17,
2e-07,17,7,12,
2e-07,39,4,17,
1e-07,1,7,16,
1e-07,7,1,10,
2e-07,37,0,9,
1e-07,93,3,12,
2e-07,11,5,12,
2e-07,26,4,11,
2e-07,31,0,8,
1e-07,20,4,12,
2e-07,91,7,10,
1e-07,23,2,7,
2e-07,2,4,6,
1e-07,31,1,5,
2e-07,21,0,5,
2e-07,10,5,8,
1e-07,25,1,9,
2e-07,8,0,10,
1e-07,25,2,7,
2e-07,35,0,3,
1e-07,19,2,4,
2e-07,22,6,18,
2e-07,19,15,17,
1e-07,6,2,14,
2e-07,16,6,26,
1e-07,26,6,23,
3e-07,13,25,27,
2e-07,29,20,31,
2e-07,16,3,12,
1e-07,32,8,18,
3e-07,34,24,32,
3e-07,12,17,26,
1e-07,34,4,14,
1e-07,27,6,14,
3e-07,12,20,23,
2e-07,34,16,27,
2e-07,44,1,16,
2e-07,41,4,28,
2e-07,14,4,29,
1e-07,21,6,22,
2e-07,12,11,21,
2e-07,1,14,19,
1e-07,20,5,9,
2e-07,32,7,15,
2e-07,32,8,15,
2e-07,40,0,1,
1e-07,12,0,2,
2e-07,31,0,2,
1e-07,15,1,4,
1e-07,13,0,4,
1e-07,37,1,6,
1e-07,37,0,5,
1e-07,11,7,20,
2e-07,23,8,19,
2e-07,32,1,12,
1e-07,27,2,18,
3e-07,16,23,26,
2e-07,31,2,38,
2e-07,4,0,36,
3e-07,43,14,47,
1e-07,23,1,47,
2e-07,16,12,47,
2e-07,8,11,35,
4e-07,26,37,39,
2e-07,6,25,37,
4e-07,27,39,41,
4e-07,12,44,49,
2e-07,91,22,58,
3e-07,26,29,61,
3e-07,41,25,58,
3e-07,14,16,66,
5e-07,2,48,63,
5e-07,18,35,68,
4e-07,20,47,72,
4e-07,38,42,72,
3e-07,95,15,69,
2e-07,95,14,48,
3e-07,40,29,47,
3e-07,7,36,46,
4e-07,20,27,47,
2e-07,94,13,43,
2e-07,31,8,46,
3e-07,8,24,49,
2e-07,10,5,49,
4e-07,30,38,49,
3e-07,40,15,46,
2e-07,40,16,49,
5e-07,6,45,48,
3e-07,34,24,48,
3e-07,38,22,49,
2e-07,2,8,48,
4e-07,39,44,49,
3e-07,41,26,49,
2e-07,40,8,46,
3e-07,21,32,46,
2e-07,1,16,48,
3e-07,22,27,43,
3e-07,43,35,47,
3e-07,95,19,44,
2e-07,3,17,37,
1e-07,5,4,39,
4e-07,40,31,35,
2e-07,12,15,37,
4e-07,93,32,37,
3e-07,1,25,38,
3e-07,1,24,36,
3e-07,24,23,41,
2e-07,3,15,44,
2e-07,17,3,43,
2e-07,93,17,40,
4e-07,12,36,42,
3e-07,24,13,40,
2e-07,38,17,34,
3e-07,25,25,27,
3e-07,14,19,22,
2e-07,22,2,21,
3e-07,93,20,23,
1e-07,95,7,22,
1e-07,14,0,22,
2e-07,41,8,20,
2e-07,95,7,26,
2e-07,8,16,23,
1e-07,28,4,19,
1e-07,33,2,13,
2e-07,91,11,16,
1e-07,1,8,16,
2e-07,7,9,18,
2e-07,43,8,17,
2e-07,94,10,18,
1e-07,35,5,14,
2e-07,25,7,15,
2e-07,29,12,16,
2e-07,45,11,13,
3e-07,40,15,20,
3e-07,20,13,20,
4e-07,25,16,20,
2e-07,45,12,20,
2e-07,8,11,21,
2e-07,32,5,21,
2e-07,25,18,23,
2e-07,29,3,27,
2e-07,40,21,27,
3e-07,9,28,32,
4e-07,9,37,40,
4e-07,1,30,35,
3e-07,94,16,36,
1e-07,32,6,37,
3e-07,16,21,37,
2e-07,11,17,36,
4e-07,44,31,35,
2e-07,9,8,31,
2e-07,40,15,30,
2e-07,28,5,32,
2e-07,2,5,23,
2e-07,45,6,34,
2e-07,44,1,33,
2e-07,10,10,47,
1e-07,12,6,49,
3e-07,11,25,49,
4e-07,19,37,52,
2e-07,10,17,41,
3e-07,92,26,43,
1e-07,37,0,40,
2e-07,18,6,27,
2e-07,16,15,25,
2e-07,25,8,26,
1e-07,23,0,24,
3e-07,32,21,24,
3e-07,23,25,29,
2e-07,23,18,33,
4e-07,94,30,39,
1e-07,91,4,39,
4e-07,38,37,41,
3e-07,21,22,42,
4e-07,26,40,45,
4e-07,91,39,58,
4e-07,92,27,58,
4e-07,17,41,50,
2e-07,38,15,50,
2e-07,23,14,49,
3e-07,30,34,53,
5e-07,3,44,53,
2e-07,34,13,48,
4e-07,44,41,46,
2e-07,21,12,45,
3e-07,12,26,48,
2e-07,21,19,50,
2e-07,95,2,50,
3e-07,11,24,54,
2e-07,24,12,52,
4e-07,37,29,53,
4e-07,6,39,51,
2e-07,34,26,48,
2e-07,11,26,35,
3e-07,27,33,35,
3e-07,2,23,34,
4e-07,28,36,38,
1e-07,40,6,35,
2e-07,41,14,39,
4e-07,28,33,38,
2e-07,28,21,35,
3e-07,30,15,44,
1e-07,20,6,46,
3e-07,40,22,44,
2e-07,28,3,41,
4e-07,30,32,42,
2e-07,95,15,32,
1e-07,35,9,31,
2e-07,35,16,29,
2e-07,19,15,26,
4e-07,19,25,46,
2e-07,37,7,54,
3e-07,26,25,54,
3e-07,27,7,55,
4e-07,44,29,56,
2e-07,18,10,59,
2e-07,14,12,65,
3e-07,31,30,66,
3e-07,24,19,59,
4e-07,22,30,42,
3e-07,35,21,42,
3e-07,5,29,40,
3e-07,20,20,34,
4e-07,44,39,41,
2e-07,32,12,33,
2e-07,44,7,31,
2e-07,18,17,30,
1e-07,29,11,18,
1e-07,16,3,22,
1e-07,9,1,19,
2e-07,14,7,26,
3e-07,39,14,21,
2e-07,39,11,19,
3e-07,44,24,29,
1e-07,2,6,27,
2e-07,45,14,27,
3e-07,93,15,27,
2e-07,21,12,25,
2e-07,16,11,18,
1e-07,44,0,1,
2e-07,95,0,1,
1e-07,21,2,10,
1e-07,21,3,10,
3e-07,15,12,15,
6e-07,37,0,16,
2e-07,32,5,18,
1e-07,37,1,19,
2e-07,41,1,22,
3e-07,31,10,15,
2e-07,17,10,16,
1e-07,18,3,23,
6.03e-05,26,16,18,
3e-07,43,12,17,
3e-07,31,9,15,
2e-07,21,2,10,
2e-07,28,5,11,
1e-07,41,5,10,
1e-07,27,2,6,
2e-07,12,2,7,
1e-07,31,5,8,
2e-07,12,1,5,
2e-07,7,9,12,
2e-07,95,4,7,
1e-07,42,0,2,
2e-07,5,0,6,
1e-07,45,2,8,
1e-07,12,0,4,
1e-07,94,2,4,
2e-07,21,0,2,
1e-07,32,0,3,
1e-07,37,0,2,
1e-07,16,1,7,
2e-07,5,8,11,
1e-07,92,1,14,
1e-07,37,1,16,
2e-07,23,18,23,
3e-07,91,16,24,
1e-07,43,6,18,
1e-07,28,4,13,
3e-07,19,5,15,
1e-07,2,0,5,
1e-07,34,0,4,
1e-07,22,1,3,
3e-07,18,7,9,
1e-07,8,0,7,
1e-07,10,1,4,
1e-07,41,0,8,
2e-07,25,4,13,
2e-07,11,0,16,
2e-07,40,11,17,
2e-07,5,1,10,
2e-07,93,5,12,
1e-07,24,9,17,
2e-07,37,8,10,
2e-07,37,1,35,
3e-07,32,24,41,
2e-07,27,18,42,
3e-07,92,27,35,
2e-07,30,9,35,
3e-07,16,17,29,
3e-07,27,11,29,
2e-07,42,12,30,
1e-07,22,4,33,
2e-07,39,11,37,
2e-07,93,12,41,
3e-07,30,31,41,
2e-07,93,7,45,
3e-07,6,15,45,
2e-07,29,2,39,
3e-07,44,30,41,
2e-07,36,12,54,
3e-07,6,25,53,
1e-07,13,10,53,
4e-07,13,34,52,
2e-07,23,19,54,
2e-07,10,5,59,
4e-07,10,42,63,
5e-07,93,54,75,
1e-07,7,6,69,
5e-07,13,45,66,
2e-07,29,0,74,
3e-07,20,19,73,
4e-07,27,41,74,
3e-07,33,23,74,
6e-07,29,62,74,
6e-07,10,63,72,
4e-07,91,26,74,
2e-07,19,3,79,
5e-07,32,51,76,
3e-07,91,30,91,
2e-07,21,11,91,
7e-07,1,78,94,
4e-07,32,40,95,
3e-07,20,20,93,
5e-07,13,45,80,
3e-07,4,21,79,
4e-07,37,38,78,
6e-07,3,54,78,
4e-07,94,39,77,
2e-07,44,16,67,
1e-07,9,9,70,
1e-07,3,0,63,
3e-07,41,19,62,
5e-07,43,55,60,
5e-07,94,57,62,
2e-07,7,9,49,
2e-07,7,11,48,
6e-07,45,61,63,
4e-07,27,41,65,
5e-07,45,64,67,
4e-07,28,43,69,
3e-07,6,15,72,
4e-07,37,48,74,
6e-07,93,70,75,
3e-07,91,26,71,
5e-07,11,60,71,
3e-07,92,23,71,
3e-07,92,27,68,
4e-07,27,48,66,
3e-07,30,30,69,
2e-07,34,14,62,
4e-07,15,51,57,
4e-07,4,34,57,
3e-07,30,23,55,
4e-07,93,26,53,
4e-07,4,18,48,
2e-07,8,13,56,
4e-07,7,34,61,
2e-07,29,12,61,
4e-07,11,35,58,
4e-07,36,33,58,
6e-07,22,58,60,
6e-07,35,62,64,
5e-07,41,48,60,
2e-07,9,5,69,
1e-07,9,5,69,
2e-07,23,14,79,
6e-07,92,53,79,
3e-07,3,30,87,
5e-07,11,49,84,
6e-07,20,76,85,
1e-07,33,5,85,
4e-07,93,38,81,
3e-07,3,28,66,
2e-07,34,6,57,
2e-07,4,9,57,
3e-07,15,36,57,
4e-07,5,29,62,
2e-07,25,15,68,
6e-07,92,60,73,
6e-07,35,63,78,
2e-07,16,5,73,
5e-07,35,57,72,
3e-07,42,26,72,
3e-07,28,34,76,
2e-07,30,12,81,
2e-07,41,6,74,
4e-07,41,52,76,
5e-07,27,51,88,
5e-07,43,60,87,
5e-07,23,64,77,
3e-07,13,16,73,
1e-07,35,7,71,
1e-07,17,1,71,
5e-07,92,48,71,
1e-07,11,2,75,
4e-07,95,37,69,
2e-07,15,13,73,
5e-07,42,48,81,
3e-07,36,30,80,
2e-07,13,8,85,
6e-07,22,71,85,
6e-07,14,62,74,
5e-07,42,54,92,
2e-07,12,9,109,
6e-07,10,75,100,
7e-07,91,83,99,
3e-07,32,17,97,
2e-07,1,9,91,
6e-07,27,65,89,
7e-07,44,76,90,
4e-07,13,39,94,
5e-07,93,42,83,
1e-07,24,12,81,
5e-07,93,52,84,
3e-07,92,17,88,
4e-07,6,40,86,
8e-07,91,76,80,
5e-07,39,49,81,
7e-07,25,85,89,
6e-07,25,77,86,
4e-07,9,43,84,
6e-07,23,61,105,
8e-07,28,100,110,
4e-07,93,30,112,
1e-07,23,3,111,
5e-07,24,55,104,
5e-07,33,56,126,
3e-07,17,24,124,
7e-07,93,76,127,
5e-07,42,52,134,
4.6e-06,15,100,136,
1e-06,31,121,146,
9e-07,37,118,146,
3e-07,7,26,140,
9e-07,44,110,136,
3e-07,4,14,135,
1e-06,10,114,135,
8e-07,7,99,135,
7e-07,31,90,141,
9e-07,42,111,150,
1e-06,17,122,153,
7e-07,37,91,153,
8e-07,36,97,140,
6e-07,42,63,138,
9e-07,16,105,134,
7e-07,17,70,133,
8e-07,94,106,129,
4e-07,10,35,134,
3e-07,93,25,136,
5e-07,11,47,145,
1e-07,22,0,162,
8e-07,16,108,157,
1e-06,20,135,157,
1e-07,38,8,145,
9e-07,45,126,143,
4e-07,19,35,146,
5e-07,8,58,145,
7e-07,93,74,137,
5e-07,31,41,136,
4e-07,3,49,141,
7e-07,43,72,152,
7e-07,18,72,156,
6e-07,42,63,156,
7e-07,31,80,155,
5e-07,36,50,157,
9e-07,29,105,156,
2e-07,26,9,154,
9e-07,7,120,158,
9e-07,39,100,167,
1e-06,41,126,169,
7e-07,25,74,178,
1.3e-06,22,171,177,
3e-07,21,24,179,
7e-07,4,86,179,
8e-07,25,97,174,
3e-07,44,26,170,
9e-07,2,119,175,
1e-07,45,1,169,
1e-06,2,118,169,
1.1e-06,37,115,159,
8e-07,37,99,158,
4e-07,2,40,160,
7e-07,42,78,161,
2e-07,30,22,156,
3e-07,24,27,156,
9e-07,35,118,153,
1.1e-06,10,131,149,
2e-07,23,17,153,
1e-07,15,0,166,
8e-07,33,80,172,
1.2e-06,44,149,171,
8e-07,17,96,168,
4e-07,42,35,164,
4e-07,95,30,162,
7e-07,33,68,155,
3e-07,4,25,158,
4e-07,10,31,158,
4e-07,2,46,161,
2e-07,31,8,157,
1.1e-06,23,131,141,
1e-07,28,9,137,
1e-06,34,120,136,
3e-07,15,27,142,
9e-07,95,99,137,
1e-06,10,120,138,
6e-07,35,59,121,
2e-07,30,5,123,
8e-07,93,83,120,
4e-07,9,47,122,
5e-07,9,47,122,
8e-07,38,98,123,
6e-07,33,70,126,
4e-07,36,44,126,
2e-07,94,5,131,
3e-07,92,18,131,
5e-07,5,43,134,
4e-07,13,34,132,
5e-07,91,46,129,
6e-07,14,67,129,
2e-07,91,9,129,
2e-07,37,6,131,
3e-07,95,27,134,
3e-07,95,29,133,
3e-07,8,25,131,
6.7e-06,5,60,133,
3e-07,35,28,141,
8e-07,14,96,140,
9e-07,33,102,144,
3e-07,4,27,138,
3e-07,4,24,142,
2e-07,4,7,138,
7e-07,94,76,140,
7e-07,5,81,141,
8e-07,22,85,133,
6e-07,1,52,133,
2e-07,14,13,133,
1e-06,33,129,133,
1e-06,93,111,142,
8e-07,17,90,146,
9e-07,3,106,143,
1.1e-06,24,139,147,
1.1e-06,32,149,154,
7e-07,94,87,155,
1.2e-06,37,132,146,
8e-07,20,86,147,
6e-07,9,70,141,
6e-07,28,62,138,
8e-07,8,102,139,
2e-07,14,13,139,
2e-07,14,10,139,
9e-07,95,98,136,
6e-07,5,62,133,
7e-07,28,44,137,
6e-07,13,54,135,
3e-07,38,24,127,
5e-07,93,50,129,
4e-07,3,40,120,
8e-07,8,92,120,
7e-07,29,93,126,
5e-07,28,55,111,
2e-07,14,9,111,
4e-07,95,40,100,
5e-07,28,51,103,
2e-07,45,10,104,
4e-07,6,44,102,
4e-07,11,39,113,
2e-07,45,18,111,
6e-07,43,73,120,
7e-07,22,77,120,
7e-07,8,82,116,
5e-07,28,48,106,
5e-07,40,62,102,
4e-07,93,38,96,
2e-07,10,3,98,
8e-07,25,86,99,
5e-07,28,48,98,
8e-07,2,93,102,
8e-07,43,95,101,
2e-07,6,10,101,
1e-07,39,4,101,
4e-07,6,43,101,
7e-07,22,80,104,
5e-07,2,57,102,
5e-07,38,64,109,
5e-07,7,42,99,
4e-07,27,36,110,
4e-07,94,33,114,
5e-07,6,53,103,
5e-07,43,53,114,
3e-07,23,25,116,
5e-07,19,59,118,
9e-07,37,119,121,
1e-06,27,121,125,
4e-07,93,32,126,
5e-07,43,52,131,
1.1e-06,26,100,121,
5e-07,40,60,119,
5e-07,22,41,119,
7e-07,12,90,123,
4e-07,20,33,122,
6e-07,22,61,123,
8e-07,40,99,123,
5e-07,19,51,125,
1.1e-06,33,156,158,
1.2e-06,38,148,162,
1.2e-06,40,138,168,
9e-07,29,91,163,
9e-07,22,112,159,
1.1e-06,22,140,160,
2e-07,22,4,165,
4e-07,93,42,163,
1e-06,95,118,165,
1e-07,20,6,165,
4e-07,36,30,170,
8e-07,41,90,178,
1.1e-06,23,131,179,
8e-07,93,93,182,
1.3e-06,9,181,184,
9e-07,44,109,190,
9e-07,19,88,190,
1e-06,26,105,193,
1.4e-06,29,166,192,
4e-07,1,34,185,
1e-07,34,4,175,
5e-07,36,48,179,
2e-07,6,12,186,
1.3e-06,7,164,185,
1.3e-06,26,164,182,
2e-07,29,14,171,
1.1e-06,92,137,171,
9e-07,32,108,178,
1e-06,13,121,173,
9e-07,3,102,173,
1.1e-06,15,134,166,
5e-07,38,58,164,
2e-07,1,16,157,
1e-07,42,1,159,
1.2e-06,1,152,158,
7e-07,19,82,154,
6e-07,95,72,162,
8e-07,32,83,167,
1.1e-06,3,131,167,
1.2e-06,33,147,169,
7e-07,6,79,166,
1.1e-06,92,137,167,
7e-07,29,80,170,
3.5e-06,35,66,161,
2e-07,42,21,148,
7e-07,20,70,147,
2e-07,45,9,159,
3e-07,12,15,155,
1.2e-06,7,146,161,
2e-07,36,5,146,
1e-06,35,124,145,
8e-07,41,93,148,
6e-07,95,70,155,
1.2e-06,26,154,164,
6e-07,23,70,163,
1.2e-06,23,152,163,
2e-07,14,20,167,
1.1e-06,12,151,168,
4e-07,1,30,169,
4e-07,30,36,168,
2e-07,40,11,152,
8e-07,23,88,158,
8e-07,23,97,172,
2e-07,28,11,179,
1.2e-06,13,135,180,
2e-07,28,10,180,
3e-07,38,18,183,
4e-07,22,46,183,
7e-07,30,64,186,
7e-07,17,72,181,
4e-07,4,43,181,
1.6e-06,5,149,180,
3e-07,38,22,191,
8e-07,3,92,183,
1.1e-06,26,138,176,
1.2e-06,37,168,176,
6e-07,30,81,174,
2e-07,2,15,191,
1.3e-06,15,168,191,
9e-07,6,109,190,
2e-07,40,11,192,
1.1e-06,12,147,195,
1e-07,25,9,200,
1.1e-06,30,118,210,
4e-07,28,35,209,
4e-07,28,36,212,
3e-07,34,20,214,
8e-07,17,91,211,
1.2e-06,7,148,212,
1.1e-06,92,145,212,
1.42e-05,23,105,215,
1.4e-06,17,161,229,
1.5e-06,42,180,229,
1.4e-06,15,164,220,
7e-07,1,75,219,
6e-07,12,63,215,
3e-07,1,21,207,
1.7e-06,41,201,207,
1.1e-06,38,120,205,
1e-06,17,118,215,
1.3e-06,34,169,212,
4e-07,95,26,200,
9e-07,92,109,199,
9e-07,95,94,200,
1.6e-06,91,185,203,
1.5e-06,34,190,202,
2e-07,1,3,202,
1.4e-06,30,173,210,
1.4e-06,12,167,215,
2e-07,7,11,191,
1.2e-06,27,143,197,
1.2e-06,45,143,197,
1.1e-06,40,128,196,
9e-07,28,96,199,
1e-06,93,112,199,
8e-07,37,90,203,
2e-07,38,11,206,
1.3e-06,45,151,198,
1.3e-06,45,151,200,
1.6e-06,9,187,211,
1.6e-06,30,197,209,
1.1e-06,44,119,212,
5e-07,14,53,209,
3e-07,25,31,208,
5e-07,32,37,193,
1.2e-06,33,145,200,
1e-06,24,118,195,
1e-06,8,103,197,
1.4e-06,16,153,191,
1.7e-06,26,166,188,
7e-07,14,76,186,
1.5e-06,30,188,192,
6e-07,9,66,195,
1e-06,44,125,207,
3e-07,28,26,199,
1.6e-06,37,194,198,
1.5e-06,91,177,222,
3e-07,15,27,221,
1e-06,35,120,225,
1.8e-06,1,223,225,
1.2e-06,24,138,221,
1.4e-06,42,172,225,
1.7e-06,1,210,221,
3e-07,2,27,230,
1.4e-06,15,174,233,
1.7e-06,26,226,245,
6e-07,1,53,250,
5e-07,9,46,245,
1.8e-06,43,243,248,
7e-07,15,75,247,
4e-07,35,27,248,
1.3e-06,18,167,248,
8e-07,15,77,247,
1.2e-06,4,144,247,
1.4e-06,26,170,242,
1.9e-06,4,243,245,
1.4e-06,93,172,233,
1.4e-06,6,175,233,
1.7e-06,14,214,229,
6e-07,29,61,229,
1.7e-06,45,209,229,
7e-07,28,73,230,
1.7e-06,7,209,231,
1.7e-06,41,208,235,
9e-07,8,95,241,
6e-07,35,50,240,
1.2e-06,11,125,240,
1.2e-06,39,127,242,
7e-07,94,82,249,
1.6e-06,38,189,242,
8e-07,11,87,237,
1.3e-06,29,157,240,
6e-07,15,66,256,
9e-07,30,101,256,
1.1e-06,44,112,258,
1.4e-06,12,176,259,
7e-07,31,79,267,
7e-07,33,74,265,
1.8e-06,27,224,261,
1.8e-06,32,245,250,
1.6e-06,7,207,260,
6e-07,91,61,255,
1e-07,23,1,251,
1.1e-06,27,118,256,
1.9e-06,24,252,256,
9e-07,16,98,253,
3e-07,42,28,248,
1.3e-06,29,161,242,
1.5e-06,28,182,240,
5e-07,91,45,252,
2e-07,33,17,242,
3e-07,34,8,246,
5e-07,28,39,251,
4e-07,20,34,250,
1.2e-06,7,140,246,
2.3e-06,45,245,263,
2e-06,7,227,260,
1.6e-06,91,192,250,
5e-07,94,42,253,
1.8e-06,11,216,249,
3e-07,38,26,247,
1.3e-06,15,153,253,
7e-07,92,52,258,
1.5e-06,91,146,264,
8e-07,12,78,261,
1.9e-06,32,198,262,
1.7e-06,92,187,262,
1.5e-06,15,151,267,
1.7e-06,95,151,269,
3e-07,30,21,270,
1e-07,45,2,273,
4e-07,33,38,265,
1.8e-06,35,219,261,
6e-07,34,53,257,
4e-07,40,26,260,
2.1e-06,92,244,263,
2.1e-06,18,232,271,
1e-06,19,110,271,
1.6e-06,35,156,271,
1.9e-06,7,188,264,
1.9e-06,94,204,264,
1.7e-06,3,154,261,
9e-07,91,85,260,
7e-07,28,67,256,
1.9e-06,8,212,259,
1e-06,94,93,264,
1.8e-06,29,194,264,
1.6e-06,9,167,262,
2e-06,3,229,264,
6e-07,93,55,265,
1.5e-06,36,138,264,
8e-07,24,83,261,
7e-07,22,59,263,
4e-07,30,25,260,
5e-07,39,31,257,
6e-07,93,54,253,
6e-07,1,55,253,
1.8e-06,95,194,253,
1.8e-06,91,215,249,
9e-07,29,93,237,
1.9e-06,43,218,223,
8e-07,20,78,222,
8e-07,30,72,224,
5e-07,39,31,228,
1.4e-06,24,155,226,
1.7e-06,23,201,230,
1.6e-06,9,163,228,
4e-07,43,36,227,
7e-07,28,74,228,
1.8e-06,95,220,228,
1.6e-06,17,198,225,
1.7e-06,95,211,229,
2e-07,22,12,232,
1.5e-06,18,179,233,
1.1e-06,94,128,232,
1.8e-06,13,205,228,
6e-07,19,56,231,
8e-07,5,74,235,
8e-07,32,75,219,
1.7e-06,30,199,211,
6e-07,27,45,214,
1.7e-06,10,199,209,
6e-07,27,42,209,
4e-07,43,12,208,
2e-06,95,197,208,
1.6e-06,39,173,200,
1.8e-06,91,203,219,
1.7e-06,38,177,211,
4e-07,44,19,211,
1.8e-06,5,183,217,
3e-07,28,12,215,
1.6e-06,23,155,215,
7e-07,4,70,212,
2e-07,39,9,210,
1.6e-06,32,176,204,
1.7e-06,39,185,204,
9e-07,12,89,200,
1e-06,23,87,196,
1.5e-06,17,155,192,
9e-07,4,75,191,
2e-07,40,10,189,
4e-07,36,21,197,
8e-07,39,73,199,
1.2e-06,22,150,186,
1.2e-06,39,132,185,
7e-07,19,78,185,
5e-07,32,43,180,
5e-07,3,46,173,
6e-07,3,60,167,
4e-07,30,35,160,
9e-07,91,90,150,
1.2e-06,13,140,161,
1.1e-06,38,139,159,
7e-07,19,78,154,
6e-07,2,61,145,
1e-06,37,85,143,
6e-07,35,49,154,
8e-07,10,78,152,
4e-07,9,40,151,
3e-07,8,15,162,
8e-07,21,93,158,
3e-07,2,21,176,
7e-07,2,72,162,
9e-07,44,104,160,
1.1e-06,93,130,157,
7e-07,14,75,160,
4e-07,14,34,163,
4e-07,16,44,157,
4e-07,2,44,155,
2e-07,38,3,153,
1e-06,12,120,150,
1e-06,16,109,155,
2e-07,17,19,153,
5e-07,18,59,157,
1e-06,20,118,158,
4e-07,6,33,162,
1.2e-06,10,152,163,
4e-07,30,29,156,
9e-07,36,104,157,
1e-06,6,122,140,
3e-07,6,25,139,
9e-07,34,111,169,
3e-07,12,25,170,
8e-07,29,84,166,
9e-07,44,106,166,
4e-07,26,41,167,
9e-07,27,96,167,
4e-07,19,33,158,
1.1e-06,92,125,173,
4e-07,24,40,161,
2e-07,31,15,161,
7e-07,93,72,161,
1.4e-06,12,169,175,
6e-07,12,63,191,
8e-07,23,92,204,
1.1e-06,15,122,200,
1.1e-06,6,131,212,
6e-07,36,57,211,
9e-07,94,90,212,
2e-07,4,7,219,
4e-07,37,33,215,
7e-07,7,86,213,
1e-06,9,108,226,
3e-07,36,18,224,
3e-07,32,28,226,
8e-07,94,74,231,
1.1e-06,15,125,230,
1.2e-06,17,127,234,
6e-07,92,69,232,
1.4e-06,23,164,234,
3e-07,30,19,238,
1e-06,9,119,233,
5e-07,24,49,235,
1.5e-06,32,184,248,
1.4e-06,29,110,248,
1.8e-06,33,224,255,
1.3e-06,21,146,254,
1.2e-06,33,84,257,
1.8e-06,7,198,265,
6e-07,91,54,264,
1.1e-06,35,88,261,
2.1e-06,23,246,265,
1.1e-06,26,107,266,
2.1e-06,3,248,256,
5e-07,13,48,254,
7e-07,18,75,251,
2e-06,9,246,255,
6e-07,3,57,249,
8e-07,33,78,242,
5e-07,25,56,241,
6e-07,91,58,234,
6e-07,11,67,238,
6e-07,43,53,241,
5e-07,29,47,232,
1.2e-06,43,146,231,
8e-07,34,81,234,
5e-07,44,35,222,
2e-07,13,9,228,
1.6e-06,45,204,224,
5e-07,41,45,224,
1.1e-06,94,131,226,
1.2e-06,44,121,232,
1.5e-06,16,189,247,
4e-07,94,26,228,
1.3e-06,4,165,231,
1e-06,40,109,223,
2e-07,37,5,225,
5e-07,25,40,228,
1.1e-06,29,130,227,
1.5e-06,21,171,231,
1.7e-06,2,221,230,
2e-07,11,6,228,
6e-07,3,55,225,
7e-07,1,74,222,
1.6e-06,37,179,225,
1.6e-06,33,200,229,
1.1e-06,19,123,220,
6e-07,1,63,228,
9e-07,35,105,229,
2e-07,37,2,229,
1.2e-06,23,147,219,
1e-06,40,108,221,
7e-07,39,80,219,
4e-07,92,31,222,
5e-07,13,47,226,
1.2e-06,10,142,228,
4e-07,25,30,217,
7e-07,11,67,228,
3e-07,17,23,226,
1.4e-06,15,149,227,
1.7e-06,11,197,226,
2e-07,12,5,232,
9e-07,31,86,234,
1.6e-06,4,178,237,
1.1e-06,17,110,253,
5e-07,95,44,244,
3e-07,45,20,235,
5e-07,27,28,236,
6e-07,25,58,234,
1.6e-06,31,195,246,
1.5e-06,36,186,250,
1.3e-06,12,159,252,
1.5e-06,33,173,252,
1.4e-06,28,155,252,
1.3e-06,10,155,258,
8e-07,38,88,264,
5e-07,15,53,259,
1.8e-06,17,209,260,
1.4e-06,36,167,258,
1.2e-06,93,131,258,
1.4e-06,1,158,260,
1.8e-06,41,216,265,
1.4e-06,93,170,265,
2e-06,22,253,258,
8e-07,19,78,257,
6e-07,92,56,255,
1.3e-06,15,156,263,
1.8e-06,40,227,265,
7e-07,36,62,268,
1.4e-06,35,164,269,
6e-07,95,50,267,
1.3e-06,28,150,270,
2.1e-06,32,263,267,
1.3e-06,3,142,268,
1.4e-06,20,148,273,
1.9e-06,16,242,275,
8e-07,41,81,278,
9e-07,42,90,280,
9e-07,38,101,284,
9e-07,41,87,278,
1.7e-06,41,201,265,
2.1e-06,39,264,266,
1.8e-06,25,228,266,
1e-06,22,121,266,
3e-07,1,22,268,
1.1e-06,7,118,275,
5e-07,38,51,260,
1.1e-06,14,104,254,
2.5e-06,7,208,252,
7e-07,41,71,250,
2e-06,32,241,249,
4e-07,35,31,250,
5e-07,17,38,255,
6e-07,15,47,250,
1.2e-06,12,151,250,
1.3e-06,6,152,250,
1.1e-06,94,118,251,
1.8e-06,12,207,245,
1.8e-06,22,215,243,
1.3e-06,6,149,244,
1.5e-06,32,172,255,
3e-07,3,11,247,
1.2e-06,24,134,225,
1.8e-06,27,217,222,
1.5e-06,7,190,223,
6e-07,34,68,222,
1.6e-06,9,198,223,
2e-07,92,10,215,
4e-07,30,39,219,
1.2e-06,9,142,223,
1.6e-06,9,205,223,
1.2e-06,30,153,222,
1.8e-06,4,207,219,
5e-07,36,51,220,
1.3e-06,9,150,220,
1.1e-06,92,133,218,
1.7e-06,5,212,218,
8e-07,91,86,218,
1.1e-06,7,143,226,
1.1e-06,45,121,224,
7e-07,92,82,224,
1.4e-06,4,165,226,
1.4e-06,7,174,220,
9e-07,20,93,225,
4e-07,34,37,226,
1e-06,17,108,231,
1e-06,14,107,231,
6e-07,43,57,220,
4e-07,94,36,223,
6e-07,19,58,221,
1.2e-06,45,138,219,
4e-07,42,23,221,
6e-07,25,60,221,
9e-07,14,98,224,
1.4e-06,14,98,226,
1.1e-06,43,118,226,
8e-07,17,93,226,
8e-07,39,94,215,
1.7e-06,44,201,219,
1e-07,37,0,222,
1.7e-06,34,211,220,
9e-07,14,96,223,
1.6e-06,33,197,222,
1.3e-06,40,159,225,
1.7e-06,31,210,223,
1.3e-06,28,145,224,
1.8e-06,34,211,227,
5e-07,41,37,227,
1.4e-06,16,148,224,
7e-07,29,69,232,
1.5e-06,26,180,212,
3e-07,14,19,209,
3e-07,36,16,207,
1e-06,29,109,201,
1.4e-06,9,155,202,
1.1e-06,32,123,210,
4e-07,32,37,211,
4e-07,20,42,204,
8e-07,95,78,196,
1.1e-06,10,121,199,
9e-07,13,102,200,
7e-07,22,73,198,
3e-07,18,30,195,
1.5e-06,44,177,194,
1.2e-06,28,143,194,
1.2e-06,5,135,194,
1.4e-06,15,158,201,
1.6e-06,8,199,207,
2e-07,2,4,219,
9e-07,24,97,211,
3e-07,44,22,205,
1.5e-06,11,174,205,
1.6e-06,20,156,208,
1.3e-06,93,155,219,
7e-07,44,67,218,
3e-07,18,24,213,
1.4e-06,41,165,219,
1.2e-06,24,149,224,
6e-07,92,52,232,
3e-07,2,17,235,
6e-07,43,65,230,
9e-06,18,194,228,
1.3e-06,24,164,222,
1.4e-06,24,158,215,
3e-07,17,29,209,
1.2e-06,35,154,206,
1.2e-06,26,147,212,
1e-07,17,5,213,
4e-07,33,40,213,
1.7e-06,38,208,212,
1.2e-06,15,141,212,
5e-07,16,54,212,
1.9e-06,34,224,226,
5e-07,3,37,231,
1.3e-06,16,145,239,
1.2e-06,7,143,235,
1.7e-06,91,223,235,
5e-07,43,46,232,
1.4e-06,43,174,225,
5e-07,29,52,223,
1.1e-06,45,123,215,
1.5e-06,45,177,217,
1e-06,33,109,210,
6e-07,94,60,238,
2e-07,33,15,248,
5e-07,24,48,246,
1.1e-06,24,121,248,
5e-07,32,52,245,
1.7e-06,14,232,242,
1.7e-06,14,230,241,
3e-07,28,30,237,
2e-07,33,10,239,
1.7e-06,33,211,240,
9e-07,24,105,237,
5e-07,4,44,240,
3e-07,3,12,245,
2e-07,3,9,243,
1.6e-06,20,202,243,
1.3e-06,38,153,242,
1.1e-06,95,127,239,
4e-07,4,34,238,
1.4e-06,31,173,236,
4e-07,24,35,233,
1.5e-06,92,184,232,
1.6e-06,20,196,234,
6e-07,36,54,231,
3e-07,13,14,229,
8e-07,15,77,230,
1.6e-06,13,174,230,
1.4e-06,91,163,232,
8e-07,94,84,233,
1.3e-06,12,150,225,
1.4e-06,28,155,226,
4e-07,6,27,210,
1.6e-06,18,196,206,
7e-07,25,74,206,
1.1e-06,94,111,186,
6e-07,4,55,186,
1.3e-06,35,128,186,
1e-07,10,2,185,
7e-07,28,64,191,
9e-07,14,100,193,
9e-07,10,90,192,
1.3e-06,11,150,187,
1.4e-06,15,160,181,
7e-07,23,71,183,
9e-07,29,90,182,
4e-07,3,36,181,
1.3e-06,95,141,176,
2e-07,1,3,168,
6e-07,2,55,166,
3e-07,95,16,167,
1.5e-06,6,159,164,
5e-07,5,39,164,
4e-07,27,42,149,
1.1e-06,18,116,146,
9e-07,14,101,140,
8e-07,34,71,143,
1e-06,21,123,139,
8e-07,6,85,144,
3e-07,10,21,145,
1.1e-06,25,132,146,
5e-07,34,35,145,
1.1e-06,45,137,143,
9e-07,7,86,145,
1.1e-06,17,127,142,
6e-07,42,57,143,
1e-06,4,118,142,
3e-07,38,18,142,
7e-07,26,69,133,
9e-07,38,109,132,
3e-07,5,22,133,
4e-07,43,44,137,
6e-07,43,65,134,
9e-07,2,101,137,
4e-07,24,32,136,
3e-07,7,28,142,
1e-06,38,116,142,
1e-06,35,124,146,
8e-07,33,100,147,
5e-07,24,47,153,
1.1e-06,14,133,149,
9e-07,40,105,153,
3e-07,5,33,157,
2e-07,41,5,157,
1.1e-06,12,131,149,
2e-07,3,9,157,
3e-07,9,26,148,
7e-07,16,61,148,
5e-07,93,52,136,
2e-07,38,8,136,
1e-06,35,114,128,
1e-06,35,111,124,
8e-07,18,90,117,
2e-07,31,10,117,
5e-07,95,49,117,
1e-06,28,107,122,
7e-07,26,79,127,
1e-06,40,118,134,
4e-07,24,37,127,
4e-07,1,45,114,
8e-07,45,82,106,
6e-07,35,63,105,
2e-07,31,10,107,
7e-07,43,75,110,
7e-07,5,82,111,
5e-07,11,40,100,
2e-07,2,18,99,
5e-07,34,45,106,
1e-07,22,6,101,
8e-07,20,93,104,
3e-07,92,14,96,
7e-07,1,74,104,
8e-07,12,76,103,
8e-07,95,68,104,
4e-07,29,31,110,
2e-07,12,1,95,
6e-07,43,67,107,
6e-07,12,70,96,
4e-07,91,44,85,
4e-07,30,32,86,
4e-07,8,27,89,
7e-07,9,88,93,
3e-07,28,23,92,
4e-07,5,34,100,
2e-07,27,13,105,
5e-07,45,56,105,
3e-07,14,20,103,
5e-07,18,62,104,
7e-07,8,63,102,
9e-07,29,94,112,
6e-07,45,61,112,
7e-07,24,70,125,
2e-07,43,11,126,
4e-07,10,33,127,
6e-07,14,63,132,
4e-07,41,34,139,
6e-07,44,75,140,
7e-07,18,85,147,
1.2e-06,8,138,145,
8e-07,45,93,152,
8e-07,45,85,136,
6e-07,26,63,132,
1e-06,7,111,133,
8e-07,26,97,125,
8e-07,33,90,123,
5e-07,8,55,105,
8e-07,45,82,97,
7e-07,33,67,96,
6e-07,26,60,111,
8e-07,21,91,111,
8e-07,21,94,112,
1e-07,21,3,101,
9e-07,32,96,103,
2e-07,32,19,93,
7e-07,33,59,110,
5e-07,41,52,110,
8e-07,15,91,108,
7e-07,35,74,106,
4e-07,45,29,100,
2e-07,40,10,101,
5e-07,11,58,111,
7e-07,6,72,109,
4e-07,40,46,106,
7e-07,38,86,106,
4e-07,40,29,68,
6e-07,1,56,82,
3e-07,10,17,81,
5e-07,26,37,78,
5e-07,6,60,78,
2e-07,94,11,72,
2e-07,35,19,72,
3e-07,22,17,73,
5e-07,25,54,73,
6e-07,2,61,69,
2e-07,19,19,51,
2e-07,35,13,54,
4e-07,12,41,55,
5e-07,28,54,56,
2e-07,31,20,55,
3e-07,92,22,58,
5e-07,18,48,53,
4e-07,19,44,59,
2e-07,45,5,57,
2e-07,24,22,49,
1.6e-06,1,23,39,
4e-07,29,18,39,
3e-07,24,18,38,
2e-07,35,6,38,
1e-07,95,1,35,
3e-07,18,16,23,
2e-07,39,14,17,
2e-07,15,6,21,
1e-07,24,2,27,
2e-07,20,4,22,
2e-07,22,8,18,
1e-07,15,5,34,
3e-07,38,16,38,
4e-07,17,31,39,
4e-07,42,37,39,
2e-07,5,22,34,
2e-07,5,19,31,
3e-07,8,28,33,
3e-07,5,22,27,
3e-07,26,26,28,
3e-07,21,23,32,
3e-07,38,25,38,
2e-07,5,8,41,
2e-07,17,9,43,
2e-07,1,18,47,
3e-07,14,31,49,
3e-07,24,33,50,
2e-07,29,11,48,
4e-07,27,36,39,
3e-07,19,24,43,
2e-07,26,11,44,
3e-07,43,33,45,
4e-07,15,32,52,
4e-07,26,42,45,
2e-07,40,18,48,
3e-07,41,30,41,
3e-07,30,19,46,
4e-07,32,43,45,
3e-07,21,36,46,
2e-07,19,21,45,
4e-07,26,43,46,
1e-07,22,5,44,
4e-07,23,36,62,
2e-07,24,12,63,
2e-07,24,15,66,
3e-07,9,18,74,
3e-07,14,22,75,
4e-07,33,45,76,
2e-07,36,15,74,
2e-07,18,17,78,
1e-07,42,0,69,
1e-07,35,1,64,
5e-07,14,58,60,
1e-07,22,2,60,
2e-07,36,9,60,
2e-07,34,22,65,
6e-07,22,70,75,
2e-07,38,15,76,
7e-07,16,71,77,
5e-07,9,58,78,
3e-07,19,24,74,
5e-07,43,60,64,
3e-07,32,15,61,
2e-07,35,16,64,
2e-07,3,2,59,
1e-07,5,0,55,
5e-07,43,44,58,
3e-07,7,33,65,
4e-07,31,44,55,
2e-07,8,6,54,
2e-07,9,16,57,
3e-07,33,34,53,
4e-07,92,46,54,
3e-07,36,21,55,
4e-07,29,31,56,
1e-07,20,2,56,
5e-07,32,43,55,
1e-07,35,2,54,
2e-07,93,17,64,
3e-07,26,25,64,
3e-07,19,31,53,
4e-07,19,32,57,
3e-07,37,29,58,
4e-07,6,41,57,
3e-07,14,29,57,
4e-07,15,33,42,
1e-07,11,3,30,
3e-07,40,24,30,
2e-07,18,12,27,
2e-07,39,12,21,
2e-07,17,9,26,
1e-07,24,0,3,
1e-07,43,3,7,
2e-07,43,4,7,
1e-07,26,1,11,
2e-07,19,9,11,
1e-07,95,2,7,
1e-07,21,3,12,
2e-07,3,10,14,
2e-07,23,7,17,
1e-07,6,1,10,
1e-07,27,0,4,
2e-07,25,3,5,
1e-07,18,2,5,
1e-07,33,1,5,
1e-07,32,1,7,
1e-07,35,5,7,
1e-07,43,2,8,
2e-07,19,5,11,
1e-07,30,3,6,
1e-07,9,6,11,
1e-07,4,5,10,
1e-07,22,1,9,
2e-07,10,9,11,
1e-07,37,1,15,
1e-07,28,0,2,
1e-07,28,0,2,
1e-07,2,1,4,
1e-07,37,1,6,
2e-07,45,10,22,
2e-07,93,1,13,
1e-07,95,2,4,
2e-07,10,2,5,
2e-07,45,3,5,
1e-07,24,2,5,
2e-07,20,0,6,
1e-07,19,2,6,
1e-07,21,0,6,
1e-07,16,1,6,
1e-07,13,0,2,
1e-07,18,0,1,
2e-07,33,7,11,
1e-07,4,1,14,
1e-07,43,7,10,
1e-07,22,2,8,
2e-07,27,4,11,
1e-07,24,1,12,
2e-07,25,8,12,
1e-07,23,0,8,
1e-07,21,8,14,
1e-07,38,7,12,
1e-07,2,2,5,
1e-07,21,2,4,
2e-07,10,10,13,
2e-07,27,6,11,
1e-07,14,1,9,
1e-07,10,1,12,
2e-07,5,6,31,
3e-07,9,20,30,
2e-07,21,9,30,
3e-07,14,17,23,
1e-07,94,2,8,
1e-07,3,4,11,
1e-07,31,4,18,
1e-07,10,0,2,
1e-07,38,0,2,
2e-07,34,2,8,
1e-07,18,2,4,
1e-07,25,2,4,
2e-07,44,0,2,
1e-07,44,0,2,
2e-07,91,0,2,
2e-07,91,0,2,
1e-07,37,9,17,
2e-07,6,2,6,
2e-07,37,6,8,
1e-07,30,1,11,
1e-07,1,0,10,
1e-07,39,0,2,
1e-07,20,0,2,
1e-07,39,0,2,
1e-07,16,0,6,
4e-07,45,1,3,
2e-07,10,0,2,
2e-07,43,1,3,
1e-07,38,1,3,
1e-07,26,2,4,
1e-07,18,0,3,
1e-07,21,4,6,
1e-07,21,8,10,
2e-07,24,3,8,
2e-07,2,5,7,
1e-07,24,4,7,
1e-07,32,4,10,
2e-07,42,1,12,
1e-07,8,4,8,
2e-07,9,3,8,
3e-07,19,13,17,
2e-07,34,11,30,
2e-07,2,9,18,
2e-07,3,11,17,
2e-07,37,10,12,
2e-07,43,1,12,
1e-07,25,0,5,
2e-07,3,10,12,
3e-07,22,11,16,
2e-07,11,3,21,
3e-07,24,21,25,
1e-07,25,0,12,
3e-07,92,12,14,
2e-07,11,1,9,
2e-07,93,6,17,
3e-07,10,31,36,
2e-07,11,2,34,
3e-07,92,31,44,
2e-07,14,12,44,
4e-07,14,34,43,
2e-07,17,9,48,
2e-07,11,13,44,
6e-07,14,42,44,
2e-07,36,13,44,
3e-07,11,15,48,
1e-07,35,8,44,
4e-07,13,36,45,
3e-07,38,31,48,
3e-07,24,21,48,
4e-07,37,27,46,
3e-07,25,28,48,
3e-07,94,23,48,
3e-07,94,32,49,
3e-07,35,26,51,
2e-07,38,8,52,
3e-07,43,30,48,
3e-07,35,24,50,
1e-07,21,4,60,
2e-07,94,9,60,
1e-07,17,3,61,
4e-07,17,30,62,
4e-07,29,41,50,
3e-07,41,38,50,
1e-07,13,6,54,
4e-07,19,33,55,
5e-07,34,46,50,
4e-07,18,35,52,
5e-07,29,43,51,
1e-07,27,3,43,
2e-07,8,18,39,
3e-07,42,24,37,
1e-07,7,4,37,
2e-07,34,9,41,
2e-07,12,7,43,
3e-07,4,26,60,
1e-07,41,5,58,
3e-07,2,20,52,
1e-07,38,0,50,
3e-07,35,19,59,
3e-07,13,23,52,
1e-07,45,2,43,
3e-07,5,29,44,
2e-07,4,14,37,
2e-07,44,18,39,
3e-07,3,29,52,
2e-07,44,17,52,
4e-07,8,44,53,
5e-07,25,45,52,
2e-07,28,8,51,
5e-07,43,50,52,
2e-07,22,14,53,
2e-07,22,13,43,
2e-07,10,6,38,
1e-07,33,0,36,
3e-07,13,32,40,
4e-07,39,36,41,
2e-07,35,17,23,
2e-07,92,18,24,
2e-07,16,1,3,
2e-07,25,2,4,
2e-07,20,1,3,
2e-07,44,0,5,
2e-07,35,6,9,
4e-07,24,3,10,
1e-07,31,7,10,
3e-07,43,1,5,
1e-07,43,1,5,
2e-07,27,0,13,
2e-07,36,9,14,
2e-07,2,8,15,
3e-07,94,12,30,
2e-07,31,7,14,
2e-07,94,2,12,
1e-07,2,0,7,
2e-07,10,3,5,
2e-07,11,6,8,
2e-07,20,9,11,
2e-07,20,1,12,
1e-07,91,1,24,
2e-07,45,20,27,
2e-07,28,21,25,
2e-07,41,10,20,
2e-07,34,10,20,
2e-07,26,12,18,
2e-07,95,14,19,
1e-07,2,3,17,
2e-07,15,5,18,
2e-07,37,10,19,
2e-07,26,17,19,
1e-07,5,2,10,
2e-07,20,8,13,
1e-07,41,5,9,
1e-07,4,8,13,
1e-07,23,10,13,
2e-07,94,14,17,
2e-07,13,10,20,
1e-07,17,2,20,
2e-07,34,11,21,
2e-07,93,9,21,
2e-07,19,10,26,
2e-07,2,14,23,
2e-07,41,6,19,
1e-07,7,0,23,
2e-07,39,9,27,
1e-07,31,10,32,
1e-07,13,7,32,
2e-07,31,11,28,
1e-07,25,2,27,
2e-07,93,14,25,
1e-07,39,5,27,
2e-07,93,15,25,
2e-07,45,14,27,
2e-07,38,4,30,
3e-07,13,31,39,
2e-07,11,17,40,
3e-07,19,36,41,
3e-07,29,24,27,
1e-07,31,0,30,
2e-07,37,17,31,
2e-07,29,12,45,
4e-07,36,39,47,
1e-07,15,9,52,
1e-07,16,8,60,
4e-07,23,35,65,
3e-07,11,22,59,
4e-07,42,38,55,
2e-07,2,6,55,
3e-07,12,15,57,
2e-07,19,19,54,
2e-07,1,18,57,
2e-07,95,4,61,
1e-07,1,0,55,
2e-07,8,23,58,
4e-07,12,48,67,
4e-07,6,45,67,
4e-07,45,32,57,
4e-07,13,40,55,
3e-07,8,21,60,
3e-07,29,17,58,
5e-07,22,54,60,
3e-07,28,31,58,
2e-07,1,3,59,
5e-07,45,56,62,
2e-07,1,19,60,
2e-07,11,11,64,
2e-07,6,12,86,
7e-07,24,81,97,
5e-07,42,48,102,
8e-07,9,97,101,
3e-07,95,21,97,
5e-07,17,45,91,
1e-07,19,3,88,
1e-07,16,4,84,
1e-07,23,3,86,
5e-07,94,50,89,
6e-07,95,70,86,
5e-07,41,53,74,
5e-07,4,39,75,
4e-07,20,49,70,
4e-07,4,50,64,
5e-07,42,59,62,
5e-07,14,51,74,
5e-07,34,55,71,
2e-07,94,13,69,
3e-07,23,22,65,
2e-07,42,15,62,
3e-07,4,27,61,
6e-07,95,51,60,
2e-07,28,6,58,
3e-07,93,18,53,
1e-07,29,10,48,
1e-07,5,1,50,
4e-07,14,37,46,
3e-07,4,26,46,
3e-07,32,29,50,
2e-07,16,1,42,
3e-07,95,22,44,
3e-07,3,15,46,
3e-07,95,29,48,
2e-07,44,9,50,
2e-07,5,5,51,
4e-07,11,47,50,
3e-07,93,21,45,
2e-07,21,23,45,
3e-07,91,28,46,
2e-07,5,6,55,
2e-07,3,15,57,
3e-07,92,32,52,
3e-07,26,24,48,
2e-07,94,8,46,
2e-07,3,13,42,
2e-07,24,15,33,
2e-07,3,7,27,
2e-07,21,12,23,
3e-07,37,20,23,
3e-07,37,18,24,
2e-07,13,10,19,
2e-07,3,5,19,
3e-07,31,25,30,
3e-07,42,26,28,
3e-07,27,23,26,
2e-07,30,18,22,
2e-07,11,14,20,
2e-07,11,4,24,
2e-07,35,14,23,
1e-07,18,5,22,
3e-07,35,24,29,
2e-07,25,12,32,
4e-07,15,25,37,
2e-07,31,3,32,
1e-07,7,3,30,
1e-07,93,5,23,
3e-07,14,31,35,
2e-07,92,12,36,
2e-07,40,1,39,
3e-07,10,23,34,
2e-07,43,8,26,
3e-07,35,20,31,
3e-07,34,29,32,
3e-07,42,31,38,
3e-07,9,25,36,
3e-07,32,21,34,
1e-07,35,0,37,
3e-07,37,25,39,
1e-07,17,1,32,
2e-07,26,13,33,
2e-07,23,17,40,
2e-07,19,13,15,
2e-07,5,14,16,
2e-07,28,5,19,
1e-07,18,2,27,
1e-07,27,6,16,
2e-07,30,5,21,
2e-07,93,10,23,
2e-07,2,10,19,
2e-07,10,0,19,
2e-07,29,9,15,
1e-07,34,0,20,
1e-07,29,7,14,
2e-07,44,3,13,
1e-07,18,3,9,
2e-07,2,11,16,
2e-07,30,5,14,
1e-07,7,5,15,
2e-07,9,7,12,
2e-07,8,8,10,
2e-07,26,9,22,
1e-07,32,6,24,
2e-07,1,13,18,
2e-07,38,9,17,
1e-07,93,6,12,
2e-07,93,10,14,
3e-07,30,24,28,
3e-07,35,19,28,
2e-07,23,13,28,
4e-07,30,27,42,
2e-07,23,10,37,
4e-07,17,32,40,
4e-07,2,36,56,
4e-07,42,29,58,
3e-07,21,29,63,
5e-07,43,54,64,
3e-07,93,22,63,
5e-07,37,54,63,
3e-07,3,30,61,
5e-07,6,51,64,
4e-07,13,52,61,
3e-07,10,18,53,
4e-07,26,37,48,
4e-07,2,30,41,
1e-07,35,0,37,
2e-07,10,11,36,
1e-07,40,5,36,
3e-07,91,14,39,
4e-07,2,29,39,
4e-07,12,33,45,
3e-07,91,27,47,
2e-07,9,14,49,
3e-07,39,23,51,
4e-07,43,41,50,
4e-07,4,46,49,
2e-07,25,11,42,
3e-07,92,24,40,
2e-07,19,15,32,
2e-07,27,1,28,
3e-07,95,30,34,
2e-07,17,6,32,
3e-07,2,32,36,
2e-07,4,3,37,
2e-07,20,8,30,
2e-07,93,5,28,
2e-07,17,18,29,
3e-07,23,31,33,
2e-07,93,7,34,
1e-07,35,0,33,
3e-07,2,20,30,
3e-07,15,25,35,
3e-07,43,30,41,
2e-07,3,8,41,
2e-07,95,6,40,
3e-07,31,30,34,
2e-07,43,26,33,
3e-07,13,30,33,
2e-07,34,10,33,
1e-07,37,3,33,
1e-07,32,8,29,
1e-07,3,10,24,
1e-07,34,1,24,
3e-07,93,12,24,
2e-07,4,11,24,
2e-07,7,12,23,
2e-07,29,15,21,
2e-07,29,12,15,
1e-07,22,0,3,
2e-07,34,1,7,
1e-07,23,5,9,
1e-07,7,0,8,
1e-07,32,5,12,
2e-07,29,2,21,
1e-07,19,0,20,
2e-07,4,15,21,
2e-07,4,15,25,
3e-07,14,26,31,
3e-07,93,20,33,
3e-07,10,18,42,
1e-07,5,0,51,
5e-07,1,46,57,
2e-07,37,14,59,
3e-07,94,23,59,
5e-07,36,43,57,
4e-07,34,37,61,
2e-07,19,12,52,
4e-07,10,44,50,
1e-07,43,1,52,
3e-07,35,17,51,
2e-07,20,5,48,
4e-07,10,42,50,
4e-07,41,46,55,
5e-07,1,53,62,
4e-07,28,37,62,
5e-07,36,61,66,
3e-07,20,15,67,
4e-07,10,51,68,
5e-07,39,60,73,
5e-07,1,61,73,
3e-07,29,26,82,
5e-07,28,50,83,
2e-07,31,1,82,
7e-07,8,80,86,
4e-07,37,48,87,
7e-07,35,74,86,
1e-07,11,1,84,
7e-07,3,80,87,
3e-07,45,21,88,
3e-07,18,21,93,
8e-07,19,95,97,
2e-07,34,19,102,
8e-07,36,96,102,
6e-07,92,72,104,
7e-07,12,81,106,
7e-07,14,86,105,
9e-07,44,103,108,
5e-07,2,50,114,
5e-07,37,61,101,
3e-07,16,23,111,
7e-07,92,81,120,
5e-07,12,39,112,
8e-07,29,83,105,
2e-07,34,18,103,
3e-07,19,25,118,
7e-07,23,91,113,
8e-07,29,96,115,
8e-07,23,98,120,
8e-07,93,95,119,
3e-07,8,19,119,
6e-07,28,75,126,
4e-07,2,44,122,
7e-07,91,81,120,
9e-07,30,115,122,
2e-07,12,8,125,
3e-07,45,31,125,
3e-07,45,26,134,
1e-07,10,3,133,
6e-07,25,68,134,
9e-07,9,111,134,
8e-07,12,109,122,
8e-07,24,87,120,
4e-07,40,39,118,
7e-07,42,73,113,
2e-07,29,17,116,
4e-07,22,44,122,
3e-07,45,21,122,
6e-07,19,72,127,
7e-07,19,69,116,
7e-07,45,90,113,
4e-07,34,43,111,
9e-07,14,103,107,
6e-07,92,65,104,
6e-07,23,69,103,
6e-07,92,64,103,
7e-07,4,80,100,
6e-07,3,74,100,
8e-07,18,92,109,
2e-07,19,17,107,
3e-07,36,26,106,
4e-07,16,32,119,
5e-07,6,60,119,
4e-07,10,40,117,
8e-07,31,104,112,
6e-07,34,67,108,
6e-07,34,71,110,
5e-07,35,55,102,
1e-07,25,0,107,
5e-07,35,44,125,
8e-07,17,94,137,
4e-07,40,34,137,
2e-07,3,1,138,
2e-07,33,2,138,
1.1e-06,27,135,144,
8e-07,35,82,145,
6e-07,4,54,150,
1e-06,1,129,150,
6e-07,33,55,151,
2e-07,92,5,149,
8e-07,27,90,147,
7e-07,6,67,157,
6e-07,14,49,164,
8e-07,92,81,154,
5e-07,36,47,154,
1e-06,3,118,145,
8e-07,1,71,149,
2e-07,40,15,151,
1e-07,4,0,150,
1.2e-06,1,134,151,
1.2e-06,39,139,144,
9e-07,5,107,139,
2e-07,92,4,141,
4e-07,17,39,139,
7e-07,93,78,140,
9e-07,19,102,137,
8e-07,43,90,139,
7e-07,43,75,141,
1.1e-06,95,126,138,
1e-06,17,119,133,
1.1e-06,45,126,132,
6e-07,1,67,131,
6e-07,27,55,149,
7e-07,92,75,153,
6e-07,4,56,144,
5e-07,44,43,143,
1.3e-06,8,141,145,
1.2e-06,30,135,141,
1e-06,26,100,139,
8e-07,25,81,139,
1.1e-06,39,110,140,
1.1e-06,34,129,139,
8e-07,40,80,135,
4e-07,1,38,135,
9e-07,25,121,136,
2e-07,17,22,128,
3e-07,11,21,122,
3e-07,29,17,121,
9e-07,93,101,125,
3e-07,39,28,126,
3e-07,28,31,136,
3e-07,24,20,137,
8e-07,91,105,139,
2e-07,18,18,128,
4e-07,95,35,121,
6e-07,92,62,120,
7.17e-05,42,12,130,
3e-07,19,14,143,
5e-07,29,42,148,
8e-07,3,85,147,
9e-07,91,92,151,
1.1e-06,10,135,157,
1e-06,23,102,132,
5e-07,95,57,137,
4e-07,37,31,138,
8e-07,8,85,139,
3e-07,43,17,136,
3e-07,92,29,139,
6e-07,17,60,146,
8e-07,39,78,150,
5e-07,3,47,142,
1e-06,7,123,134,
7e-07,39,69,135,
4e-07,11,34,131,
7e-07,41,87,117,
8e-07,37,100,117,
9e-07,15,110,114,
4e-07,17,37,114,
8e-07,31,88,117,
9e-07,41,116,124,
9e-07,38,106,125,
8e-07,24,89,125,
9e-07,3,110,135,
6e-07,35,49,135,
6e-07,31,65,131,
2e-07,38,8,125,
5e-07,9,41,127,
4e-07,27,38,127,
3e-07,17,23,128,
1e-06,3,119,124,
2e-07,23,20,127,
7e-07,13,84,129,
1e-06,30,125,129,
7e-07,44,81,125,
2e-07,92,15,114,
2e-07,42,7,120,
6e-07,30,68,114,
4e-07,44,28,115,
7e-07,35,81,113,
9e-07,24,101,113,
9e-07,92,107,113,
8e-07,20,96,114,
5e-07,15,39,109,
1e-07,21,1,119,
4e-07,32,34,104,
5e-07,41,42,101,
4e-07,93,38,93,
4e-07,14,31,93,
3e-07,29,9,98,
5e-07,21,42,98,
2e-07,14,22,95,
3e-07,45,18,105,
5e-07,37,49,106,
8e-07,40,93,99,
5e-07,20,59,95,
4e-07,23,46,99,
4e-07,41,44,85,
4e-07,32,46,84,
6e-07,6,74,86,
5e-07,8,49,91,
2e-07,35,7,95,
6e-07,16,67,96,
2e-07,92,10,108,
1e-07,18,0,117,
1e-06,5,98,103,
7e-07,31,91,100,
2e-07,21,21,102,
1.1e-06,31,72,91,
6e-07,3,73,92,
7e-07,93,66,116,
3e-07,1,26,120,
6e-07,93,65,122,
1e-06,41,127,131,
5e-07,18,56,129,
5e-07,28,55,125,
6e-07,35,73,123,
3e-07,1,20,138,
3e-07,13,26,138,
4e-07,2,38,140,
9e-07,31,113,135,
6e-07,1,68,130,
2e-07,40,1,126,
8e-07,35,83,129,
8e-07,95,95,103,
6e-07,40,64,104,
5e-07,31,57,111,
8e-07,15,91,104,
5e-07,28,52,105,
4e-07,39,44,102,
5e-07,28,50,105,
5e-07,28,51,106,
2e-07,23,24,105,
5e-07,95,57,104,
2e-07,94,24,104,
9e-07,31,103,105,
4e-07,23,34,116,
6e-07,36,59,111,
4e-07,39,40,103,
2e-07,36,18,104,
3e-07,23,29,101,
4e-07,23,33,105,
5e-07,3,68,101,
4e-07,95,35,98,
2e-07,38,3,98,
5e-07,38,66,99,
8e-07,1,83,93,
2e-07,34,1,67,
4e-07,14,43,66,
4e-07,93,38,61,
5e-07,3,55,59,
3e-07,35,20,58,
2e-07,36,15,59,
4e-07,28,39,63,
2e-07,24,9,64,
2e-07,8,14,70,
2e-07,30,21,69,
3e-07,44,36,66,
5e-07,10,55,66,
5e-07,95,46,67,
6e-07,35,70,72,
4e-07,43,32,75,
5e-07,16,57,67,
3e-07,29,23,65,
4e-07,27,38,67,
5e-07,10,56,70,
4e-07,36,49,72,
3e-07,95,28,73,
7e-07,2,70,80,
6e-07,35,62,80,
2e-07,28,8,81,
4e-07,38,39,93,
5e-07,31,43,91,
2e-07,95,13,89,
4e-07,95,39,90,
5e-07,95,46,93,
6e-07,27,58,99,
6e-07,39,66,106,
4e-07,24,41,99,
3e-07,11,25,96,
5e-07,2,53,93,
5e-07,26,61,93,
2e-07,30,14,92,
6e-07,30,79,93,
3e-07,20,22,92,
8e-07,44,95,97,
2e-07,92,15,96,
4e-07,21,35,95,
2e-07,12,6,93,
5e-07,3,49,94,
7e-07,6,91,99,
6e-07,24,76,98,
1e-07,31,6,98,
2e-07,8,8,98,
3e-07,95,29,98,
4e-07,95,46,99,
6e-07,26,66,103,
9e-07,29,103,110,
1e-07,44,3,102,
7e-07,33,86,107,
3e-07,21,20,98,
4e-07,28,47,101,
3e-07,95,25,103,
5e-07,19,40,108,
5e-07,40,50,110,
4e-07,26,38,119,
5e-07,27,53,119,
7e-07,29,88,122,
5e-07,2,58,128,
9e-07,16,111,131,
9e-07,30,120,126,
5e-07,2,53,121,
7e-07,13,84,115,
2e-07,39,13,117,
1e-06,1,143,147,
1.1e-06,39,139,160,
1.3e-06,10,172,177,
7e-07,43,72,177,
4e-07,13,37,177,
1.1e-06,16,141,177,
6e-07,30,67,177,
6e-07,28,61,177,
1e-07,5,0,177,
3e-07,38,12,177,
3e-07,40,28,177,
5e-07,37,42,177,
9e-07,26,118,177,
1.2e-06,23,153,177,
8e-07,8,87,177,
6e-07,35,57,177,
1.1e-06,40,140,177,
1e-06,94,121,177,
6e-07,27,73,177,
6e-07,4,68,177,
9e-07,33,109,177,
1.2e-06,44,156,177,
7e-07,30,76,177,
6e-07,25,45,177,
2e-07,8,16,177,
9e-07,94,96,177,
3e-07,8,34,177,
5e-07,34,51,177,
1.2e-06,19,152,177,
5e-07,31,50,177,
1.2e-06,19,152,177,
